mode,theme,component,id,role,variant,slot,route,surface,state,index,status,ratio,effectiveForeground,effectiveBackground,reason
baseline,light,semantic text,,primary,,text,/__functional-colors,default,idle,0,pass,5.878968459850046,"[121.999905, 59.99997, 226.000125, 1]","[255, 255, 255, 1]",
baseline,light,Badge,,primary,solid,base,/__functional-colors,default,idle,0,pass,5.878968459850046,"[255, 255, 255, 1]","[121.999905, 59.99997, 226.000125, 1]",
baseline,light,Alert,,primary,solid,title,/__functional-colors,default,idle,0,pass,5.878968459850046,"[255, 255, 255, 1]","[121.999905, 59.99997, 226.000125, 1]",
baseline,light,Alert,,primary,solid,description,/__functional-colors,default,idle,0,pass,5.070593355903083,"[241.69999049999998, 235.499997, 252.1000125, 1]","[121.999905, 59.99997, 226.000125, 1]",
baseline,light,Badge,,primary,outline,base,/__functional-colors,default,idle,0,pass,5.878968459850046,"[121.999905, 59.99997, 226.000125, 1]","[255, 255, 255, 1]",
baseline,light,Alert,,primary,outline,title,/__functional-colors,default,idle,0,pass,5.878968459850046,"[121.999905, 59.99997, 226.000125, 1]","[255, 255, 255, 1]",
baseline,light,Alert,,primary,outline,description,/__functional-colors,default,idle,0,pass,4.885597504315898,"[135.2999145, 79.49997299999998, 228.9001125, 1]","[255, 255, 255, 1]",
baseline,light,Badge,,primary,soft,base,/__functional-colors,default,idle,0,pass,5.070592283791552,"[121.999905, 59.99997, 226.000125, 1]","[241.699965, 235.49997150000002, 252.1000125, 1]",
baseline,light,Alert,,primary,soft,title,/__functional-colors,default,idle,0,pass,5.070592283791552,"[121.999905, 59.99997, 226.000125, 1]","[241.699965, 235.49997150000002, 252.1000125, 1]",
baseline,light,Alert,,primary,soft,description,/__functional-colors,default,idle,0,fail,4.294836562595693,"[133.969911, 77.54997015, 228.61011374999998, 1]","[241.699965, 235.49997150000002, 252.1000125, 1]",
baseline,light,Badge,,primary,subtle,base,/__functional-colors,default,idle,0,pass,5.070592283791552,"[121.999905, 59.99997, 226.000125, 1]","[241.699965, 235.49997150000002, 252.1000125, 1]",
baseline,light,Alert,,primary,subtle,title,/__functional-colors,default,idle,0,pass,5.070592283791552,"[121.999905, 59.99997, 226.000125, 1]","[241.699965, 235.49997150000002, 252.1000125, 1]",
baseline,light,Alert,,primary,subtle,description,/__functional-colors,default,idle,0,fail,4.294836562595693,"[133.969911, 77.54997015, 228.61011374999998, 1]","[241.699965, 235.49997150000002, 252.1000125, 1]",
baseline,light,Button,,primary,solid,base/label,/__functional-colors,default,idle,0,pass,5.878968459850046,"[255, 255, 255, 1]","[121.999905, 59.99997, 226.000125, 1]",
baseline,light,Button,,primary,solid,base/label,/__functional-colors,default,hover,0,fail,3.6490308932088684,"[255, 255, 255, 1]","[155.2497375, 108.74978625, 233.25009375, 1]",
baseline,light,Button,,primary,solid,base/label,/__functional-colors,default,active+hover,0,fail,3.6490308932088684,"[255, 255, 255, 1]","[155.2497375, 108.74978625, 233.25009375, 1]",
baseline,light,Button,,primary,solid,base/label,/__functional-colors,default,keyboard-focus,0,pass,5.878968459850046,"[255, 255, 255, 1]","[121.999905, 59.99997, 226.000125, 1]",
baseline,light,Button,,primary,solid,base/label,/__functional-colors,default,keyboard-active+focus,0,fail,3.6490308932088684,"[255, 255, 255, 1]","[155.2497375, 108.74978625, 233.25009375, 1]",
baseline,light,Button,,primary,solid,base/label,/__functional-colors,default,focus+hover,0,fail,3.6490308932088684,"[255, 255, 255, 1]","[155.2497375, 108.74978625, 233.25009375, 1]",
baseline,light,Button,,primary,link,base/label,/__functional-colors,default,idle,0,pass,5.878968459850046,"[121.999905, 59.99997, 226.000125, 1]","[255, 255, 255, 1]",
baseline,light,Button,,primary,link,base/label,/__functional-colors,default,hover,0,fail,3.6490308932088684,"[155.2497375, 108.74978625, 233.25009375, 1]","[255, 255, 255, 1]",
baseline,light,Button,,primary,link,base/label,/__functional-colors,default,active+hover,0,fail,3.6490308932088684,"[155.2497375, 108.74978625, 233.25009375, 1]","[255, 255, 255, 1]",
baseline,light,Button,,primary,link,base/label,/__functional-colors,default,keyboard-focus,0,pass,5.878968459850046,"[121.999905, 59.99997, 226.000125, 1]","[255, 255, 255, 1]",
baseline,light,Button,,primary,link,base/label,/__functional-colors,default,keyboard-active+focus,0,fail,3.6490308932088684,"[155.2497375, 108.74978625, 233.25009375, 1]","[255, 255, 255, 1]",
baseline,light,Button,,primary,link,base/label,/__functional-colors,default,focus+hover,0,fail,3.6490308932088684,"[155.2497375, 108.74978625, 233.25009375, 1]","[255, 255, 255, 1]",
baseline,light,semantic text,,secondary,,text,/__functional-colors,default,idle,0,fail,3.072241707809382,"[17.999991, 165.000045, 147.99996000000002, 1]","[255, 255, 255, 1]",
baseline,light,Badge,,secondary,solid,base,/__functional-colors,default,idle,0,fail,3.072241707809382,"[255, 255, 255, 1]","[17.999991, 165.000045, 147.99996000000002, 1]",
baseline,light,Alert,,secondary,solid,title,/__functional-colors,default,idle,0,fail,3.072241707809382,"[255, 255, 255, 1]","[17.999991, 165.000045, 147.99996000000002, 1]",
baseline,light,Alert,,secondary,solid,description,/__functional-colors,default,idle,0,fail,2.7650268961885356,"[231.2999991, 246.0000045, 244.299996, 1]","[17.999991, 165.000045, 147.99996000000002, 1]",
baseline,light,Badge,,secondary,outline,base,/__functional-colors,default,idle,0,fail,3.072241707809382,"[17.999991, 165.000045, 147.99996000000002, 1]","[255, 255, 255, 1]",
baseline,light,Alert,,secondary,outline,title,/__functional-colors,default,idle,0,fail,3.072241707809382,"[17.999991, 165.000045, 147.99996000000002, 1]","[255, 255, 255, 1]",
baseline,light,Alert,,secondary,outline,description,/__functional-colors,default,idle,0,fail,2.7450366262770274,"[41.69999189999999, 174.0000405, 158.69996400000002, 1]","[255, 255, 255, 1]",
baseline,light,Badge,,secondary,soft,base,/__functional-colors,default,idle,0,fail,2.765026299210927,"[17.999991, 165.000045, 147.99996000000002, 1]","[231.2998767, 246.0000045, 244.299996, 1]",
baseline,light,Alert,,secondary,soft,title,/__functional-colors,default,idle,0,fail,2.765026299210927,"[17.999991, 165.000045, 147.99996000000002, 1]","[231.2998767, 246.0000045, 244.299996, 1]",
baseline,light,Alert,,secondary,soft,description,/__functional-colors,default,idle,0,fail,2.4987370635185138,"[39.32997956999999, 173.10004095, 157.62996360000002, 1]","[231.2998767, 246.0000045, 244.299996, 1]",
baseline,light,Badge,,secondary,subtle,base,/__functional-colors,default,idle,0,fail,2.765026299210927,"[17.999991, 165.000045, 147.99996000000002, 1]","[231.2998767, 246.0000045, 244.299996, 1]",
baseline,light,Alert,,secondary,subtle,title,/__functional-colors,default,idle,0,fail,2.765026299210927,"[17.999991, 165.000045, 147.99996000000002, 1]","[231.2998767, 246.0000045, 244.299996, 1]",
baseline,light,Alert,,secondary,subtle,description,/__functional-colors,default,idle,0,fail,2.4987370635185138,"[39.32997956999999, 173.10004095, 157.62996360000002, 1]","[231.2998767, 246.0000045, 244.299996, 1]",
baseline,light,Button,,secondary,solid,base/label,/__functional-colors,default,idle,0,fail,3.072241707809382,"[255, 255, 255, 1]","[17.999991, 165.000045, 147.99996000000002, 1]",
baseline,light,Button,,secondary,solid,base/label,/__functional-colors,default,hover,0,fail,2.3114170446016873,"[255, 255, 255, 1]","[77.24907525, 187.50003375, 174.74997000000002, 1]",
baseline,light,Button,,secondary,solid,base/label,/__functional-colors,default,active+hover,0,fail,2.3114170446016873,"[255, 255, 255, 1]","[77.24907525, 187.50003375, 174.74997000000002, 1]",
baseline,light,Button,,secondary,solid,base/label,/__functional-colors,default,keyboard-focus,0,fail,3.072241707809382,"[255, 255, 255, 1]","[17.999991, 165.000045, 147.99996000000002, 1]",
baseline,light,Button,,secondary,solid,base/label,/__functional-colors,default,keyboard-active+focus,0,fail,2.3114170446016873,"[255, 255, 255, 1]","[77.24907525, 187.50003375, 174.74997000000002, 1]",
baseline,light,Button,,secondary,solid,base/label,/__functional-colors,default,focus+hover,0,fail,2.3114170446016873,"[255, 255, 255, 1]","[77.24907525, 187.50003375, 174.74997000000002, 1]",
baseline,light,Button,,secondary,link,base/label,/__functional-colors,default,idle,0,fail,3.072241707809382,"[17.999991, 165.000045, 147.99996000000002, 1]","[255, 255, 255, 1]",
baseline,light,Button,,secondary,link,base/label,/__functional-colors,default,hover,0,fail,2.3114170446016873,"[77.24907525, 187.50003375, 174.74997000000002, 1]","[255, 255, 255, 1]",
baseline,light,Button,,secondary,link,base/label,/__functional-colors,default,active+hover,0,fail,2.3114170446016873,"[77.24907525, 187.50003375, 174.74997000000002, 1]","[255, 255, 255, 1]",
baseline,light,Button,,secondary,link,base/label,/__functional-colors,default,keyboard-focus,0,fail,3.072241707809382,"[17.999991, 165.000045, 147.99996000000002, 1]","[255, 255, 255, 1]",
baseline,light,Button,,secondary,link,base/label,/__functional-colors,default,keyboard-active+focus,0,fail,2.3114170446016873,"[77.24907525, 187.50003375, 174.74997000000002, 1]","[255, 255, 255, 1]",
baseline,light,Button,,secondary,link,base/label,/__functional-colors,default,focus+hover,0,fail,2.3114170446016873,"[77.24907525, 187.50003375, 174.74997000000002, 1]","[255, 255, 255, 1]",
baseline,light,semantic text,,success,,text,/__functional-colors,default,idle,0,fail,3.100673742889534,"[68.99994, 165.000045, 86.99987999999999, 1]","[255, 255, 255, 1]",
baseline,light,Badge,,success,solid,base,/__functional-colors,default,idle,0,fail,3.100673742889534,"[255, 255, 255, 1]","[68.99994, 165.000045, 86.99987999999999, 1]",
baseline,light,Alert,,success,solid,title,/__functional-colors,default,idle,0,fail,3.100673742889534,"[255, 255, 255, 1]","[68.99994, 165.000045, 86.99987999999999, 1]",
baseline,light,Alert,,success,solid,description,/__functional-colors,default,idle,0,fail,2.8053053514185198,"[236.399994, 246.0000045, 238.199988, 1]","[68.99994, 165.000045, 86.99987999999999, 1]",
baseline,light,Badge,,success,outline,base,/__functional-colors,default,idle,0,fail,3.100673742889534,"[68.99994, 165.000045, 86.99987999999999, 1]","[255, 255, 255, 1]",
baseline,light,Alert,,success,outline,title,/__functional-colors,default,idle,0,fail,3.100673742889534,"[68.99994, 165.000045, 86.99987999999999, 1]","[255, 255, 255, 1]",
baseline,light,Alert,,success,outline,description,/__functional-colors,default,idle,0,fail,2.7398854840028437,"[87.59994599999999, 174.0000405, 103.799892, 1]","[255, 255, 255, 1]",
baseline,light,Badge,,success,soft,base,/__functional-colors,default,idle,0,fail,2.8053050668193693,"[68.99994, 165.000045, 86.99987999999999, 1]","[236.4000195, 245.999979, 238.2000135, 1]",
baseline,light,Alert,,success,soft,title,/__functional-colors,default,idle,0,fail,2.8053050668193693,"[68.99994, 165.000045, 86.99987999999999, 1]","[236.4000195, 245.999979, 238.2000135, 1]",
baseline,light,Alert,,success,soft,description,/__functional-colors,default,idle,0,fail,2.5096277554253517,"[85.73994794999999, 173.1000384, 102.11989334999998, 1]","[236.4000195, 245.999979, 238.2000135, 1]",
baseline,light,Badge,,success,subtle,base,/__functional-colors,default,idle,0,fail,2.8053050668193693,"[68.99994, 165.000045, 86.99987999999999, 1]","[236.4000195, 245.999979, 238.2000135, 1]",
baseline,light,Alert,,success,subtle,title,/__functional-colors,default,idle,0,fail,2.8053050668193693,"[68.99994, 165.000045, 86.99987999999999, 1]","[236.4000195, 245.999979, 238.2000135, 1]",
baseline,light,Alert,,success,subtle,description,/__functional-colors,default,idle,0,fail,2.5096277554253517,"[85.73994794999999, 173.1000384, 102.11989334999998, 1]","[236.4000195, 245.999979, 238.2000135, 1]",
baseline,light,Button,,success,solid,base/label,/__functional-colors,default,idle,0,fail,3.100673742889534,"[255, 255, 255, 1]","[68.99994, 165.000045, 86.99987999999999, 1]",
baseline,light,Button,,success,solid,base/label,/__functional-colors,default,hover,0,fail,2.2817686421812193,"[255, 255, 255, 1]","[115.5003375, 187.4998425, 128.99991, 1]",
baseline,light,Button,,success,solid,base/label,/__functional-colors,default,active+hover,0,fail,2.2817686421812193,"[255, 255, 255, 1]","[115.5003375, 187.4998425, 128.99991, 1]",
baseline,light,Button,,success,solid,base/label,/__functional-colors,default,keyboard-focus,0,fail,3.100673742889534,"[255, 255, 255, 1]","[68.99994, 165.000045, 86.99987999999999, 1]",
baseline,light,Button,,success,solid,base/label,/__functional-colors,default,keyboard-active+focus,0,fail,2.2817686421812193,"[255, 255, 255, 1]","[115.5003375, 187.4998425, 128.99991, 1]",
baseline,light,Button,,success,solid,base/label,/__functional-colors,default,focus+hover,0,fail,2.2817686421812193,"[255, 255, 255, 1]","[115.5003375, 187.4998425, 128.99991, 1]",
baseline,light,Button,,success,link,base/label,/__functional-colors,default,idle,0,fail,3.100673742889534,"[68.99994, 165.000045, 86.99987999999999, 1]","[255, 255, 255, 1]",
baseline,light,Button,,success,link,base/label,/__functional-colors,default,hover,0,fail,2.2817686421812193,"[115.5003375, 187.4998425, 128.99991, 1]","[255, 255, 255, 1]",
baseline,light,Button,,success,link,base/label,/__functional-colors,default,active+hover,0,fail,2.2817686421812193,"[115.5003375, 187.4998425, 128.99991, 1]","[255, 255, 255, 1]",
baseline,light,Button,,success,link,base/label,/__functional-colors,default,keyboard-focus,0,fail,3.100673742889534,"[68.99994, 165.000045, 86.99987999999999, 1]","[255, 255, 255, 1]",
baseline,light,Button,,success,link,base/label,/__functional-colors,default,keyboard-active+focus,0,fail,2.2817686421812193,"[115.5003375, 187.4998425, 128.99991, 1]","[255, 255, 255, 1]",
baseline,light,Button,,success,link,base/label,/__functional-colors,default,focus+hover,0,fail,2.2817686421812193,"[115.5003375, 187.4998425, 128.99991, 1]","[255, 255, 255, 1]",
baseline,light,semantic text,,info,,text,/__functional-colors,default,idle,0,fail,4.444029662122568,"[0, 114.000045, 244.99992, 1]","[255, 255, 255, 1]",
baseline,light,Badge,,info,solid,base,/__functional-colors,default,idle,0,fail,4.444029662122568,"[255, 255, 255, 1]","[0, 114.000045, 244.99992, 1]",
baseline,light,Alert,,info,solid,title,/__functional-colors,default,idle,0,fail,4.444029662122568,"[255, 255, 255, 1]","[0, 114.000045, 244.99992, 1]",
baseline,light,Alert,,info,solid,description,/__functional-colors,default,idle,0,fail,3.8831317688318108,"[229.5, 240.9000045, 253.999992, 1]","[0, 114.000045, 244.99992, 1]",
baseline,light,Badge,,info,outline,base,/__functional-colors,default,idle,0,fail,4.444029662122568,"[0, 114.000045, 244.99992, 1]","[255, 255, 255, 1]",
baseline,light,Alert,,info,outline,title,/__functional-colors,default,idle,0,fail,4.444029662122568,"[0, 114.000045, 244.99992, 1]","[255, 255, 255, 1]",
baseline,light,Alert,,info,outline,description,/__functional-colors,default,idle,0,fail,3.8417412422841557,"[25.499999999999993, 128.1000405, 245.999928, 1]","[255, 255, 255, 1]",
baseline,light,Badge,,info,soft,base,/__functional-colors,default,idle,0,fail,3.883132249349551,"[0, 114.000045, 244.99992, 1]","[229.50005891214, 240.9000045, 254.0000175, 1]",
baseline,light,Alert,,info,soft,title,/__functional-colors,default,idle,0,fail,3.883132249349551,"[0, 114.000045, 244.99992, 1]","[229.50005891214, 240.9000045, 254.0000175, 1]",
baseline,light,Alert,,info,soft,description,/__functional-colors,default,idle,0,fail,3.4071378500815697,"[22.95000589121399, 126.69004095, 245.89992975, 1]","[229.50005891214, 240.9000045, 254.0000175, 1]",
baseline,light,Badge,,info,subtle,base,/__functional-colors,default,idle,0,fail,3.883132249349551,"[0, 114.000045, 244.99992, 1]","[229.50005891214, 240.9000045, 254.0000175, 1]",
baseline,light,Alert,,info,subtle,title,/__functional-colors,default,idle,0,fail,3.883132249349551,"[0, 114.000045, 244.99992, 1]","[229.50005891214, 240.9000045, 254.0000175, 1]",
baseline,light,Alert,,info,subtle,description,/__functional-colors,default,idle,0,fail,3.4071378500815697,"[22.95000589121399, 126.69004095, 245.89992975, 1]","[229.50005891214, 240.9000045, 254.0000175, 1]",
baseline,light,Button,,info,solid,base/label,/__functional-colors,default,idle,0,fail,4.444029662122568,"[255, 255, 255, 1]","[0, 114.000045, 244.99992, 1]",
baseline,light,Button,,info,solid,base/label,/__functional-colors,default,hover,0,fail,3.0521427415750058,"[255, 255, 255, 1]","[63.75044184105, 149.25003375, 247.50013125, 1]",
baseline,light,Button,,info,solid,base/label,/__functional-colors,default,active+hover,0,fail,3.0521427415750058,"[255, 255, 255, 1]","[63.75044184105, 149.25003375, 247.50013125, 1]",
baseline,light,Button,,info,solid,base/label,/__functional-colors,default,keyboard-focus,0,fail,4.444029662122568,"[255, 255, 255, 1]","[0, 114.000045, 244.99992, 1]",
baseline,light,Button,,info,solid,base/label,/__functional-colors,default,keyboard-active+focus,0,fail,3.0521427415750058,"[255, 255, 255, 1]","[63.75044184105, 149.25003375, 247.50013125, 1]",
baseline,light,Button,,info,solid,base/label,/__functional-colors,default,focus+hover,0,fail,3.0521427415750058,"[255, 255, 255, 1]","[63.75044184105, 149.25003375, 247.50013125, 1]",
baseline,light,Button,,info,link,base/label,/__functional-colors,default,idle,0,fail,4.444029662122568,"[0, 114.000045, 244.99992, 1]","[255, 255, 255, 1]",
baseline,light,Button,,info,link,base/label,/__functional-colors,default,hover,0,fail,3.0521427415750058,"[63.75044184105, 149.25003375, 247.50013125, 1]","[255, 255, 255, 1]",
baseline,light,Button,,info,link,base/label,/__functional-colors,default,active+hover,0,fail,3.0521427415750058,"[63.75044184105, 149.25003375, 247.50013125, 1]","[255, 255, 255, 1]",
baseline,light,Button,,info,link,base/label,/__functional-colors,default,keyboard-focus,0,fail,4.444029662122568,"[0, 114.000045, 244.99992, 1]","[255, 255, 255, 1]",
baseline,light,Button,,info,link,base/label,/__functional-colors,default,keyboard-active+focus,0,fail,3.0521427415750058,"[63.75044184105, 149.25003375, 247.50013125, 1]","[255, 255, 255, 1]",
baseline,light,Button,,info,link,base/label,/__functional-colors,default,focus+hover,0,fail,3.0521427415750058,"[63.75044184105, 149.25003375, 247.50013125, 1]","[255, 255, 255, 1]",
baseline,light,semantic text,,warning,,text,/__functional-colors,default,idle,0,fail,2.290963597687398,"[232.999875, 154.999965, 23.999988, 1]","[255, 255, 255, 1]",
baseline,light,Badge,,warning,solid,base,/__functional-colors,default,idle,0,fail,2.290963597687398,"[255, 255, 255, 1]","[232.999875, 154.999965, 23.999988, 1]",
baseline,light,Alert,,warning,solid,title,/__functional-colors,default,idle,0,fail,2.290963597687398,"[255, 255, 255, 1]","[232.999875, 154.999965, 23.999988, 1]",
baseline,light,Alert,,warning,solid,description,/__functional-colors,default,idle,0,fail,2.1157693023091406,"[252.7999875, 244.9999965, 231.8999988, 1]","[232.999875, 154.999965, 23.999988, 1]",
baseline,light,Badge,,warning,outline,base,/__functional-colors,default,idle,0,fail,2.290963597687398,"[232.999875, 154.999965, 23.999988, 1]","[255, 255, 255, 1]",
baseline,light,Alert,,warning,outline,title,/__functional-colors,default,idle,0,fail,2.290963597687398,"[232.999875, 154.999965, 23.999988, 1]","[255, 255, 255, 1]",
baseline,light,Alert,,warning,outline,description,/__functional-colors,default,idle,0,fail,2.1079041618750334,"[235.19988750000002, 164.9999685, 47.099989199999996, 1]","[255, 255, 255, 1]",
baseline,light,Badge,,warning,soft,base,/__functional-colors,default,idle,0,fail,2.1157693687024035,"[232.999875, 154.999965, 23.999988, 1]","[252.800013, 244.9999965, 231.8999682, 1]",
baseline,light,Alert,,warning,soft,title,/__functional-colors,default,idle,0,fail,2.1157693687024035,"[232.999875, 154.999965, 23.999988, 1]","[252.800013, 244.9999965, 231.8999682, 1]",
baseline,light,Alert,,warning,soft,description,/__functional-colors,default,idle,0,fail,1.963064043911173,"[234.9798888, 163.99996814999997, 44.789986019999986, 1]","[252.800013, 244.9999965, 231.8999682, 1]",
baseline,light,Badge,,warning,subtle,base,/__functional-colors,default,idle,0,fail,2.1157693687024035,"[232.999875, 154.999965, 23.999988, 1]","[252.800013, 244.9999965, 231.8999682, 1]",
baseline,light,Alert,,warning,subtle,title,/__functional-colors,default,idle,0,fail,2.1157693687024035,"[232.999875, 154.999965, 23.999988, 1]","[252.800013, 244.9999965, 231.8999682, 1]",
baseline,light,Alert,,warning,subtle,description,/__functional-colors,default,idle,0,fail,1.963064043911173,"[234.9798888, 163.99996814999997, 44.789986019999986, 1]","[252.800013, 244.9999965, 231.8999682, 1]",
baseline,light,Button,,warning,solid,base/label,/__functional-colors,default,idle,0,fail,2.290963597687398,"[255, 255, 255, 1]","[232.999875, 154.999965, 23.999988, 1]",
baseline,light,Button,,warning,solid,base/label,/__functional-colors,default,hover,0,fail,1.8580213973472617,"[255, 255, 255, 1]","[238.5000975, 179.99997375, 81.7497615, 1]",
baseline,light,Button,,warning,solid,base/label,/__functional-colors,default,active+hover,0,fail,1.8580213973472617,"[255, 255, 255, 1]","[238.5000975, 179.99997375, 81.7497615, 1]",
baseline,light,Button,,warning,solid,base/label,/__functional-colors,default,keyboard-focus,0,fail,2.290963597687398,"[255, 255, 255, 1]","[232.999875, 154.999965, 23.999988, 1]",
baseline,light,Button,,warning,solid,base/label,/__functional-colors,default,keyboard-active+focus,0,fail,1.8580213973472617,"[255, 255, 255, 1]","[238.5000975, 179.99997375, 81.7497615, 1]",
baseline,light,Button,,warning,solid,base/label,/__functional-colors,default,focus+hover,0,fail,1.8580213973472617,"[255, 255, 255, 1]","[238.5000975, 179.99997375, 81.7497615, 1]",
baseline,light,Button,,warning,link,base/label,/__functional-colors,default,idle,0,fail,2.290963597687398,"[232.999875, 154.999965, 23.999988, 1]","[255, 255, 255, 1]",
baseline,light,Button,,warning,link,base/label,/__functional-colors,default,hover,0,fail,1.8580213973472617,"[238.5000975, 179.99997375, 81.7497615, 1]","[255, 255, 255, 1]",
baseline,light,Button,,warning,link,base/label,/__functional-colors,default,active+hover,0,fail,1.8580213973472617,"[238.5000975, 179.99997375, 81.7497615, 1]","[255, 255, 255, 1]",
baseline,light,Button,,warning,link,base/label,/__functional-colors,default,keyboard-focus,0,fail,2.290963597687398,"[232.999875, 154.999965, 23.999988, 1]","[255, 255, 255, 1]",
baseline,light,Button,,warning,link,base/label,/__functional-colors,default,keyboard-active+focus,0,fail,1.8580213973472617,"[238.5000975, 179.99997375, 81.7497615, 1]","[255, 255, 255, 1]",
baseline,light,Button,,warning,link,base/label,/__functional-colors,default,focus+hover,0,fail,1.8580213973472617,"[238.5000975, 179.99997375, 81.7497615, 1]","[255, 255, 255, 1]",
baseline,light,semantic text,,error,,text,/__functional-colors,default,idle,0,fail,3.913739873944556,"[228.999945, 72.000015, 77.00005499999999, 1]","[255, 255, 255, 1]",
baseline,light,Badge,,error,solid,base,/__functional-colors,default,idle,0,fail,3.913739873944556,"[255, 255, 255, 1]","[228.999945, 72.000015, 77.00005499999999, 1]",
baseline,light,Alert,,error,solid,title,/__functional-colors,default,idle,0,fail,3.913739873944556,"[255, 255, 255, 1]","[228.999945, 72.000015, 77.00005499999999, 1]",
baseline,light,Alert,,error,solid,description,/__functional-colors,default,idle,0,fail,3.4400329570355073,"[252.3999945, 236.70000149999998, 237.2000055, 1]","[228.999945, 72.000015, 77.00005499999999, 1]",
baseline,light,Badge,,error,outline,base,/__functional-colors,default,idle,0,fail,3.913739873944556,"[228.999945, 72.000015, 77.00005499999999, 1]","[255, 255, 255, 1]",
baseline,light,Alert,,error,outline,title,/__functional-colors,default,idle,0,fail,3.913739873944556,"[228.999945, 72.000015, 77.00005499999999, 1]","[255, 255, 255, 1]",
baseline,light,Alert,,error,outline,description,/__functional-colors,default,idle,0,fail,3.4682577528358167,"[231.5999505, 90.3000135, 94.80004949999997, 1]","[255, 255, 255, 1]",
baseline,light,Badge,,error,soft,base,/__functional-colors,default,idle,0,fail,3.4400331348716318,"[228.999945, 72.000015, 77.00005499999999, 1]","[252.40001999999998, 236.7000015, 237.2000055, 1]",
baseline,light,Alert,,error,soft,title,/__functional-colors,default,idle,0,fail,3.4400331348716318,"[228.999945, 72.000015, 77.00005499999999, 1]","[252.40001999999998, 236.7000015, 237.2000055, 1]",
baseline,light,Alert,,error,soft,description,/__functional-colors,default,idle,0,fail,3.087374246803184,"[231.33995249999998, 88.47001365, 93.02005004999998, 1]","[252.40001999999998, 236.7000015, 237.2000055, 1]",
baseline,light,Badge,,error,subtle,base,/__functional-colors,default,idle,0,fail,3.4400331348716318,"[228.999945, 72.000015, 77.00005499999999, 1]","[252.40001999999998, 236.7000015, 237.2000055, 1]",
baseline,light,Alert,,error,subtle,title,/__functional-colors,default,idle,0,fail,3.4400331348716318,"[228.999945, 72.000015, 77.00005499999999, 1]","[252.40001999999998, 236.7000015, 237.2000055, 1]",
baseline,light,Alert,,error,subtle,description,/__functional-colors,default,idle,0,fail,3.087374246803184,"[231.33995249999998, 88.47001365, 93.02005004999998, 1]","[252.40001999999998, 236.7000015, 237.2000055, 1]",
baseline,light,Button,,error,solid,base/label,/__functional-colors,default,idle,0,fail,3.913739873944556,"[255, 255, 255, 1]","[228.999945, 72.000015, 77.00005499999999, 1]",
baseline,light,Button,,error,solid,base/label,/__functional-colors,default,hover,0,fail,2.8349060461961164,"[255, 255, 255, 1]","[235.50015, 117.75001125, 121.50004125, 1]",
baseline,light,Button,,error,solid,base/label,/__functional-colors,default,active+hover,0,fail,2.8349060461961164,"[255, 255, 255, 1]","[235.50015, 117.75001125, 121.50004125, 1]",
baseline,light,Button,,error,solid,base/label,/__functional-colors,default,keyboard-focus,0,fail,3.913739873944556,"[255, 255, 255, 1]","[228.999945, 72.000015, 77.00005499999999, 1]",
baseline,light,Button,,error,solid,base/label,/__functional-colors,default,keyboard-active+focus,0,fail,2.8349060461961164,"[255, 255, 255, 1]","[235.50015, 117.75001125, 121.50004125, 1]",
baseline,light,Button,,error,solid,base/label,/__functional-colors,default,focus+hover,0,fail,2.8349060461961164,"[255, 255, 255, 1]","[235.50015, 117.75001125, 121.50004125, 1]",
baseline,light,Button,,error,link,base/label,/__functional-colors,default,idle,0,fail,3.913739873944556,"[228.999945, 72.000015, 77.00005499999999, 1]","[255, 255, 255, 1]",
baseline,light,Button,,error,link,base/label,/__functional-colors,default,hover,0,fail,2.8349060461961164,"[235.50015, 117.75001125, 121.50004125, 1]","[255, 255, 255, 1]",
baseline,light,Button,,error,link,base/label,/__functional-colors,default,active+hover,0,fail,2.8349060461961164,"[235.50015, 117.75001125, 121.50004125, 1]","[255, 255, 255, 1]",
baseline,light,Button,,error,link,base/label,/__functional-colors,default,keyboard-focus,0,fail,3.913739873944556,"[228.999945, 72.000015, 77.00005499999999, 1]","[255, 255, 255, 1]",
baseline,light,Button,,error,link,base/label,/__functional-colors,default,keyboard-active+focus,0,fail,2.8349060461961164,"[235.50015, 117.75001125, 121.50004125, 1]","[255, 255, 255, 1]",
baseline,light,Button,,error,link,base/label,/__functional-colors,default,focus+hover,0,fail,2.8349060461961164,"[235.50015, 117.75001125, 121.50004125, 1]","[255, 255, 255, 1]",
baseline,light,FormField,,error,,error,,default,visible,0,fail,3.913739873944556,"[228.999945, 72.000015, 77.00005499999999, 1]","[255, 255, 255, 1]",
baseline,light,API fixture,F1,,,,,default,idle,0,fail,3.913739873944556,"[228.999945, 72.000015, 77.00005499999999, 1]","[255, 255, 255, 1]",
baseline,light,API fixture,F2,,,,,default,idle,0,fail,2.290963597687398,"[232.999875, 154.999965, 23.999988, 1]","[255, 255, 255, 1]",
baseline,light,API fixture,F5-field-caveat,,,,,default,idle,0,fail,2.1157693687024035,"[232.999875, 154.999965, 23.999988, 1]","[252.800013, 244.9999965, 231.8999682, 1]",
baseline,light,API fixture,F5-field-caveat,,,,,default,idle,1,pass,7.216330171955148,"[82.000095, 82.000095, 82.000095, 1]","[252.800013, 244.9999965, 231.8999682, 1]",
baseline,light,API fixture,value-caveat,,,,,default,idle,0,fail,2.1157693687024035,"[232.999875, 154.999965, 23.999988, 1]","[252.800013, 244.9999965, 231.8999682, 1]",
baseline,light,API fixture,value-caveat,,,,,default,idle,1,pass,7.216330171955148,"[82.000095, 82.000095, 82.000095, 1]","[252.800013, 244.9999965, 231.8999682, 1]",
baseline,light,ResponseExample,,,,status/statusText,,default,single status visible,0,fail,2.6261666632783154,"[68.99994, 165.000045, 86.99987999999999, 1]","[229.02003390000002, 238.62013109999998, 230.8201656, 1]",
baseline,light,ResponseExample,,,,status/statusText,,default,single status visible,1,fail,2.6261666632783154,"[68.99994, 165.000045, 86.99987999999999, 1]","[229.02003390000002, 238.62013109999998, 230.8201656, 1]",
baseline,light,ResponseExample,,,,status/statusText,,default,single status visible,2,fail,3.6319704735541003,"[0, 114.000045, 244.99992, 1]","[222.12007331214, 233.52015659999998, 246.6201696, 1]",
baseline,light,ResponseExample,,,,status/statusText,,default,single status visible,3,fail,3.6319704735541003,"[0, 114.000045, 244.99992, 1]","[222.12007331214, 233.52015659999998, 246.6201696, 1]",
baseline,light,ResponseExample,,,,status/statusText,,default,single status visible,4,fail,1.9817120839371087,"[232.999875, 154.999965, 23.999988, 1]","[245.4200274, 237.6201486, 224.52012029999997, 1]",
baseline,light,ResponseExample,,,,status/statusText,,default,single status visible,5,fail,1.9817120839371087,"[232.999875, 154.999965, 23.999988, 1]","[245.4200274, 237.6201486, 224.52012029999997, 1]",
baseline,light,ResponseExample,,,,status/statusText,,default,single status visible,6,fail,3.218030303159359,"[228.999945, 72.000015, 77.00005499999999, 1]","[245.02003440000001, 229.3201536, 229.8201576, 1]",
baseline,light,ResponseExample,,,,status/statusText,,default,single status visible,7,fail,3.218030303159359,"[228.999945, 72.000015, 77.00005499999999, 1]","[245.02003440000001, 229.3201536, 229.8201576, 1]",
baseline,light,LifecycleNotice,,,,,,default,idle,0,fail,2.1157693687024035,"[232.999875, 154.999965, 23.999988, 1]","[252.800013, 244.9999965, 231.8999682, 1]",
baseline,light,LifecycleNotice,,,,,,default,idle,1,fail,1.963064043911173,"[234.9798888, 163.99996814999997, 44.789986019999986, 1]","[252.800013, 244.9999965, 231.8999682, 1]",
baseline,light,LifecycleNotice,,,,,,default,idle,2,fail,2.8053050668193693,"[68.99994, 165.000045, 86.99987999999999, 1]","[236.4000195, 245.999979, 238.2000135, 1]",
baseline,light,LifecycleNotice,,,,,,default,idle,3,fail,2.5096277554253517,"[85.73994794999999, 173.1000384, 102.11989334999998, 1]","[236.4000195, 245.999979, 238.2000135, 1]",
baseline,light,LifecycleNotice,,,,,,default,idle,4,fail,2.1157693687024035,"[232.999875, 154.999965, 23.999988, 1]","[252.800013, 244.9999965, 231.8999682, 1]",
baseline,light,LifecycleNotice,,,,,,default,idle,5,fail,1.963064043911173,"[234.9798888, 163.99996814999997, 44.789986019999986, 1]","[252.800013, 244.9999965, 231.8999682, 1]",
baseline,light,LifecycleNotice,,,,,,default,idle,6,pass,16.95443819582973,"[23.0000055, 23.0000055, 23.0000055, 1]","[248.4999225, 248.4999225, 248.4999225, 1]",
baseline,light,LifecycleNotice,,,,,,default,idle,7,pass,12.924186297738398,"[45.54999720000001, 45.54999720000001, 45.54999720000001, 1]","[248.4999225, 248.4999225, 248.4999225, 1]",
baseline,light,LifecycleNotice,,,,,,default,idle,8,fail,3.4400331348716318,"[228.999945, 72.000015, 77.00005499999999, 1]","[252.40001999999998, 236.7000015, 237.2000055, 1]",
baseline,light,LifecycleNotice,,,,,,default,idle,9,fail,3.087374246803184,"[231.33995249999998, 88.47001365, 93.02005004999998, 1]","[252.40001999999998, 236.7000015, 237.2000055, 1]",
baseline,light,FieldAnnotation,,,,required,,portal own bg-default,open,0,fail,3.913739873944556,"[228.999945, 72.000015, 77.00005499999999, 1]","[255, 255, 255, 1]",
baseline,light,FieldAnnotation,,,,conditional,,portal own bg-default,open,0,fail,2.290963597687398,"[232.999875, 154.999965, 23.999988, 1]","[255, 255, 255, 1]",
baseline,light,semantic text,,primary,,text,/__functional-colors,muted,idle,0,pass,5.632460544485353,"[121.999905, 59.99997, 226.000125, 1]","[249.99996000000002, 249.99996000000002, 249.99996000000002, 1]",
baseline,light,Badge,,primary,solid,base,/__functional-colors,muted,idle,0,pass,5.878968459850046,"[255, 255, 255, 1]","[121.999905, 59.99997, 226.000125, 1]",
baseline,light,Alert,,primary,solid,title,/__functional-colors,muted,idle,0,pass,5.878968459850046,"[255, 255, 255, 1]","[121.999905, 59.99997, 226.000125, 1]",
baseline,light,Alert,,primary,solid,description,/__functional-colors,muted,idle,0,pass,5.070593355903083,"[241.69999049999998, 235.499997, 252.1000125, 1]","[121.999905, 59.99997, 226.000125, 1]",
baseline,light,Badge,,primary,outline,base,/__functional-colors,muted,idle,0,pass,5.632460544485353,"[121.999905, 59.99997, 226.000125, 1]","[249.99996000000002, 249.99996000000002, 249.99996000000002, 1]",
baseline,light,Alert,,primary,outline,title,/__functional-colors,muted,idle,0,pass,5.632460544485353,"[121.999905, 59.99997, 226.000125, 1]","[249.99996000000002, 249.99996000000002, 249.99996000000002, 1]",
baseline,light,Alert,,primary,outline,description,/__functional-colors,muted,idle,0,pass,4.71182607223983,"[134.7999105, 78.999969, 228.4001085, 1]","[249.99996000000002, 249.99996000000002, 249.99996000000002, 1]",
baseline,light,Badge,,primary,soft,base,/__functional-colors,muted,idle,0,pass,4.867968223846452,"[121.999905, 59.99997, 226.000125, 1]","[237.199929, 230.9999355, 247.5999765, 1]",
baseline,light,Alert,,primary,soft,title,/__functional-colors,muted,idle,0,pass,4.867968223846452,"[121.999905, 59.99997, 226.000125, 1]","[237.199929, 230.9999355, 247.5999765, 1]",
baseline,light,Alert,,primary,soft,description,/__functional-colors,muted,idle,0,fail,4.147846512633515,"[133.5199074, 77.09996654999999, 228.16011014999998, 1]","[237.199929, 230.9999355, 247.5999765, 1]",
baseline,light,Badge,,primary,subtle,base,/__functional-colors,muted,idle,0,pass,4.867968223846452,"[121.999905, 59.99997, 226.000125, 1]","[237.199929, 230.9999355, 247.5999765, 1]",
baseline,light,Alert,,primary,subtle,title,/__functional-colors,muted,idle,0,pass,4.867968223846452,"[121.999905, 59.99997, 226.000125, 1]","[237.199929, 230.9999355, 247.5999765, 1]",
baseline,light,Alert,,primary,subtle,description,/__functional-colors,muted,idle,0,fail,4.147846512633515,"[133.5199074, 77.09996654999999, 228.16011014999998, 1]","[237.199929, 230.9999355, 247.5999765, 1]",
baseline,light,Button,,primary,solid,base/label,/__functional-colors,muted,idle,0,pass,5.878968459850046,"[255, 255, 255, 1]","[121.999905, 59.99997, 226.000125, 1]",
baseline,light,Button,,primary,solid,base/label,/__functional-colors,muted,hover,0,fail,3.708136970667686,"[255, 255, 255, 1]","[153.9997275, 107.49977625, 232.00008375, 1]",
baseline,light,Button,,primary,solid,base/label,/__functional-colors,muted,active+hover,0,fail,3.708136970667686,"[255, 255, 255, 1]","[153.9997275, 107.49977625, 232.00008375, 1]",
baseline,light,Button,,primary,solid,base/label,/__functional-colors,muted,keyboard-focus,0,pass,5.878968459850046,"[255, 255, 255, 1]","[121.999905, 59.99997, 226.000125, 1]",
baseline,light,Button,,primary,solid,base/label,/__functional-colors,muted,keyboard-active+focus,0,fail,3.708136970667686,"[255, 255, 255, 1]","[153.9997275, 107.49977625, 232.00008375, 1]",
baseline,light,Button,,primary,solid,base/label,/__functional-colors,muted,focus+hover,0,fail,3.708136970667686,"[255, 255, 255, 1]","[153.9997275, 107.49977625, 232.00008375, 1]",
baseline,light,Button,,primary,link,base/label,/__functional-colors,muted,idle,0,pass,5.632460544485353,"[121.999905, 59.99997, 226.000125, 1]","[249.99996000000002, 249.99996000000002, 249.99996000000002, 1]",
baseline,light,Button,,primary,link,base/label,/__functional-colors,muted,hover,0,fail,3.552653041681043,"[153.9997275, 107.49977625, 232.00008375, 1]","[249.99996000000002, 249.99996000000002, 249.99996000000002, 1]",
baseline,light,Button,,primary,link,base/label,/__functional-colors,muted,active+hover,0,fail,3.552653041681043,"[153.9997275, 107.49977625, 232.00008375, 1]","[249.99996000000002, 249.99996000000002, 249.99996000000002, 1]",
baseline,light,Button,,primary,link,base/label,/__functional-colors,muted,keyboard-focus,0,pass,5.632460544485353,"[121.999905, 59.99997, 226.000125, 1]","[249.99996000000002, 249.99996000000002, 249.99996000000002, 1]",
baseline,light,Button,,primary,link,base/label,/__functional-colors,muted,keyboard-active+focus,0,fail,3.552653041681043,"[153.9997275, 107.49977625, 232.00008375, 1]","[249.99996000000002, 249.99996000000002, 249.99996000000002, 1]",
baseline,light,Button,,primary,link,base/label,/__functional-colors,muted,focus+hover,0,fail,3.552653041681043,"[153.9997275, 107.49977625, 232.00008375, 1]","[249.99996000000002, 249.99996000000002, 249.99996000000002, 1]",
baseline,light,semantic text,,secondary,,text,/__functional-colors,muted,idle,0,fail,2.9434211665765635,"[17.999991, 165.000045, 147.99996000000002, 1]","[249.99996000000002, 249.99996000000002, 249.99996000000002, 1]",
baseline,light,Badge,,secondary,solid,base,/__functional-colors,muted,idle,0,fail,3.072241707809382,"[255, 255, 255, 1]","[17.999991, 165.000045, 147.99996000000002, 1]",
baseline,light,Alert,,secondary,solid,title,/__functional-colors,muted,idle,0,fail,3.072241707809382,"[255, 255, 255, 1]","[17.999991, 165.000045, 147.99996000000002, 1]",
baseline,light,Alert,,secondary,solid,description,/__functional-colors,muted,idle,0,fail,2.7650268961885356,"[231.2999991, 246.0000045, 244.299996, 1]","[17.999991, 165.000045, 147.99996000000002, 1]",
baseline,light,Badge,,secondary,outline,base,/__functional-colors,muted,idle,0,fail,2.9434211665765635,"[17.999991, 165.000045, 147.99996000000002, 1]","[249.99996000000002, 249.99996000000002, 249.99996000000002, 1]",
baseline,light,Alert,,secondary,outline,title,/__functional-colors,muted,idle,0,fail,2.9434211665765635,"[17.999991, 165.000045, 147.99996000000002, 1]","[249.99996000000002, 249.99996000000002, 249.99996000000002, 1]",
baseline,light,Alert,,secondary,outline,description,/__functional-colors,muted,idle,0,fail,2.6451860593994434,"[41.199987899999996, 173.50003650000002, 158.19996000000003, 1]","[249.99996000000002, 249.99996000000002, 249.99996000000002, 1]",
baseline,light,Badge,,secondary,soft,base,/__functional-colors,muted,idle,0,fail,2.6563114658099622,"[17.999991, 165.000045, 147.99996000000002, 1]","[226.7998407, 241.4999685, 239.79996, 1]",
baseline,light,Alert,,secondary,soft,title,/__functional-colors,muted,idle,0,fail,2.6563114658099622,"[17.999991, 165.000045, 147.99996000000002, 1]","[226.7998407, 241.4999685, 239.79996, 1]",
baseline,light,Alert,,secondary,soft,description,/__functional-colors,muted,idle,0,fail,2.413039981667131,"[38.87997596999999, 172.65003735, 157.17996000000002, 1]","[226.7998407, 241.4999685, 239.79996, 1]",
baseline,light,Badge,,secondary,subtle,base,/__functional-colors,muted,idle,0,fail,2.6563114658099622,"[17.999991, 165.000045, 147.99996000000002, 1]","[226.7998407, 241.4999685, 239.79996, 1]",
baseline,light,Alert,,secondary,subtle,title,/__functional-colors,muted,idle,0,fail,2.6563114658099622,"[17.999991, 165.000045, 147.99996000000002, 1]","[226.7998407, 241.4999685, 239.79996, 1]",
baseline,light,Alert,,secondary,subtle,description,/__functional-colors,muted,idle,0,fail,2.413039981667131,"[38.87997596999999, 172.65003735, 157.17996000000002, 1]","[226.7998407, 241.4999685, 239.79996, 1]",
baseline,light,Button,,secondary,solid,base/label,/__functional-colors,muted,idle,0,fail,3.072241707809382,"[255, 255, 255, 1]","[17.999991, 165.000045, 147.99996000000002, 1]",
baseline,light,Button,,secondary,solid,base/label,/__functional-colors,muted,hover,0,fail,2.3439468037179423,"[255, 255, 255, 1]","[75.99906525, 186.25002375, 173.49996000000002, 1]",
baseline,light,Button,,secondary,solid,base/label,/__functional-colors,muted,active+hover,0,fail,2.3439468037179423,"[255, 255, 255, 1]","[75.99906525, 186.25002375, 173.49996000000002, 1]",
baseline,light,Button,,secondary,solid,base/label,/__functional-colors,muted,keyboard-focus,0,fail,3.072241707809382,"[255, 255, 255, 1]","[17.999991, 165.000045, 147.99996000000002, 1]",
baseline,light,Button,,secondary,solid,base/label,/__functional-colors,muted,keyboard-active+focus,0,fail,2.3439468037179423,"[255, 255, 255, 1]","[75.99906525, 186.25002375, 173.49996000000002, 1]",
baseline,light,Button,,secondary,solid,base/label,/__functional-colors,muted,focus+hover,0,fail,2.3439468037179423,"[255, 255, 255, 1]","[75.99906525, 186.25002375, 173.49996000000002, 1]",
baseline,light,Button,,secondary,link,base/label,/__functional-colors,muted,idle,0,fail,2.9434211665765635,"[17.999991, 165.000045, 147.99996000000002, 1]","[249.99996000000002, 249.99996000000002, 249.99996000000002, 1]",
baseline,light,Button,,secondary,link,base/label,/__functional-colors,muted,hover,0,fail,2.245664010697994,"[75.99906525, 186.25002375, 173.49996000000002, 1]","[249.99996000000002, 249.99996000000002, 249.99996000000002, 1]",
baseline,light,Button,,secondary,link,base/label,/__functional-colors,muted,active+hover,0,fail,2.245664010697994,"[75.99906525, 186.25002375, 173.49996000000002, 1]","[249.99996000000002, 249.99996000000002, 249.99996000000002, 1]",
baseline,light,Button,,secondary,link,base/label,/__functional-colors,muted,keyboard-focus,0,fail,2.9434211665765635,"[17.999991, 165.000045, 147.99996000000002, 1]","[249.99996000000002, 249.99996000000002, 249.99996000000002, 1]",
baseline,light,Button,,secondary,link,base/label,/__functional-colors,muted,keyboard-active+focus,0,fail,2.245664010697994,"[75.99906525, 186.25002375, 173.49996000000002, 1]","[249.99996000000002, 249.99996000000002, 249.99996000000002, 1]",
baseline,light,Button,,secondary,link,base/label,/__functional-colors,muted,focus+hover,0,fail,2.245664010697994,"[75.99906525, 186.25002375, 173.49996000000002, 1]","[249.99996000000002, 249.99996000000002, 249.99996000000002, 1]",
baseline,light,semantic text,,success,,text,/__functional-colors,muted,idle,0,fail,2.9706610330398817,"[68.99994, 165.000045, 86.99987999999999, 1]","[249.99996000000002, 249.99996000000002, 249.99996000000002, 1]",
baseline,light,Badge,,success,solid,base,/__functional-colors,muted,idle,0,fail,3.100673742889534,"[255, 255, 255, 1]","[68.99994, 165.000045, 86.99987999999999, 1]",
baseline,light,Alert,,success,solid,title,/__functional-colors,muted,idle,0,fail,3.100673742889534,"[255, 255, 255, 1]","[68.99994, 165.000045, 86.99987999999999, 1]",
baseline,light,Alert,,success,solid,description,/__functional-colors,muted,idle,0,fail,2.8053053514185198,"[236.399994, 246.0000045, 238.199988, 1]","[68.99994, 165.000045, 86.99987999999999, 1]",
baseline,light,Badge,,success,outline,base,/__functional-colors,muted,idle,0,fail,2.9706610330398817,"[68.99994, 165.000045, 86.99987999999999, 1]","[249.99996000000002, 249.99996000000002, 249.99996000000002, 1]",
baseline,light,Alert,,success,outline,title,/__functional-colors,muted,idle,0,fail,2.9706610330398817,"[68.99994, 165.000045, 86.99987999999999, 1]","[249.99996000000002, 249.99996000000002, 249.99996000000002, 1]",
baseline,light,Alert,,success,outline,description,/__functional-colors,muted,idle,0,fail,2.6406517020458655,"[87.099942, 173.50003650000002, 103.299888, 1]","[249.99996000000002, 249.99996000000002, 249.99996000000002, 1]",
baseline,light,Badge,,success,soft,base,/__functional-colors,muted,idle,0,fail,2.6952042500114244,"[68.99994, 165.000045, 86.99987999999999, 1]","[231.89998350000002, 241.499943, 233.69997750000002, 1]",
baseline,light,Alert,,success,soft,title,/__functional-colors,muted,idle,0,fail,2.6952042500114244,"[68.99994, 165.000045, 86.99987999999999, 1]","[231.89998350000002, 241.499943, 233.69997750000002, 1]",
baseline,light,Alert,,success,soft,description,/__functional-colors,muted,idle,0,fail,2.424103469469601,"[85.28994434999998, 172.6500348, 101.66988974999998, 1]","[231.89998350000002, 241.499943, 233.69997750000002, 1]",
baseline,light,Badge,,success,subtle,base,/__functional-colors,muted,idle,0,fail,2.6952042500114244,"[68.99994, 165.000045, 86.99987999999999, 1]","[231.89998350000002, 241.499943, 233.69997750000002, 1]",
baseline,light,Alert,,success,subtle,title,/__functional-colors,muted,idle,0,fail,2.6952042500114244,"[68.99994, 165.000045, 86.99987999999999, 1]","[231.89998350000002, 241.499943, 233.69997750000002, 1]",
baseline,light,Alert,,success,subtle,description,/__functional-colors,muted,idle,0,fail,2.424103469469601,"[85.28994434999998, 172.6500348, 101.66988974999998, 1]","[231.89998350000002, 241.499943, 233.69997750000002, 1]",
baseline,light,Button,,success,solid,base/label,/__functional-colors,muted,idle,0,fail,3.100673742889534,"[255, 255, 255, 1]","[68.99994, 165.000045, 86.99987999999999, 1]",
baseline,light,Button,,success,solid,base/label,/__functional-colors,muted,hover,0,fail,2.3143390218006514,"[255, 255, 255, 1]","[114.2503275, 186.24983250000002, 127.7499, 1]",
baseline,light,Button,,success,solid,base/label,/__functional-colors,muted,active+hover,0,fail,2.3143390218006514,"[255, 255, 255, 1]","[114.2503275, 186.24983250000002, 127.7499, 1]",
baseline,light,Button,,success,solid,base/label,/__functional-colors,muted,keyboard-focus,0,fail,3.100673742889534,"[255, 255, 255, 1]","[68.99994, 165.000045, 86.99987999999999, 1]",
baseline,light,Button,,success,solid,base/label,/__functional-colors,muted,keyboard-active+focus,0,fail,2.3143390218006514,"[255, 255, 255, 1]","[114.2503275, 186.24983250000002, 127.7499, 1]",
baseline,light,Button,,success,solid,base/label,/__functional-colors,muted,focus+hover,0,fail,2.3143390218006514,"[255, 255, 255, 1]","[114.2503275, 186.24983250000002, 127.7499, 1]",
baseline,light,Button,,success,link,base/label,/__functional-colors,muted,idle,0,fail,2.9706610330398817,"[68.99994, 165.000045, 86.99987999999999, 1]","[249.99996000000002, 249.99996000000002, 249.99996000000002, 1]",
baseline,light,Button,,success,link,base/label,/__functional-colors,muted,hover,0,fail,2.217297697015964,"[114.2503275, 186.24983250000002, 127.7499, 1]","[249.99996000000002, 249.99996000000002, 249.99996000000002, 1]",
baseline,light,Button,,success,link,base/label,/__functional-colors,muted,active+hover,0,fail,2.217297697015964,"[114.2503275, 186.24983250000002, 127.7499, 1]","[249.99996000000002, 249.99996000000002, 249.99996000000002, 1]",
baseline,light,Button,,success,link,base/label,/__functional-colors,muted,keyboard-focus,0,fail,2.9706610330398817,"[68.99994, 165.000045, 86.99987999999999, 1]","[249.99996000000002, 249.99996000000002, 249.99996000000002, 1]",
baseline,light,Button,,success,link,base/label,/__functional-colors,muted,keyboard-active+focus,0,fail,2.217297697015964,"[114.2503275, 186.24983250000002, 127.7499, 1]","[249.99996000000002, 249.99996000000002, 249.99996000000002, 1]",
baseline,light,Button,,success,link,base/label,/__functional-colors,muted,focus+hover,0,fail,2.217297697015964,"[114.2503275, 186.24983250000002, 127.7499, 1]","[249.99996000000002, 249.99996000000002, 249.99996000000002, 1]",
baseline,light,semantic text,,info,,text,/__functional-colors,muted,idle,0,fail,4.257689406121835,"[0, 114.000045, 244.99992, 1]","[249.99996000000002, 249.99996000000002, 249.99996000000002, 1]",
baseline,light,Badge,,info,solid,base,/__functional-colors,muted,idle,0,fail,4.444029662122568,"[255, 255, 255, 1]","[0, 114.000045, 244.99992, 1]",
baseline,light,Alert,,info,solid,title,/__functional-colors,muted,idle,0,fail,4.444029662122568,"[255, 255, 255, 1]","[0, 114.000045, 244.99992, 1]",
baseline,light,Alert,,info,solid,description,/__functional-colors,muted,idle,0,fail,3.8831317688318108,"[229.5, 240.9000045, 253.999992, 1]","[0, 114.000045, 244.99992, 1]",
baseline,light,Badge,,info,outline,base,/__functional-colors,muted,idle,0,fail,4.257689406121835,"[0, 114.000045, 244.99992, 1]","[249.99996000000002, 249.99996000000002, 249.99996000000002, 1]",
baseline,light,Alert,,info,outline,title,/__functional-colors,muted,idle,0,fail,4.257689406121835,"[0, 114.000045, 244.99992, 1]","[249.99996000000002, 249.99996000000002, 249.99996000000002, 1]",
baseline,light,Alert,,info,outline,description,/__functional-colors,muted,idle,0,fail,3.70332777922789,"[24.999995999999996, 127.6000365, 245.49992400000002, 1]","[249.99996000000002, 249.99996000000002, 249.99996000000002, 1]",
baseline,light,Badge,,info,soft,base,/__functional-colors,muted,idle,0,fail,3.7287457392169028,"[0, 114.000045, 244.99992, 1]","[225.00002291214, 236.3999685, 249.49998150000002, 1]",
baseline,light,Alert,,info,soft,title,/__functional-colors,muted,idle,0,fail,3.7287457392169028,"[0, 114.000045, 244.99992, 1]","[225.00002291214, 236.3999685, 249.49998150000002, 1]",
baseline,light,Alert,,info,soft,description,/__functional-colors,muted,idle,0,fail,3.289815038456939,"[22.500002291213992, 126.24003735, 245.44992615, 1]","[225.00002291214, 236.3999685, 249.49998150000002, 1]",
baseline,light,Badge,,info,subtle,base,/__functional-colors,muted,idle,0,fail,3.7287457392169028,"[0, 114.000045, 244.99992, 1]","[225.00002291214, 236.3999685, 249.49998150000002, 1]",
baseline,light,Alert,,info,subtle,title,/__functional-colors,muted,idle,0,fail,3.7287457392169028,"[0, 114.000045, 244.99992, 1]","[225.00002291214, 236.3999685, 249.49998150000002, 1]",
baseline,light,Alert,,info,subtle,description,/__functional-colors,muted,idle,0,fail,3.289815038456939,"[22.500002291213992, 126.24003735, 245.44992615, 1]","[225.00002291214, 236.3999685, 249.49998150000002, 1]",
baseline,light,Button,,info,solid,base/label,/__functional-colors,muted,idle,0,fail,4.444029662122568,"[255, 255, 255, 1]","[0, 114.000045, 244.99992, 1]",
baseline,light,Button,,info,solid,base/label,/__functional-colors,muted,hover,0,fail,3.098314326646948,"[255, 255, 255, 1]","[62.50043184105, 148.00002375, 246.25012125, 1]",
baseline,light,Button,,info,solid,base/label,/__functional-colors,muted,active+hover,0,fail,3.098314326646948,"[255, 255, 255, 1]","[62.50043184105, 148.00002375, 246.25012125, 1]",
baseline,light,Button,,info,solid,base/label,/__functional-colors,muted,keyboard-focus,0,fail,4.444029662122568,"[255, 255, 255, 1]","[0, 114.000045, 244.99992, 1]",
baseline,light,Button,,info,solid,base/label,/__functional-colors,muted,keyboard-active+focus,0,fail,3.098314326646948,"[255, 255, 255, 1]","[62.50043184105, 148.00002375, 246.25012125, 1]",
baseline,light,Button,,info,solid,base/label,/__functional-colors,muted,focus+hover,0,fail,3.098314326646948,"[255, 255, 255, 1]","[62.50043184105, 148.00002375, 246.25012125, 1]",
baseline,light,Button,,info,link,base/label,/__functional-colors,muted,idle,0,fail,4.257689406121835,"[0, 114.000045, 244.99992, 1]","[249.99996000000002, 249.99996000000002, 249.99996000000002, 1]",
baseline,light,Button,,info,link,base/label,/__functional-colors,muted,hover,0,fail,2.9684005482311706,"[62.50043184105, 148.00002375, 246.25012125, 1]","[249.99996000000002, 249.99996000000002, 249.99996000000002, 1]",
baseline,light,Button,,info,link,base/label,/__functional-colors,muted,active+hover,0,fail,2.9684005482311706,"[62.50043184105, 148.00002375, 246.25012125, 1]","[249.99996000000002, 249.99996000000002, 249.99996000000002, 1]",
baseline,light,Button,,info,link,base/label,/__functional-colors,muted,keyboard-focus,0,fail,4.257689406121835,"[0, 114.000045, 244.99992, 1]","[249.99996000000002, 249.99996000000002, 249.99996000000002, 1]",
baseline,light,Button,,info,link,base/label,/__functional-colors,muted,keyboard-active+focus,0,fail,2.9684005482311706,"[62.50043184105, 148.00002375, 246.25012125, 1]","[249.99996000000002, 249.99996000000002, 249.99996000000002, 1]",
baseline,light,Button,,info,link,base/label,/__functional-colors,muted,focus+hover,0,fail,2.9684005482311706,"[62.50043184105, 148.00002375, 246.25012125, 1]","[249.99996000000002, 249.99996000000002, 249.99996000000002, 1]",
baseline,light,semantic text,,warning,,text,/__functional-colors,muted,idle,0,fail,2.1949024154410277,"[232.999875, 154.999965, 23.999988, 1]","[249.99996000000002, 249.99996000000002, 249.99996000000002, 1]",
baseline,light,Badge,,warning,solid,base,/__functional-colors,muted,idle,0,fail,2.290963597687398,"[255, 255, 255, 1]","[232.999875, 154.999965, 23.999988, 1]",
baseline,light,Alert,,warning,solid,title,/__functional-colors,muted,idle,0,fail,2.290963597687398,"[255, 255, 255, 1]","[232.999875, 154.999965, 23.999988, 1]",
baseline,light,Alert,,warning,solid,description,/__functional-colors,muted,idle,0,fail,2.1157693023091406,"[252.7999875, 244.9999965, 231.8999988, 1]","[232.999875, 154.999965, 23.999988, 1]",
baseline,light,Badge,,warning,outline,base,/__functional-colors,muted,idle,0,fail,2.1949024154410277,"[232.999875, 154.999965, 23.999988, 1]","[249.99996000000002, 249.99996000000002, 249.99996000000002, 1]",
baseline,light,Alert,,warning,outline,title,/__functional-colors,muted,idle,0,fail,2.1949024154410277,"[232.999875, 154.999965, 23.999988, 1]","[249.99996000000002, 249.99996000000002, 249.99996000000002, 1]",
baseline,light,Alert,,warning,outline,description,/__functional-colors,muted,idle,0,fail,2.0304894698504117,"[234.6998835, 164.49996449999998, 46.59998519999999, 1]","[249.99996000000002, 249.99996000000002, 249.99996000000002, 1]",
baseline,light,Badge,,warning,soft,base,/__functional-colors,muted,idle,0,fail,2.0333819238104334,"[232.999875, 154.999965, 23.999988, 1]","[248.299977, 240.49996050000001, 227.3999322, 1]",
baseline,light,Alert,,warning,soft,title,/__functional-colors,muted,idle,0,fail,2.0333819238104334,"[232.999875, 154.999965, 23.999988, 1]","[248.299977, 240.49996050000001, 227.3999322, 1]",
baseline,light,Alert,,warning,soft,description,/__functional-colors,muted,idle,0,fail,1.8958614521933745,"[234.5298852, 163.54996454999997, 44.33998241999999, 1]","[248.299977, 240.49996050000001, 227.3999322, 1]",
baseline,light,Badge,,warning,subtle,base,/__functional-colors,muted,idle,0,fail,2.0333819238104334,"[232.999875, 154.999965, 23.999988, 1]","[248.299977, 240.49996050000001, 227.3999322, 1]",
baseline,light,Alert,,warning,subtle,title,/__functional-colors,muted,idle,0,fail,2.0333819238104334,"[232.999875, 154.999965, 23.999988, 1]","[248.299977, 240.49996050000001, 227.3999322, 1]",
baseline,light,Alert,,warning,subtle,description,/__functional-colors,muted,idle,0,fail,1.8958614521933745,"[234.5298852, 163.54996454999997, 44.33998241999999, 1]","[248.299977, 240.49996050000001, 227.3999322, 1]",
baseline,light,Button,,warning,solid,base/label,/__functional-colors,muted,idle,0,fail,2.290963597687398,"[255, 255, 255, 1]","[232.999875, 154.999965, 23.999988, 1]",
baseline,light,Button,,warning,solid,base/label,/__functional-colors,muted,hover,0,fail,1.8825886082635526,"[255, 255, 255, 1]","[237.2500875, 178.74996375, 80.4997515, 1]",
baseline,light,Button,,warning,solid,base/label,/__functional-colors,muted,active+hover,0,fail,1.8825886082635526,"[255, 255, 255, 1]","[237.2500875, 178.74996375, 80.4997515, 1]",
baseline,light,Button,,warning,solid,base/label,/__functional-colors,muted,keyboard-focus,0,fail,2.290963597687398,"[255, 255, 255, 1]","[232.999875, 154.999965, 23.999988, 1]",
baseline,light,Button,,warning,solid,base/label,/__functional-colors,muted,keyboard-active+focus,0,fail,1.8825886082635526,"[255, 255, 255, 1]","[237.2500875, 178.74996375, 80.4997515, 1]",
baseline,light,Button,,warning,solid,base/label,/__functional-colors,muted,focus+hover,0,fail,1.8825886082635526,"[255, 255, 255, 1]","[237.2500875, 178.74996375, 80.4997515, 1]",
baseline,light,Button,,warning,link,base/label,/__functional-colors,muted,idle,0,fail,2.1949024154410277,"[232.999875, 154.999965, 23.999988, 1]","[249.99996000000002, 249.99996000000002, 249.99996000000002, 1]",
baseline,light,Button,,warning,link,base/label,/__functional-colors,muted,hover,0,fail,1.803650781588394,"[237.2500875, 178.74996375, 80.4997515, 1]","[249.99996000000002, 249.99996000000002, 249.99996000000002, 1]",
baseline,light,Button,,warning,link,base/label,/__functional-colors,muted,active+hover,0,fail,1.803650781588394,"[237.2500875, 178.74996375, 80.4997515, 1]","[249.99996000000002, 249.99996000000002, 249.99996000000002, 1]",
baseline,light,Button,,warning,link,base/label,/__functional-colors,muted,keyboard-focus,0,fail,2.1949024154410277,"[232.999875, 154.999965, 23.999988, 1]","[249.99996000000002, 249.99996000000002, 249.99996000000002, 1]",
baseline,light,Button,,warning,link,base/label,/__functional-colors,muted,keyboard-active+focus,0,fail,1.803650781588394,"[237.2500875, 178.74996375, 80.4997515, 1]","[249.99996000000002, 249.99996000000002, 249.99996000000002, 1]",
baseline,light,Button,,warning,link,base/label,/__functional-colors,muted,focus+hover,0,fail,1.803650781588394,"[237.2500875, 178.74996375, 80.4997515, 1]","[249.99996000000002, 249.99996000000002, 249.99996000000002, 1]",
baseline,light,semantic text,,error,,text,/__functional-colors,muted,idle,0,fail,3.7496349184247983,"[228.999945, 72.000015, 77.00005499999999, 1]","[249.99996000000002, 249.99996000000002, 249.99996000000002, 1]",
baseline,light,Badge,,error,solid,base,/__functional-colors,muted,idle,0,fail,3.913739873944556,"[255, 255, 255, 1]","[228.999945, 72.000015, 77.00005499999999, 1]",
baseline,light,Alert,,error,solid,title,/__functional-colors,muted,idle,0,fail,3.913739873944556,"[255, 255, 255, 1]","[228.999945, 72.000015, 77.00005499999999, 1]",
baseline,light,Alert,,error,solid,description,/__functional-colors,muted,idle,0,fail,3.4400329570355073,"[252.3999945, 236.70000149999998, 237.2000055, 1]","[228.999945, 72.000015, 77.00005499999999, 1]",
baseline,light,Badge,,error,outline,base,/__functional-colors,muted,idle,0,fail,3.7496349184247983,"[228.999945, 72.000015, 77.00005499999999, 1]","[249.99996000000002, 249.99996000000002, 249.99996000000002, 1]",
baseline,light,Alert,,error,outline,title,/__functional-colors,muted,idle,0,fail,3.7496349184247983,"[228.999945, 72.000015, 77.00005499999999, 1]","[249.99996000000002, 249.99996000000002, 249.99996000000002, 1]",
baseline,light,Alert,,error,outline,description,/__functional-colors,muted,idle,0,fail,3.3423533992294203,"[231.0999465, 89.8000095, 94.30004549999998, 1]","[249.99996000000002, 249.99996000000002, 249.99996000000002, 1]",
baseline,light,Badge,,error,soft,base,/__functional-colors,muted,idle,0,fail,3.3035732473953328,"[228.999945, 72.000015, 77.00005499999999, 1]","[247.89998400000002, 232.19996550000002, 232.6999695, 1]",
baseline,light,Alert,,error,soft,title,/__functional-colors,muted,idle,0,fail,3.3035732473953328,"[228.999945, 72.000015, 77.00005499999999, 1]","[247.89998400000002, 232.19996550000002, 232.6999695, 1]",
baseline,light,Alert,,error,soft,description,/__functional-colors,muted,idle,0,fail,2.9805594445017043,"[230.88994889999998, 88.02001005, 92.57004644999998, 1]","[247.89998400000002, 232.19996550000002, 232.6999695, 1]",
baseline,light,Badge,,error,subtle,base,/__functional-colors,muted,idle,0,fail,3.3035732473953328,"[228.999945, 72.000015, 77.00005499999999, 1]","[247.89998400000002, 232.19996550000002, 232.6999695, 1]",
baseline,light,Alert,,error,subtle,title,/__functional-colors,muted,idle,0,fail,3.3035732473953328,"[228.999945, 72.000015, 77.00005499999999, 1]","[247.89998400000002, 232.19996550000002, 232.6999695, 1]",
baseline,light,Alert,,error,subtle,description,/__functional-colors,muted,idle,0,fail,2.9805594445017043,"[230.88994889999998, 88.02001005, 92.57004644999998, 1]","[247.89998400000002, 232.19996550000002, 232.6999695, 1]",
baseline,light,Button,,error,solid,base/label,/__functional-colors,muted,idle,0,fail,3.913739873944556,"[255, 255, 255, 1]","[228.999945, 72.000015, 77.00005499999999, 1]",
baseline,light,Button,,error,solid,base/label,/__functional-colors,muted,hover,0,fail,2.8764514197342215,"[255, 255, 255, 1]","[234.25014, 116.50000125, 120.25003125, 1]",
baseline,light,Button,,error,solid,base/label,/__functional-colors,muted,active+hover,0,fail,2.8764514197342215,"[255, 255, 255, 1]","[234.25014, 116.50000125, 120.25003125, 1]",
baseline,light,Button,,error,solid,base/label,/__functional-colors,muted,keyboard-focus,0,fail,3.913739873944556,"[255, 255, 255, 1]","[228.999945, 72.000015, 77.00005499999999, 1]",
baseline,light,Button,,error,solid,base/label,/__functional-colors,muted,keyboard-active+focus,0,fail,2.8764514197342215,"[255, 255, 255, 1]","[234.25014, 116.50000125, 120.25003125, 1]",
baseline,light,Button,,error,solid,base/label,/__functional-colors,muted,focus+hover,0,fail,2.8764514197342215,"[255, 255, 255, 1]","[234.25014, 116.50000125, 120.25003125, 1]",
baseline,light,Button,,error,link,base/label,/__functional-colors,muted,idle,0,fail,3.7496349184247983,"[228.999945, 72.000015, 77.00005499999999, 1]","[249.99996000000002, 249.99996000000002, 249.99996000000002, 1]",
baseline,light,Button,,error,link,base/label,/__functional-colors,muted,hover,0,fail,2.7558404574592883,"[234.25014, 116.50000125, 120.25003125, 1]","[249.99996000000002, 249.99996000000002, 249.99996000000002, 1]",
baseline,light,Button,,error,link,base/label,/__functional-colors,muted,active+hover,0,fail,2.7558404574592883,"[234.25014, 116.50000125, 120.25003125, 1]","[249.99996000000002, 249.99996000000002, 249.99996000000002, 1]",
baseline,light,Button,,error,link,base/label,/__functional-colors,muted,keyboard-focus,0,fail,3.7496349184247983,"[228.999945, 72.000015, 77.00005499999999, 1]","[249.99996000000002, 249.99996000000002, 249.99996000000002, 1]",
baseline,light,Button,,error,link,base/label,/__functional-colors,muted,keyboard-active+focus,0,fail,2.7558404574592883,"[234.25014, 116.50000125, 120.25003125, 1]","[249.99996000000002, 249.99996000000002, 249.99996000000002, 1]",
baseline,light,Button,,error,link,base/label,/__functional-colors,muted,focus+hover,0,fail,2.7558404574592883,"[234.25014, 116.50000125, 120.25003125, 1]","[249.99996000000002, 249.99996000000002, 249.99996000000002, 1]",
baseline,light,FormField,,error,,error,,muted,visible,0,fail,3.7496349184247983,"[228.999945, 72.000015, 77.00005499999999, 1]","[249.99996000000002, 249.99996000000002, 249.99996000000002, 1]",
baseline,light,API fixture,F1,,,,,muted,idle,0,fail,3.7496349184247983,"[228.999945, 72.000015, 77.00005499999999, 1]","[249.99996000000002, 249.99996000000002, 249.99996000000002, 1]",
baseline,light,API fixture,F2,,,,,muted,idle,0,fail,2.1949024154410277,"[232.999875, 154.999965, 23.999988, 1]","[249.99996000000002, 249.99996000000002, 249.99996000000002, 1]",
baseline,light,API fixture,F5-field-caveat,,,,,muted,idle,0,fail,2.0333819238104334,"[232.999875, 154.999965, 23.999988, 1]","[248.299977, 240.49996050000001, 227.3999322, 1]",
baseline,light,API fixture,F5-field-caveat,,,,,muted,idle,1,pass,6.935328370360466,"[82.000095, 82.000095, 82.000095, 1]","[248.299977, 240.49996050000001, 227.3999322, 1]",
baseline,light,API fixture,value-caveat,,,,,muted,idle,0,fail,2.0333819238104334,"[232.999875, 154.999965, 23.999988, 1]","[248.299977, 240.49996050000001, 227.3999322, 1]",
baseline,light,API fixture,value-caveat,,,,,muted,idle,1,pass,6.935328370360466,"[82.000095, 82.000095, 82.000095, 1]","[248.299977, 240.49996050000001, 227.3999322, 1]",
baseline,light,ResponseExample,,,,status/statusText,,muted,single status visible,0,fail,2.6261666632783154,"[68.99994, 165.000045, 86.99987999999999, 1]","[229.02003390000002, 238.62013109999998, 230.8201656, 1]",
baseline,light,ResponseExample,,,,status/statusText,,muted,single status visible,1,fail,2.6261666632783154,"[68.99994, 165.000045, 86.99987999999999, 1]","[229.02003390000002, 238.62013109999998, 230.8201656, 1]",
baseline,light,ResponseExample,,,,status/statusText,,muted,single status visible,2,fail,3.6319704735541003,"[0, 114.000045, 244.99992, 1]","[222.12007331214, 233.52015659999998, 246.6201696, 1]",
baseline,light,ResponseExample,,,,status/statusText,,muted,single status visible,3,fail,3.6319704735541003,"[0, 114.000045, 244.99992, 1]","[222.12007331214, 233.52015659999998, 246.6201696, 1]",
baseline,light,ResponseExample,,,,status/statusText,,muted,single status visible,4,fail,1.9817120839371087,"[232.999875, 154.999965, 23.999988, 1]","[245.4200274, 237.6201486, 224.52012029999997, 1]",
baseline,light,ResponseExample,,,,status/statusText,,muted,single status visible,5,fail,1.9817120839371087,"[232.999875, 154.999965, 23.999988, 1]","[245.4200274, 237.6201486, 224.52012029999997, 1]",
baseline,light,ResponseExample,,,,status/statusText,,muted,single status visible,6,fail,3.218030303159359,"[228.999945, 72.000015, 77.00005499999999, 1]","[245.02003440000001, 229.3201536, 229.8201576, 1]",
baseline,light,ResponseExample,,,,status/statusText,,muted,single status visible,7,fail,3.218030303159359,"[228.999945, 72.000015, 77.00005499999999, 1]","[245.02003440000001, 229.3201536, 229.8201576, 1]",
baseline,light,LifecycleNotice,,,,,,muted,idle,0,fail,2.0333819238104334,"[232.999875, 154.999965, 23.999988, 1]","[248.299977, 240.49996050000001, 227.3999322, 1]",
baseline,light,LifecycleNotice,,,,,,muted,idle,1,fail,1.8958614521933745,"[234.5298852, 163.54996454999997, 44.33998241999999, 1]","[248.299977, 240.49996050000001, 227.3999322, 1]",
baseline,light,LifecycleNotice,,,,,,muted,idle,2,fail,2.6952042500114244,"[68.99994, 165.000045, 86.99987999999999, 1]","[231.89998350000002, 241.499943, 233.69997750000002, 1]",
baseline,light,LifecycleNotice,,,,,,muted,idle,3,fail,2.424103469469601,"[85.28994434999998, 172.6500348, 101.66988974999998, 1]","[231.89998350000002, 241.499943, 233.69997750000002, 1]",
baseline,light,LifecycleNotice,,,,,,muted,idle,4,fail,2.0333819238104334,"[232.999875, 154.999965, 23.999988, 1]","[248.299977, 240.49996050000001, 227.3999322, 1]",
baseline,light,LifecycleNotice,,,,,,muted,idle,5,fail,1.8958614521933745,"[234.5298852, 163.54996454999997, 44.33998241999999, 1]","[248.299977, 240.49996050000001, 227.3999322, 1]",
baseline,light,LifecycleNotice,,,,,,muted,idle,6,pass,16.588903366922167,"[23.0000055, 23.0000055, 23.0000055, 1]","[245.99990250000002, 245.99990250000002, 245.99990250000002, 1]",
baseline,light,LifecycleNotice,,,,,,muted,idle,7,pass,12.690045762981567,"[45.299995200000005, 45.299995200000005, 45.299995200000005, 1]","[245.99990250000002, 245.99990250000002, 245.99990250000002, 1]",
baseline,light,LifecycleNotice,,,,,,muted,idle,8,fail,3.3035732473953328,"[228.999945, 72.000015, 77.00005499999999, 1]","[247.89998400000002, 232.19996550000002, 232.6999695, 1]",
baseline,light,LifecycleNotice,,,,,,muted,idle,9,fail,2.9805594445017043,"[230.88994889999998, 88.02001005, 92.57004644999998, 1]","[247.89998400000002, 232.19996550000002, 232.6999695, 1]",
baseline,light,FieldAnnotation,,,,required,,portal own bg-default,open,0,fail,3.913739873944556,"[228.999945, 72.000015, 77.00005499999999, 1]","[255, 255, 255, 1]",
baseline,light,FieldAnnotation,,,,conditional,,portal own bg-default,open,0,fail,2.290963597687398,"[232.999875, 154.999965, 23.999988, 1]","[255, 255, 255, 1]",
baseline,light,semantic text,,primary,,text,/__functional-colors,elevated,idle,0,pass,5.251452686793594,"[121.999905, 59.99997, 226.000125, 1]","[242.0001, 242.0001, 242.0001, 1]",
baseline,light,Badge,,primary,solid,base,/__functional-colors,elevated,idle,0,pass,5.878968459850046,"[255, 255, 255, 1]","[121.999905, 59.99997, 226.000125, 1]",
baseline,light,Alert,,primary,solid,title,/__functional-colors,elevated,idle,0,pass,5.878968459850046,"[255, 255, 255, 1]","[121.999905, 59.99997, 226.000125, 1]",
baseline,light,Alert,,primary,solid,description,/__functional-colors,elevated,idle,0,pass,5.070593355903083,"[241.69999049999998, 235.499997, 252.1000125, 1]","[121.999905, 59.99997, 226.000125, 1]",
baseline,light,Badge,,primary,outline,base,/__functional-colors,elevated,idle,0,pass,5.251452686793594,"[121.999905, 59.99997, 226.000125, 1]","[242.0001, 242.0001, 242.0001, 1]",
baseline,light,Alert,,primary,outline,title,/__functional-colors,elevated,idle,0,pass,5.251452686793594,"[121.999905, 59.99997, 226.000125, 1]","[242.0001, 242.0001, 242.0001, 1]",
baseline,light,Alert,,primary,outline,description,/__functional-colors,elevated,idle,0,fail,4.439915183636649,"[133.9999245, 78.19998299999999, 227.6001225, 1]","[242.0001, 242.0001, 242.0001, 1]",
baseline,light,Badge,,primary,soft,base,/__functional-colors,elevated,idle,0,pass,4.554351756243229,"[121.999905, 59.99997, 226.000125, 1]","[230.000055, 223.80006150000003, 240.4001025, 1]",
baseline,light,Alert,,primary,soft,title,/__functional-colors,elevated,idle,0,pass,4.554351756243229,"[121.999905, 59.99997, 226.000125, 1]","[230.000055, 223.80006150000003, 240.4001025, 1]",
baseline,light,Alert,,primary,soft,description,/__functional-colors,elevated,idle,0,fail,3.917818234664273,"[132.79992, 76.37997915, 227.44012275, 1]","[230.000055, 223.80006150000003, 240.4001025, 1]",
baseline,light,Badge,,primary,subtle,base,/__functional-colors,elevated,idle,0,pass,4.554351756243229,"[121.999905, 59.99997, 226.000125, 1]","[230.000055, 223.80006150000003, 240.4001025, 1]",
baseline,light,Alert,,primary,subtle,title,/__functional-colors,elevated,idle,0,pass,4.554351756243229,"[121.999905, 59.99997, 226.000125, 1]","[230.000055, 223.80006150000003, 240.4001025, 1]",
baseline,light,Alert,,primary,subtle,description,/__functional-colors,elevated,idle,0,fail,3.917818234664273,"[132.79992, 76.37997915, 227.44012275, 1]","[230.000055, 223.80006150000003, 240.4001025, 1]",
baseline,light,Button,,primary,solid,base/label,/__functional-colors,elevated,idle,0,pass,5.878968459850046,"[255, 255, 255, 1]","[121.999905, 59.99997, 226.000125, 1]",
baseline,light,Button,,primary,solid,base/label,/__functional-colors,elevated,hover,0,fail,3.8051990828051667,"[255, 255, 255, 1]","[151.9997625, 105.49981125, 230.00011874999998, 1]",
baseline,light,Button,,primary,solid,base/label,/__functional-colors,elevated,active+hover,0,fail,3.8051990828051667,"[255, 255, 255, 1]","[151.9997625, 105.49981125, 230.00011874999998, 1]",
baseline,light,Button,,primary,solid,base/label,/__functional-colors,elevated,keyboard-focus,0,pass,5.878968459850046,"[255, 255, 255, 1]","[121.999905, 59.99997, 226.000125, 1]",
baseline,light,Button,,primary,solid,base/label,/__functional-colors,elevated,keyboard-active+focus,0,fail,3.8051990828051667,"[255, 255, 255, 1]","[151.9997625, 105.49981125, 230.00011874999998, 1]",
baseline,light,Button,,primary,solid,base/label,/__functional-colors,elevated,focus+hover,0,fail,3.8051990828051667,"[255, 255, 255, 1]","[151.9997625, 105.49981125, 230.00011874999998, 1]",
baseline,light,Button,,primary,link,base/label,/__functional-colors,elevated,idle,0,pass,5.251452686793594,"[121.999905, 59.99997, 226.000125, 1]","[242.0001, 242.0001, 242.0001, 1]",
baseline,light,Button,,primary,link,base/label,/__functional-colors,elevated,hover,0,fail,3.3990355763350046,"[151.9997625, 105.49981125, 230.00011874999998, 1]","[242.0001, 242.0001, 242.0001, 1]",
baseline,light,Button,,primary,link,base/label,/__functional-colors,elevated,active+hover,0,fail,3.3990355763350046,"[151.9997625, 105.49981125, 230.00011874999998, 1]","[242.0001, 242.0001, 242.0001, 1]",
baseline,light,Button,,primary,link,base/label,/__functional-colors,elevated,keyboard-focus,0,pass,5.251452686793594,"[121.999905, 59.99997, 226.000125, 1]","[242.0001, 242.0001, 242.0001, 1]",
baseline,light,Button,,primary,link,base/label,/__functional-colors,elevated,keyboard-active+focus,0,fail,3.3990355763350046,"[151.9997625, 105.49981125, 230.00011874999998, 1]","[242.0001, 242.0001, 242.0001, 1]",
baseline,light,Button,,primary,link,base/label,/__functional-colors,elevated,focus+hover,0,fail,3.3990355763350046,"[151.9997625, 105.49981125, 230.00011874999998, 1]","[242.0001, 242.0001, 242.0001, 1]",
baseline,light,semantic text,,secondary,,text,/__functional-colors,elevated,idle,0,fail,2.744313408234621,"[17.999991, 165.000045, 147.99996000000002, 1]","[242.0001, 242.0001, 242.0001, 1]",
baseline,light,Badge,,secondary,solid,base,/__functional-colors,elevated,idle,0,fail,3.072241707809382,"[255, 255, 255, 1]","[17.999991, 165.000045, 147.99996000000002, 1]",
baseline,light,Alert,,secondary,solid,title,/__functional-colors,elevated,idle,0,fail,3.072241707809382,"[255, 255, 255, 1]","[17.999991, 165.000045, 147.99996000000002, 1]",
baseline,light,Alert,,secondary,solid,description,/__functional-colors,elevated,idle,0,fail,2.7650268961885356,"[231.2999991, 246.0000045, 244.299996, 1]","[17.999991, 165.000045, 147.99996000000002, 1]",
baseline,light,Badge,,secondary,outline,base,/__functional-colors,elevated,idle,0,fail,2.744313408234621,"[17.999991, 165.000045, 147.99996000000002, 1]","[242.0001, 242.0001, 242.0001, 1]",
baseline,light,Alert,,secondary,outline,title,/__functional-colors,elevated,idle,0,fail,2.744313408234621,"[17.999991, 165.000045, 147.99996000000002, 1]","[242.0001, 242.0001, 242.0001, 1]",
baseline,light,Alert,,secondary,outline,description,/__functional-colors,elevated,idle,0,fail,2.489221320516029,"[40.40000189999999, 172.7000505, 157.39997400000001, 1]","[242.0001, 242.0001, 242.0001, 1]",
baseline,light,Badge,,secondary,soft,base,/__functional-colors,elevated,idle,0,fail,2.4879398699874593,"[17.999991, 165.000045, 147.99996000000002, 1]","[219.5999667, 234.3000945, 232.600086, 1]",
baseline,light,Alert,,secondary,soft,title,/__functional-colors,elevated,idle,0,fail,2.4879398699874593,"[17.999991, 165.000045, 147.99996000000002, 1]","[219.5999667, 234.3000945, 232.600086, 1]",
baseline,light,Alert,,secondary,soft,description,/__functional-colors,elevated,idle,0,fail,2.2790552332116407,"[38.159988569999996, 171.93004995, 156.45997260000001, 1]","[219.5999667, 234.3000945, 232.600086, 1]",
baseline,light,Badge,,secondary,subtle,base,/__functional-colors,elevated,idle,0,fail,2.4879398699874593,"[17.999991, 165.000045, 147.99996000000002, 1]","[219.5999667, 234.3000945, 232.600086, 1]",
baseline,light,Alert,,secondary,subtle,title,/__functional-colors,elevated,idle,0,fail,2.4879398699874593,"[17.999991, 165.000045, 147.99996000000002, 1]","[219.5999667, 234.3000945, 232.600086, 1]",
baseline,light,Alert,,secondary,subtle,description,/__functional-colors,elevated,idle,0,fail,2.2790552332116407,"[38.159988569999996, 171.93004995, 156.45997260000001, 1]","[219.5999667, 234.3000945, 232.600086, 1]",
baseline,light,Button,,secondary,solid,base/label,/__functional-colors,elevated,idle,0,fail,3.072241707809382,"[255, 255, 255, 1]","[17.999991, 165.000045, 147.99996000000002, 1]",
baseline,light,Button,,secondary,solid,base/label,/__functional-colors,elevated,hover,0,fail,2.397251830527958,"[255, 255, 255, 1]","[73.99910025, 184.25005875, 171.499995, 1]",
baseline,light,Button,,secondary,solid,base/label,/__functional-colors,elevated,active+hover,0,fail,2.397251830527958,"[255, 255, 255, 1]","[73.99910025, 184.25005875, 171.499995, 1]",
baseline,light,Button,,secondary,solid,base/label,/__functional-colors,elevated,keyboard-focus,0,fail,3.072241707809382,"[255, 255, 255, 1]","[17.999991, 165.000045, 147.99996000000002, 1]",
baseline,light,Button,,secondary,solid,base/label,/__functional-colors,elevated,keyboard-active+focus,0,fail,2.397251830527958,"[255, 255, 255, 1]","[73.99910025, 184.25005875, 171.499995, 1]",
baseline,light,Button,,secondary,solid,base/label,/__functional-colors,elevated,focus+hover,0,fail,2.397251830527958,"[255, 255, 255, 1]","[73.99910025, 184.25005875, 171.499995, 1]",
baseline,light,Button,,secondary,link,base/label,/__functional-colors,elevated,idle,0,fail,2.744313408234621,"[17.999991, 165.000045, 147.99996000000002, 1]","[242.0001, 242.0001, 242.0001, 1]",
baseline,light,Button,,secondary,link,base/label,/__functional-colors,elevated,hover,0,fail,2.1413713396019847,"[73.99910025, 184.25005875, 171.499995, 1]","[242.0001, 242.0001, 242.0001, 1]",
baseline,light,Button,,secondary,link,base/label,/__functional-colors,elevated,active+hover,0,fail,2.1413713396019847,"[73.99910025, 184.25005875, 171.499995, 1]","[242.0001, 242.0001, 242.0001, 1]",
baseline,light,Button,,secondary,link,base/label,/__functional-colors,elevated,keyboard-focus,0,fail,2.744313408234621,"[17.999991, 165.000045, 147.99996000000002, 1]","[242.0001, 242.0001, 242.0001, 1]",
baseline,light,Button,,secondary,link,base/label,/__functional-colors,elevated,keyboard-active+focus,0,fail,2.1413713396019847,"[73.99910025, 184.25005875, 171.499995, 1]","[242.0001, 242.0001, 242.0001, 1]",
baseline,light,Button,,secondary,link,base/label,/__functional-colors,elevated,focus+hover,0,fail,2.1413713396019847,"[73.99910025, 184.25005875, 171.499995, 1]","[242.0001, 242.0001, 242.0001, 1]",
baseline,light,semantic text,,success,,text,/__functional-colors,elevated,idle,0,fail,2.7697106336207358,"[68.99994, 165.000045, 86.99987999999999, 1]","[242.0001, 242.0001, 242.0001, 1]",
baseline,light,Badge,,success,solid,base,/__functional-colors,elevated,idle,0,fail,3.100673742889534,"[255, 255, 255, 1]","[68.99994, 165.000045, 86.99987999999999, 1]",
baseline,light,Alert,,success,solid,title,/__functional-colors,elevated,idle,0,fail,3.100673742889534,"[255, 255, 255, 1]","[68.99994, 165.000045, 86.99987999999999, 1]",
baseline,light,Alert,,success,solid,description,/__functional-colors,elevated,idle,0,fail,2.8053053514185198,"[236.399994, 246.0000045, 238.199988, 1]","[68.99994, 165.000045, 86.99987999999999, 1]",
baseline,light,Badge,,success,outline,base,/__functional-colors,elevated,idle,0,fail,2.7697106336207358,"[68.99994, 165.000045, 86.99987999999999, 1]","[242.0001, 242.0001, 242.0001, 1]",
baseline,light,Alert,,success,outline,title,/__functional-colors,elevated,idle,0,fail,2.7697106336207358,"[68.99994, 165.000045, 86.99987999999999, 1]","[242.0001, 242.0001, 242.0001, 1]",
baseline,light,Alert,,success,outline,description,/__functional-colors,elevated,idle,0,fail,2.485607602592619,"[86.299956, 172.7000505, 102.49990199999999, 1]","[242.0001, 242.0001, 242.0001, 1]",
baseline,light,Badge,,success,soft,base,/__functional-colors,elevated,idle,0,fail,2.5246726192519295,"[68.99994, 165.000045, 86.99987999999999, 1]","[224.70010950000002, 234.300069, 226.50010350000002, 1]",
baseline,light,Alert,,success,soft,title,/__functional-colors,elevated,idle,0,fail,2.5246726192519295,"[68.99994, 165.000045, 86.99987999999999, 1]","[224.70010950000002, 234.300069, 226.50010350000002, 1]",
baseline,light,Alert,,success,soft,description,/__functional-colors,elevated,idle,0,fail,2.2903433200195207,"[84.56995694999998, 171.93004739999998, 100.94990234999999, 1]","[224.70010950000002, 234.300069, 226.50010350000002, 1]",
baseline,light,Badge,,success,subtle,base,/__functional-colors,elevated,idle,0,fail,2.5246726192519295,"[68.99994, 165.000045, 86.99987999999999, 1]","[224.70010950000002, 234.300069, 226.50010350000002, 1]",
baseline,light,Alert,,success,subtle,title,/__functional-colors,elevated,idle,0,fail,2.5246726192519295,"[68.99994, 165.000045, 86.99987999999999, 1]","[224.70010950000002, 234.300069, 226.50010350000002, 1]",
baseline,light,Alert,,success,subtle,description,/__functional-colors,elevated,idle,0,fail,2.2903433200195207,"[84.56995694999998, 171.93004739999998, 100.94990234999999, 1]","[224.70010950000002, 234.300069, 226.50010350000002, 1]",
baseline,light,Button,,success,solid,base/label,/__functional-colors,elevated,idle,0,fail,3.100673742889534,"[255, 255, 255, 1]","[68.99994, 165.000045, 86.99987999999999, 1]",
baseline,light,Button,,success,solid,base/label,/__functional-colors,elevated,hover,0,fail,2.3677452928856617,"[255, 255, 255, 1]","[112.2503625, 184.24986750000002, 125.749935, 1]",
baseline,light,Button,,success,solid,base/label,/__functional-colors,elevated,active+hover,0,fail,2.3677452928856617,"[255, 255, 255, 1]","[112.2503625, 184.24986750000002, 125.749935, 1]",
baseline,light,Button,,success,solid,base/label,/__functional-colors,elevated,keyboard-focus,0,fail,3.100673742889534,"[255, 255, 255, 1]","[68.99994, 165.000045, 86.99987999999999, 1]",
baseline,light,Button,,success,solid,base/label,/__functional-colors,elevated,keyboard-active+focus,0,fail,2.3677452928856617,"[255, 255, 255, 1]","[112.2503625, 184.24986750000002, 125.749935, 1]",
baseline,light,Button,,success,solid,base/label,/__functional-colors,elevated,focus+hover,0,fail,2.3677452928856617,"[255, 255, 255, 1]","[112.2503625, 184.24986750000002, 125.749935, 1]",
baseline,light,Button,,success,link,base/label,/__functional-colors,elevated,idle,0,fail,2.7697106336207358,"[68.99994, 165.000045, 86.99987999999999, 1]","[242.0001, 242.0001, 242.0001, 1]",
baseline,light,Button,,success,link,base/label,/__functional-colors,elevated,hover,0,fail,2.115014303084805,"[112.2503625, 184.24986750000002, 125.749935, 1]","[242.0001, 242.0001, 242.0001, 1]",
baseline,light,Button,,success,link,base/label,/__functional-colors,elevated,active+hover,0,fail,2.115014303084805,"[112.2503625, 184.24986750000002, 125.749935, 1]","[242.0001, 242.0001, 242.0001, 1]",
baseline,light,Button,,success,link,base/label,/__functional-colors,elevated,keyboard-focus,0,fail,2.7697106336207358,"[68.99994, 165.000045, 86.99987999999999, 1]","[242.0001, 242.0001, 242.0001, 1]",
baseline,light,Button,,success,link,base/label,/__functional-colors,elevated,keyboard-active+focus,0,fail,2.115014303084805,"[112.2503625, 184.24986750000002, 125.749935, 1]","[242.0001, 242.0001, 242.0001, 1]",
baseline,light,Button,,success,link,base/label,/__functional-colors,elevated,focus+hover,0,fail,2.115014303084805,"[112.2503625, 184.24986750000002, 125.749935, 1]","[242.0001, 242.0001, 242.0001, 1]",
baseline,light,semantic text,,info,,text,/__functional-colors,elevated,idle,0,fail,3.9696779577448624,"[0, 114.000045, 244.99992, 1]","[242.0001, 242.0001, 242.0001, 1]",
baseline,light,Badge,,info,solid,base,/__functional-colors,elevated,idle,0,fail,4.444029662122568,"[255, 255, 255, 1]","[0, 114.000045, 244.99992, 1]",
baseline,light,Alert,,info,solid,title,/__functional-colors,elevated,idle,0,fail,4.444029662122568,"[255, 255, 255, 1]","[0, 114.000045, 244.99992, 1]",
baseline,light,Alert,,info,solid,description,/__functional-colors,elevated,idle,0,fail,3.8831317688318108,"[229.5, 240.9000045, 253.999992, 1]","[0, 114.000045, 244.99992, 1]",
baseline,light,Badge,,info,outline,base,/__functional-colors,elevated,idle,0,fail,3.9696779577448624,"[0, 114.000045, 244.99992, 1]","[242.0001, 242.0001, 242.0001, 1]",
baseline,light,Alert,,info,outline,title,/__functional-colors,elevated,idle,0,fail,3.9696779577448624,"[0, 114.000045, 244.99992, 1]","[242.0001, 242.0001, 242.0001, 1]",
baseline,light,Alert,,info,outline,description,/__functional-colors,elevated,idle,0,fail,3.486958422954542,"[24.200009999999995, 126.8000505, 244.699938, 1]","[242.0001, 242.0001, 242.0001, 1]",
baseline,light,Badge,,info,soft,base,/__functional-colors,elevated,idle,0,fail,3.4897444753329196,"[0, 114.000045, 244.99992, 1]","[217.80014891214, 229.2000945, 242.30010750000002, 1]",
baseline,light,Alert,,info,soft,title,/__functional-colors,elevated,idle,0,fail,3.4897444753329196,"[0, 114.000045, 244.99992, 1]","[217.80014891214, 229.2000945, 242.30010750000002, 1]",
baseline,light,Alert,,info,soft,description,/__functional-colors,elevated,idle,0,fail,3.106340133161219,"[21.78001489121399, 125.52004995, 244.72993875000003, 1]","[217.80014891214, 229.2000945, 242.30010750000002, 1]",
baseline,light,Badge,,info,subtle,base,/__functional-colors,elevated,idle,0,fail,3.4897444753329196,"[0, 114.000045, 244.99992, 1]","[217.80014891214, 229.2000945, 242.30010750000002, 1]",
baseline,light,Alert,,info,subtle,title,/__functional-colors,elevated,idle,0,fail,3.4897444753329196,"[0, 114.000045, 244.99992, 1]","[217.80014891214, 229.2000945, 242.30010750000002, 1]",
baseline,light,Alert,,info,subtle,description,/__functional-colors,elevated,idle,0,fail,3.106340133161219,"[21.78001489121399, 125.52004995, 244.72993875000003, 1]","[217.80014891214, 229.2000945, 242.30010750000002, 1]",
baseline,light,Button,,info,solid,base/label,/__functional-colors,elevated,idle,0,fail,4.444029662122568,"[255, 255, 255, 1]","[0, 114.000045, 244.99992, 1]",
baseline,light,Button,,info,solid,base/label,/__functional-colors,elevated,hover,0,fail,3.1740303804435794,"[255, 255, 255, 1]","[60.50046684105, 146.00005875, 244.25015625, 1]",
baseline,light,Button,,info,solid,base/label,/__functional-colors,elevated,active+hover,0,fail,3.1740303804435794,"[255, 255, 255, 1]","[60.50046684105, 146.00005875, 244.25015625, 1]",
baseline,light,Button,,info,solid,base/label,/__functional-colors,elevated,keyboard-focus,0,fail,4.444029662122568,"[255, 255, 255, 1]","[0, 114.000045, 244.99992, 1]",
baseline,light,Button,,info,solid,base/label,/__functional-colors,elevated,keyboard-active+focus,0,fail,3.1740303804435794,"[255, 255, 255, 1]","[60.50046684105, 146.00005875, 244.25015625, 1]",
baseline,light,Button,,info,solid,base/label,/__functional-colors,elevated,focus+hover,0,fail,3.1740303804435794,"[255, 255, 255, 1]","[60.50046684105, 146.00005875, 244.25015625, 1]",
baseline,light,Button,,info,link,base/label,/__functional-colors,elevated,idle,0,fail,3.9696779577448624,"[0, 114.000045, 244.99992, 1]","[242.0001, 242.0001, 242.0001, 1]",
baseline,light,Button,,info,link,base/label,/__functional-colors,elevated,hover,0,fail,2.8352372500685408,"[60.50046684105, 146.00005875, 244.25015625, 1]","[242.0001, 242.0001, 242.0001, 1]",
baseline,light,Button,,info,link,base/label,/__functional-colors,elevated,active+hover,0,fail,2.8352372500685408,"[60.50046684105, 146.00005875, 244.25015625, 1]","[242.0001, 242.0001, 242.0001, 1]",
baseline,light,Button,,info,link,base/label,/__functional-colors,elevated,keyboard-focus,0,fail,3.9696779577448624,"[0, 114.000045, 244.99992, 1]","[242.0001, 242.0001, 242.0001, 1]",
baseline,light,Button,,info,link,base/label,/__functional-colors,elevated,keyboard-active+focus,0,fail,2.8352372500685408,"[60.50046684105, 146.00005875, 244.25015625, 1]","[242.0001, 242.0001, 242.0001, 1]",
baseline,light,Button,,info,link,base/label,/__functional-colors,elevated,focus+hover,0,fail,2.8352372500685408,"[60.50046684105, 146.00005875, 244.25015625, 1]","[242.0001, 242.0001, 242.0001, 1]",
baseline,light,semantic text,,warning,,text,/__functional-colors,elevated,idle,0,fail,2.0464282165461176,"[232.999875, 154.999965, 23.999988, 1]","[242.0001, 242.0001, 242.0001, 1]",
baseline,light,Badge,,warning,solid,base,/__functional-colors,elevated,idle,0,fail,2.290963597687398,"[255, 255, 255, 1]","[232.999875, 154.999965, 23.999988, 1]",
baseline,light,Alert,,warning,solid,title,/__functional-colors,elevated,idle,0,fail,2.290963597687398,"[255, 255, 255, 1]","[232.999875, 154.999965, 23.999988, 1]",
baseline,light,Alert,,warning,solid,description,/__functional-colors,elevated,idle,0,fail,2.1157693023091406,"[252.7999875, 244.9999965, 231.8999988, 1]","[232.999875, 154.999965, 23.999988, 1]",
baseline,light,Badge,,warning,outline,base,/__functional-colors,elevated,idle,0,fail,2.0464282165461176,"[232.999875, 154.999965, 23.999988, 1]","[242.0001, 242.0001, 242.0001, 1]",
baseline,light,Alert,,warning,outline,title,/__functional-colors,elevated,idle,0,fail,2.0464282165461176,"[232.999875, 154.999965, 23.999988, 1]","[242.0001, 242.0001, 242.0001, 1]",
baseline,light,Alert,,warning,outline,description,/__functional-colors,elevated,idle,0,fail,1.9096554779473012,"[233.8998975, 163.6999785, 45.799999199999995, 1]","[242.0001, 242.0001, 242.0001, 1]",
baseline,light,Badge,,warning,soft,base,/__functional-colors,elevated,idle,0,fail,1.9057367797935838,"[232.999875, 154.999965, 23.999988, 1]","[241.10010300000002, 233.30008650000002, 220.2000582, 1]",
baseline,light,Alert,,warning,soft,title,/__functional-colors,elevated,idle,0,fail,1.9057367797935838,"[232.999875, 154.999965, 23.999988, 1]","[241.10010300000002, 233.30008650000002, 220.2000582, 1]",
baseline,light,Alert,,warning,soft,description,/__functional-colors,elevated,idle,0,fail,1.7908192330058808,"[233.8098978, 162.82997715, 43.61999501999999, 1]","[241.10010300000002, 233.30008650000002, 220.2000582, 1]",
baseline,light,Badge,,warning,subtle,base,/__functional-colors,elevated,idle,0,fail,1.9057367797935838,"[232.999875, 154.999965, 23.999988, 1]","[241.10010300000002, 233.30008650000002, 220.2000582, 1]",
baseline,light,Alert,,warning,subtle,title,/__functional-colors,elevated,idle,0,fail,1.9057367797935838,"[232.999875, 154.999965, 23.999988, 1]","[241.10010300000002, 233.30008650000002, 220.2000582, 1]",
baseline,light,Alert,,warning,subtle,description,/__functional-colors,elevated,idle,0,fail,1.7908192330058808,"[233.8098978, 162.82997715, 43.61999501999999, 1]","[241.10010300000002, 233.30008650000002, 220.2000582, 1]",
baseline,light,Button,,warning,solid,base/label,/__functional-colors,elevated,idle,0,fail,2.290963597687398,"[255, 255, 255, 1]","[232.999875, 154.999965, 23.999988, 1]",
baseline,light,Button,,warning,solid,base/label,/__functional-colors,elevated,hover,0,fail,1.9228080448661573,"[255, 255, 255, 1]","[235.2501225, 176.74999875, 78.4997865, 1]",
baseline,light,Button,,warning,solid,base/label,/__functional-colors,elevated,active+hover,0,fail,1.9228080448661573,"[255, 255, 255, 1]","[235.2501225, 176.74999875, 78.4997865, 1]",
baseline,light,Button,,warning,solid,base/label,/__functional-colors,elevated,keyboard-focus,0,fail,2.290963597687398,"[255, 255, 255, 1]","[232.999875, 154.999965, 23.999988, 1]",
baseline,light,Button,,warning,solid,base/label,/__functional-colors,elevated,keyboard-active+focus,0,fail,1.9228080448661573,"[255, 255, 255, 1]","[235.2501225, 176.74999875, 78.4997865, 1]",
baseline,light,Button,,warning,solid,base/label,/__functional-colors,elevated,focus+hover,0,fail,1.9228080448661573,"[255, 255, 255, 1]","[235.2501225, 176.74999875, 78.4997865, 1]",
baseline,light,Button,,warning,link,base/label,/__functional-colors,elevated,idle,0,fail,2.0464282165461176,"[232.999875, 154.999965, 23.999988, 1]","[242.0001, 242.0001, 242.0001, 1]",
baseline,light,Button,,warning,link,base/label,/__functional-colors,elevated,hover,0,fail,1.7175692542596623,"[235.2501225, 176.74999875, 78.4997865, 1]","[242.0001, 242.0001, 242.0001, 1]",
baseline,light,Button,,warning,link,base/label,/__functional-colors,elevated,active+hover,0,fail,1.7175692542596623,"[235.2501225, 176.74999875, 78.4997865, 1]","[242.0001, 242.0001, 242.0001, 1]",
baseline,light,Button,,warning,link,base/label,/__functional-colors,elevated,keyboard-focus,0,fail,2.0464282165461176,"[232.999875, 154.999965, 23.999988, 1]","[242.0001, 242.0001, 242.0001, 1]",
baseline,light,Button,,warning,link,base/label,/__functional-colors,elevated,keyboard-active+focus,0,fail,1.7175692542596623,"[235.2501225, 176.74999875, 78.4997865, 1]","[242.0001, 242.0001, 242.0001, 1]",
baseline,light,Button,,warning,link,base/label,/__functional-colors,elevated,focus+hover,0,fail,1.7175692542596623,"[235.2501225, 176.74999875, 78.4997865, 1]","[242.0001, 242.0001, 242.0001, 1]",
baseline,light,semantic text,,error,,text,/__functional-colors,elevated,idle,0,fail,3.495990821655403,"[228.999945, 72.000015, 77.00005499999999, 1]","[242.0001, 242.0001, 242.0001, 1]",
baseline,light,Badge,,error,solid,base,/__functional-colors,elevated,idle,0,fail,3.913739873944556,"[255, 255, 255, 1]","[228.999945, 72.000015, 77.00005499999999, 1]",
baseline,light,Alert,,error,solid,title,/__functional-colors,elevated,idle,0,fail,3.913739873944556,"[255, 255, 255, 1]","[228.999945, 72.000015, 77.00005499999999, 1]",
baseline,light,Alert,,error,solid,description,/__functional-colors,elevated,idle,0,fail,3.4400329570355073,"[252.3999945, 236.70000149999998, 237.2000055, 1]","[228.999945, 72.000015, 77.00005499999999, 1]",
baseline,light,Badge,,error,outline,base,/__functional-colors,elevated,idle,0,fail,3.495990821655403,"[228.999945, 72.000015, 77.00005499999999, 1]","[242.0001, 242.0001, 242.0001, 1]",
baseline,light,Alert,,error,outline,title,/__functional-colors,elevated,idle,0,fail,3.495990821655403,"[228.999945, 72.000015, 77.00005499999999, 1]","[242.0001, 242.0001, 242.0001, 1]",
baseline,light,Alert,,error,outline,description,/__functional-colors,elevated,idle,0,fail,3.145640079949279,"[230.2999605, 89.0000235, 93.50005949999998, 1]","[242.0001, 242.0001, 242.0001, 1]",
baseline,light,Badge,,error,soft,base,/__functional-colors,elevated,idle,0,fail,3.0923053208836593,"[228.999945, 72.000015, 77.00005499999999, 1]","[240.70011, 225.00009150000002, 225.50009550000001, 1]",
baseline,light,Alert,,error,soft,title,/__functional-colors,elevated,idle,0,fail,3.0923053208836593,"[228.999945, 72.000015, 77.00005499999999, 1]","[240.70011, 225.00009150000002, 225.50009550000001, 1]",
baseline,light,Alert,,error,soft,description,/__functional-colors,elevated,idle,0,fail,2.813581957680874,"[230.1699615, 87.30002265, 91.85005904999998, 1]","[240.70011, 225.00009150000002, 225.50009550000001, 1]",
baseline,light,Badge,,error,subtle,base,/__functional-colors,elevated,idle,0,fail,3.0923053208836593,"[228.999945, 72.000015, 77.00005499999999, 1]","[240.70011, 225.00009150000002, 225.50009550000001, 1]",
baseline,light,Alert,,error,subtle,title,/__functional-colors,elevated,idle,0,fail,3.0923053208836593,"[228.999945, 72.000015, 77.00005499999999, 1]","[240.70011, 225.00009150000002, 225.50009550000001, 1]",
baseline,light,Alert,,error,subtle,description,/__functional-colors,elevated,idle,0,fail,2.813581957680874,"[230.1699615, 87.30002265, 91.85005904999998, 1]","[240.70011, 225.00009150000002, 225.50009550000001, 1]",
baseline,light,Button,,error,solid,base/label,/__functional-colors,elevated,idle,0,fail,3.913739873944556,"[255, 255, 255, 1]","[228.999945, 72.000015, 77.00005499999999, 1]",
baseline,light,Button,,error,solid,base/label,/__functional-colors,elevated,hover,0,fail,2.9445243373043963,"[255, 255, 255, 1]","[232.25017499999998, 114.50003625, 118.25006625, 1]",
baseline,light,Button,,error,solid,base/label,/__functional-colors,elevated,active+hover,0,fail,2.9445243373043963,"[255, 255, 255, 1]","[232.25017499999998, 114.50003625, 118.25006625, 1]",
baseline,light,Button,,error,solid,base/label,/__functional-colors,elevated,keyboard-focus,0,fail,3.913739873944556,"[255, 255, 255, 1]","[228.999945, 72.000015, 77.00005499999999, 1]",
baseline,light,Button,,error,solid,base/label,/__functional-colors,elevated,keyboard-active+focus,0,fail,2.9445243373043963,"[255, 255, 255, 1]","[232.25017499999998, 114.50003625, 118.25006625, 1]",
baseline,light,Button,,error,solid,base/label,/__functional-colors,elevated,focus+hover,0,fail,2.9445243373043963,"[255, 255, 255, 1]","[232.25017499999998, 114.50003625, 118.25006625, 1]",
baseline,light,Button,,error,link,base/label,/__functional-colors,elevated,idle,0,fail,3.495990821655403,"[228.999945, 72.000015, 77.00005499999999, 1]","[242.0001, 242.0001, 242.0001, 1]",
baseline,light,Button,,error,link,base/label,/__functional-colors,elevated,hover,0,fail,2.630228474275692,"[232.25017499999998, 114.50003625, 118.25006625, 1]","[242.0001, 242.0001, 242.0001, 1]",
baseline,light,Button,,error,link,base/label,/__functional-colors,elevated,active+hover,0,fail,2.630228474275692,"[232.25017499999998, 114.50003625, 118.25006625, 1]","[242.0001, 242.0001, 242.0001, 1]",
baseline,light,Button,,error,link,base/label,/__functional-colors,elevated,keyboard-focus,0,fail,3.495990821655403,"[228.999945, 72.000015, 77.00005499999999, 1]","[242.0001, 242.0001, 242.0001, 1]",
baseline,light,Button,,error,link,base/label,/__functional-colors,elevated,keyboard-active+focus,0,fail,2.630228474275692,"[232.25017499999998, 114.50003625, 118.25006625, 1]","[242.0001, 242.0001, 242.0001, 1]",
baseline,light,Button,,error,link,base/label,/__functional-colors,elevated,focus+hover,0,fail,2.630228474275692,"[232.25017499999998, 114.50003625, 118.25006625, 1]","[242.0001, 242.0001, 242.0001, 1]",
baseline,light,FormField,,error,,error,,elevated,visible,0,fail,3.495990821655403,"[228.999945, 72.000015, 77.00005499999999, 1]","[242.0001, 242.0001, 242.0001, 1]",
baseline,light,API fixture,F1,,,,,elevated,idle,0,fail,3.495990821655403,"[228.999945, 72.000015, 77.00005499999999, 1]","[242.0001, 242.0001, 242.0001, 1]",
baseline,light,API fixture,F2,,,,,elevated,idle,0,fail,2.0464282165461176,"[232.999875, 154.999965, 23.999988, 1]","[242.0001, 242.0001, 242.0001, 1]",
baseline,light,API fixture,F5-field-caveat,,,,,elevated,idle,0,fail,1.9057367797935838,"[232.999875, 154.999965, 23.999988, 1]","[241.10010300000002, 233.30008650000002, 220.2000582, 1]",
baseline,light,API fixture,F5-field-caveat,,,,,elevated,idle,1,pass,6.499964517523672,"[82.000095, 82.000095, 82.000095, 1]","[241.10010300000002, 233.30008650000002, 220.2000582, 1]",
baseline,light,API fixture,value-caveat,,,,,elevated,idle,0,fail,1.9057367797935838,"[232.999875, 154.999965, 23.999988, 1]","[241.10010300000002, 233.30008650000002, 220.2000582, 1]",
baseline,light,API fixture,value-caveat,,,,,elevated,idle,1,pass,6.499964517523672,"[82.000095, 82.000095, 82.000095, 1]","[241.10010300000002, 233.30008650000002, 220.2000582, 1]",
baseline,light,ResponseExample,,,,status/statusText,,elevated,single status visible,0,fail,2.6261666632783154,"[68.99994, 165.000045, 86.99987999999999, 1]","[229.02003390000002, 238.62013109999998, 230.8201656, 1]",
baseline,light,ResponseExample,,,,status/statusText,,elevated,single status visible,1,fail,2.6261666632783154,"[68.99994, 165.000045, 86.99987999999999, 1]","[229.02003390000002, 238.62013109999998, 230.8201656, 1]",
baseline,light,ResponseExample,,,,status/statusText,,elevated,single status visible,2,fail,3.6319704735541003,"[0, 114.000045, 244.99992, 1]","[222.12007331214, 233.52015659999998, 246.6201696, 1]",
baseline,light,ResponseExample,,,,status/statusText,,elevated,single status visible,3,fail,3.6319704735541003,"[0, 114.000045, 244.99992, 1]","[222.12007331214, 233.52015659999998, 246.6201696, 1]",
baseline,light,ResponseExample,,,,status/statusText,,elevated,single status visible,4,fail,1.9817120839371087,"[232.999875, 154.999965, 23.999988, 1]","[245.4200274, 237.6201486, 224.52012029999997, 1]",
baseline,light,ResponseExample,,,,status/statusText,,elevated,single status visible,5,fail,1.9817120839371087,"[232.999875, 154.999965, 23.999988, 1]","[245.4200274, 237.6201486, 224.52012029999997, 1]",
baseline,light,ResponseExample,,,,status/statusText,,elevated,single status visible,6,fail,3.218030303159359,"[228.999945, 72.000015, 77.00005499999999, 1]","[245.02003440000001, 229.3201536, 229.8201576, 1]",
baseline,light,ResponseExample,,,,status/statusText,,elevated,single status visible,7,fail,3.218030303159359,"[228.999945, 72.000015, 77.00005499999999, 1]","[245.02003440000001, 229.3201536, 229.8201576, 1]",
baseline,light,LifecycleNotice,,,,,,elevated,idle,0,fail,1.9057367797935838,"[232.999875, 154.999965, 23.999988, 1]","[241.10010300000002, 233.30008650000002, 220.2000582, 1]",
baseline,light,LifecycleNotice,,,,,,elevated,idle,1,fail,1.7908192330058808,"[233.8098978, 162.82997715, 43.61999501999999, 1]","[241.10010300000002, 233.30008650000002, 220.2000582, 1]",
baseline,light,LifecycleNotice,,,,,,elevated,idle,2,fail,2.5246726192519295,"[68.99994, 165.000045, 86.99987999999999, 1]","[224.70010950000002, 234.300069, 226.50010350000002, 1]",
baseline,light,LifecycleNotice,,,,,,elevated,idle,3,fail,2.2903433200195207,"[84.56995694999998, 171.93004739999998, 100.94990234999999, 1]","[224.70010950000002, 234.300069, 226.50010350000002, 1]",
baseline,light,LifecycleNotice,,,,,,elevated,idle,4,fail,1.9057367797935838,"[232.999875, 154.999965, 23.999988, 1]","[241.10010300000002, 233.30008650000002, 220.2000582, 1]",
baseline,light,LifecycleNotice,,,,,,elevated,idle,5,fail,1.7908192330058808,"[233.8098978, 162.82997715, 43.61999501999999, 1]","[241.10010300000002, 233.30008650000002, 220.2000582, 1]",
baseline,light,LifecycleNotice,,,,,,elevated,idle,6,pass,16.01421985372683,"[23.0000055, 23.0000055, 23.0000055, 1]","[241.9999725, 241.9999725, 241.9999725, 1]",
baseline,light,LifecycleNotice,,,,,,elevated,idle,7,pass,12.319264149745326,"[44.9000022, 44.9000022, 44.9000022, 1]","[241.9999725, 241.9999725, 241.9999725, 1]",
baseline,light,LifecycleNotice,,,,,,elevated,idle,8,fail,3.0923053208836593,"[228.999945, 72.000015, 77.00005499999999, 1]","[240.70011, 225.00009150000002, 225.50009550000001, 1]",
baseline,light,LifecycleNotice,,,,,,elevated,idle,9,fail,2.813581957680874,"[230.1699615, 87.30002265, 91.85005904999998, 1]","[240.70011, 225.00009150000002, 225.50009550000001, 1]",
baseline,light,FieldAnnotation,,,,required,,portal own bg-default,open,0,fail,3.913739873944556,"[228.999945, 72.000015, 77.00005499999999, 1]","[255, 255, 255, 1]",
baseline,light,FieldAnnotation,,,,conditional,,portal own bg-default,open,0,fail,2.290963597687398,"[232.999875, 154.999965, 23.999988, 1]","[255, 255, 255, 1]",
baseline,light,semantic text,,primary,,text,/__functional-colors,accented,idle,0,pass,4.931450283482692,"[121.999905, 59.99997, 226.000125, 1]","[235.000095, 235.000095, 235.000095, 1]",
baseline,light,Badge,,primary,solid,base,/__functional-colors,accented,idle,0,pass,5.878968459850046,"[255, 255, 255, 1]","[121.999905, 59.99997, 226.000125, 1]",
baseline,light,Alert,,primary,solid,title,/__functional-colors,accented,idle,0,pass,5.878968459850046,"[255, 255, 255, 1]","[121.999905, 59.99997, 226.000125, 1]",
baseline,light,Alert,,primary,solid,description,/__functional-colors,accented,idle,0,pass,5.070593355903083,"[241.69999049999998, 235.499997, 252.1000125, 1]","[121.999905, 59.99997, 226.000125, 1]",
baseline,light,Badge,,primary,outline,base,/__functional-colors,accented,idle,0,pass,4.931450283482692,"[121.999905, 59.99997, 226.000125, 1]","[235.000095, 235.000095, 235.000095, 1]",
baseline,light,Alert,,primary,outline,title,/__functional-colors,accented,idle,0,pass,4.931450283482692,"[121.999905, 59.99997, 226.000125, 1]","[235.000095, 235.000095, 235.000095, 1]",
baseline,light,Alert,,primary,outline,description,/__functional-colors,accented,idle,0,fail,4.208268582342941,"[133.299924, 77.49998249999999, 226.900122, 1]","[235.000095, 235.000095, 235.000095, 1]",
baseline,light,Badge,,primary,soft,base,/__functional-colors,accented,idle,0,fail,4.290503244723411,"[121.999905, 59.99997, 226.000125, 1]","[223.70005049999997, 217.50005699999997, 234.10009799999997, 1]",
baseline,light,Alert,,primary,soft,title,/__functional-colors,accented,idle,0,fail,4.290503244723411,"[121.999905, 59.99997, 226.000125, 1]","[223.70005049999997, 217.50005699999997, 234.10009799999997, 1]",
baseline,light,Alert,,primary,soft,description,/__functional-colors,accented,idle,0,fail,3.721813058992426,"[132.16991954999997, 75.74997869999999, 226.8101223, 1]","[223.70005049999997, 217.50005699999997, 234.10009799999997, 1]",
baseline,light,Badge,,primary,subtle,base,/__functional-colors,accented,idle,0,fail,4.290503244723411,"[121.999905, 59.99997, 226.000125, 1]","[223.70005049999997, 217.50005699999997, 234.10009799999997, 1]",
baseline,light,Alert,,primary,subtle,title,/__functional-colors,accented,idle,0,fail,4.290503244723411,"[121.999905, 59.99997, 226.000125, 1]","[223.70005049999997, 217.50005699999997, 234.10009799999997, 1]",
baseline,light,Alert,,primary,subtle,description,/__functional-colors,accented,idle,0,fail,3.721813058992426,"[132.16991954999997, 75.74997869999999, 226.8101223, 1]","[223.70005049999997, 217.50005699999997, 234.10009799999997, 1]",
baseline,light,Button,,primary,solid,base/label,/__functional-colors,accented,idle,0,pass,5.878968459850046,"[255, 255, 255, 1]","[121.999905, 59.99997, 226.000125, 1]",
baseline,light,Button,,primary,solid,base/label,/__functional-colors,accented,hover,0,fail,3.8927203593085915,"[255, 255, 255, 1]","[150.24976125, 103.74981, 228.2501175, 1]",
baseline,light,Button,,primary,solid,base/label,/__functional-colors,accented,active+hover,0,fail,3.8927203593085915,"[255, 255, 255, 1]","[150.24976125, 103.74981, 228.2501175, 1]",
baseline,light,Button,,primary,solid,base/label,/__functional-colors,accented,keyboard-focus,0,pass,5.878968459850046,"[255, 255, 255, 1]","[121.999905, 59.99997, 226.000125, 1]",
baseline,light,Button,,primary,solid,base/label,/__functional-colors,accented,keyboard-active+focus,0,fail,3.8927203593085915,"[255, 255, 255, 1]","[150.24976125, 103.74981, 228.2501175, 1]",
baseline,light,Button,,primary,solid,base/label,/__functional-colors,accented,focus+hover,0,fail,3.8927203593085915,"[255, 255, 255, 1]","[150.24976125, 103.74981, 228.2501175, 1]",
baseline,light,Button,,primary,link,base/label,/__functional-colors,accented,idle,0,pass,4.931450283482692,"[121.999905, 59.99997, 226.000125, 1]","[235.000095, 235.000095, 235.000095, 1]",
baseline,light,Button,,primary,link,base/label,/__functional-colors,accented,hover,0,fail,3.2653274210491086,"[150.24976125, 103.74981, 228.2501175, 1]","[235.000095, 235.000095, 235.000095, 1]",
baseline,light,Button,,primary,link,base/label,/__functional-colors,accented,active+hover,0,fail,3.2653274210491086,"[150.24976125, 103.74981, 228.2501175, 1]","[235.000095, 235.000095, 235.000095, 1]",
baseline,light,Button,,primary,link,base/label,/__functional-colors,accented,keyboard-focus,0,pass,4.931450283482692,"[121.999905, 59.99997, 226.000125, 1]","[235.000095, 235.000095, 235.000095, 1]",
baseline,light,Button,,primary,link,base/label,/__functional-colors,accented,keyboard-active+focus,0,fail,3.2653274210491086,"[150.24976125, 103.74981, 228.2501175, 1]","[235.000095, 235.000095, 235.000095, 1]",
baseline,light,Button,,primary,link,base/label,/__functional-colors,accented,focus+hover,0,fail,3.2653274210491086,"[150.24976125, 103.74981, 228.2501175, 1]","[235.000095, 235.000095, 235.000095, 1]",
baseline,light,semantic text,,secondary,,text,/__functional-colors,accented,idle,0,fail,2.577085987852089,"[17.999991, 165.000045, 147.99996000000002, 1]","[235.000095, 235.000095, 235.000095, 1]",
baseline,light,Badge,,secondary,solid,base,/__functional-colors,accented,idle,0,fail,3.072241707809382,"[255, 255, 255, 1]","[17.999991, 165.000045, 147.99996000000002, 1]",
baseline,light,Alert,,secondary,solid,title,/__functional-colors,accented,idle,0,fail,3.072241707809382,"[255, 255, 255, 1]","[17.999991, 165.000045, 147.99996000000002, 1]",
baseline,light,Alert,,secondary,solid,description,/__functional-colors,accented,idle,0,fail,2.7650268961885356,"[231.2999991, 246.0000045, 244.299996, 1]","[17.999991, 165.000045, 147.99996000000002, 1]",
baseline,light,Badge,,secondary,outline,base,/__functional-colors,accented,idle,0,fail,2.577085987852089,"[17.999991, 165.000045, 147.99996000000002, 1]","[235.000095, 235.000095, 235.000095, 1]",
baseline,light,Alert,,secondary,outline,title,/__functional-colors,accented,idle,0,fail,2.577085987852089,"[17.999991, 165.000045, 147.99996000000002, 1]","[235.000095, 235.000095, 235.000095, 1]",
baseline,light,Alert,,secondary,outline,description,/__functional-colors,accented,idle,0,fail,2.3566224244755034,"[39.70000139999999, 172.00005000000002, 156.69997350000003, 1]","[235.000095, 235.000095, 235.000095, 1]",
baseline,light,Badge,,secondary,soft,base,/__functional-colors,accented,idle,0,fail,2.3461792726084236,"[17.999991, 165.000045, 147.99996000000002, 1]","[213.29996219999998, 228.00008999999997, 226.30008149999998, 1]",
baseline,light,Alert,,secondary,soft,title,/__functional-colors,accented,idle,0,fail,2.3461792726084236,"[17.999991, 165.000045, 147.99996000000002, 1]","[213.29996219999998, 228.00008999999997, 226.30008149999998, 1]",
baseline,light,Alert,,secondary,soft,description,/__functional-colors,accented,idle,0,fail,2.1650046506950207,"[37.52998811999999, 171.3000495, 155.82997215000003, 1]","[213.29996219999998, 228.00008999999997, 226.30008149999998, 1]",
baseline,light,Badge,,secondary,subtle,base,/__functional-colors,accented,idle,0,fail,2.3461792726084236,"[17.999991, 165.000045, 147.99996000000002, 1]","[213.29996219999998, 228.00008999999997, 226.30008149999998, 1]",
baseline,light,Alert,,secondary,subtle,title,/__functional-colors,accented,idle,0,fail,2.3461792726084236,"[17.999991, 165.000045, 147.99996000000002, 1]","[213.29996219999998, 228.00008999999997, 226.30008149999998, 1]",
baseline,light,Alert,,secondary,subtle,description,/__functional-colors,accented,idle,0,fail,2.1650046506950207,"[37.52998811999999, 171.3000495, 155.82997215000003, 1]","[213.29996219999998, 228.00008999999997, 226.30008149999998, 1]",
baseline,light,Button,,secondary,solid,base/label,/__functional-colors,accented,idle,0,fail,3.072241707809382,"[255, 255, 255, 1]","[17.999991, 165.000045, 147.99996000000002, 1]",
baseline,light,Button,,secondary,solid,base/label,/__functional-colors,accented,hover,0,fail,2.4452024586055043,"[255, 255, 255, 1]","[72.249099, 182.5000575, 169.74999375000002, 1]",
baseline,light,Button,,secondary,solid,base/label,/__functional-colors,accented,active+hover,0,fail,2.4452024586055043,"[255, 255, 255, 1]","[72.249099, 182.5000575, 169.74999375000002, 1]",
baseline,light,Button,,secondary,solid,base/label,/__functional-colors,accented,keyboard-focus,0,fail,3.072241707809382,"[255, 255, 255, 1]","[17.999991, 165.000045, 147.99996000000002, 1]",
baseline,light,Button,,secondary,solid,base/label,/__functional-colors,accented,keyboard-active+focus,0,fail,2.4452024586055043,"[255, 255, 255, 1]","[72.249099, 182.5000575, 169.74999375000002, 1]",
baseline,light,Button,,secondary,solid,base/label,/__functional-colors,accented,focus+hover,0,fail,2.4452024586055043,"[255, 255, 255, 1]","[72.249099, 182.5000575, 169.74999375000002, 1]",
baseline,light,Button,,secondary,link,base/label,/__functional-colors,accented,idle,0,fail,2.577085987852089,"[17.999991, 165.000045, 147.99996000000002, 1]","[235.000095, 235.000095, 235.000095, 1]",
baseline,light,Button,,secondary,link,base/label,/__functional-colors,accented,hover,0,fail,2.0511071695680205,"[72.249099, 182.5000575, 169.74999375000002, 1]","[235.000095, 235.000095, 235.000095, 1]",
baseline,light,Button,,secondary,link,base/label,/__functional-colors,accented,active+hover,0,fail,2.0511071695680205,"[72.249099, 182.5000575, 169.74999375000002, 1]","[235.000095, 235.000095, 235.000095, 1]",
baseline,light,Button,,secondary,link,base/label,/__functional-colors,accented,keyboard-focus,0,fail,2.577085987852089,"[17.999991, 165.000045, 147.99996000000002, 1]","[235.000095, 235.000095, 235.000095, 1]",
baseline,light,Button,,secondary,link,base/label,/__functional-colors,accented,keyboard-active+focus,0,fail,2.0511071695680205,"[72.249099, 182.5000575, 169.74999375000002, 1]","[235.000095, 235.000095, 235.000095, 1]",
baseline,light,Button,,secondary,link,base/label,/__functional-colors,accented,focus+hover,0,fail,2.0511071695680205,"[72.249099, 182.5000575, 169.74999375000002, 1]","[235.000095, 235.000095, 235.000095, 1]",
baseline,light,semantic text,,success,,text,/__functional-colors,accented,idle,0,fail,2.6009356084808717,"[68.99994, 165.000045, 86.99987999999999, 1]","[235.000095, 235.000095, 235.000095, 1]",
baseline,light,Badge,,success,solid,base,/__functional-colors,accented,idle,0,fail,3.100673742889534,"[255, 255, 255, 1]","[68.99994, 165.000045, 86.99987999999999, 1]",
baseline,light,Alert,,success,solid,title,/__functional-colors,accented,idle,0,fail,3.100673742889534,"[255, 255, 255, 1]","[68.99994, 165.000045, 86.99987999999999, 1]",
baseline,light,Alert,,success,solid,description,/__functional-colors,accented,idle,0,fail,2.8053053514185198,"[236.399994, 246.0000045, 238.199988, 1]","[68.99994, 165.000045, 86.99987999999999, 1]",
baseline,light,Badge,,success,outline,base,/__functional-colors,accented,idle,0,fail,2.6009356084808717,"[68.99994, 165.000045, 86.99987999999999, 1]","[235.000095, 235.000095, 235.000095, 1]",
baseline,light,Alert,,success,outline,title,/__functional-colors,accented,idle,0,fail,2.6009356084808717,"[68.99994, 165.000045, 86.99987999999999, 1]","[235.000095, 235.000095, 235.000095, 1]",
baseline,light,Alert,,success,outline,description,/__functional-colors,accented,idle,0,fail,2.35374889763096,"[85.5999555, 172.00005000000002, 101.79990149999999, 1]","[235.000095, 235.000095, 235.000095, 1]",
baseline,light,Badge,,success,soft,base,/__functional-colors,accented,idle,0,fail,2.381079584889289,"[68.99994, 165.000045, 86.99987999999999, 1]","[218.400105, 228.00006449999998, 220.200099, 1]",
baseline,light,Alert,,success,soft,title,/__functional-colors,accented,idle,0,fail,2.381079584889289,"[68.99994, 165.000045, 86.99987999999999, 1]","[218.400105, 228.00006449999998, 220.200099, 1]",
baseline,light,Alert,,success,soft,description,/__functional-colors,accented,idle,0,fail,2.1764382085523692,"[83.93995649999998, 171.30004695, 100.31990189999999, 1]","[218.400105, 228.00006449999998, 220.200099, 1]",
baseline,light,Badge,,success,subtle,base,/__functional-colors,accented,idle,0,fail,2.381079584889289,"[68.99994, 165.000045, 86.99987999999999, 1]","[218.400105, 228.00006449999998, 220.200099, 1]",
baseline,light,Alert,,success,subtle,title,/__functional-colors,accented,idle,0,fail,2.381079584889289,"[68.99994, 165.000045, 86.99987999999999, 1]","[218.400105, 228.00006449999998, 220.200099, 1]",
baseline,light,Alert,,success,subtle,description,/__functional-colors,accented,idle,0,fail,2.1764382085523692,"[83.93995649999998, 171.30004695, 100.31990189999999, 1]","[218.400105, 228.00006449999998, 220.200099, 1]",
baseline,light,Button,,success,solid,base/label,/__functional-colors,accented,idle,0,fail,3.100673742889534,"[255, 255, 255, 1]","[68.99994, 165.000045, 86.99987999999999, 1]",
baseline,light,Button,,success,solid,base/label,/__functional-colors,accented,hover,0,fail,2.41582389910642,"[255, 255, 255, 1]","[110.50036125, 182.49986625000003, 123.99993375, 1]",
baseline,light,Button,,success,solid,base/label,/__functional-colors,accented,active+hover,0,fail,2.41582389910642,"[255, 255, 255, 1]","[110.50036125, 182.49986625000003, 123.99993375, 1]",
baseline,light,Button,,success,solid,base/label,/__functional-colors,accented,keyboard-focus,0,fail,3.100673742889534,"[255, 255, 255, 1]","[68.99994, 165.000045, 86.99987999999999, 1]",
baseline,light,Button,,success,solid,base/label,/__functional-colors,accented,keyboard-active+focus,0,fail,2.41582389910642,"[255, 255, 255, 1]","[110.50036125, 182.49986625000003, 123.99993375, 1]",
baseline,light,Button,,success,solid,base/label,/__functional-colors,accented,focus+hover,0,fail,2.41582389910642,"[255, 255, 255, 1]","[110.50036125, 182.49986625000003, 123.99993375, 1]",
baseline,light,Button,,success,link,base/label,/__functional-colors,accented,idle,0,fail,2.6009356084808717,"[68.99994, 165.000045, 86.99987999999999, 1]","[235.000095, 235.000095, 235.000095, 1]",
baseline,light,Button,,success,link,base/label,/__functional-colors,accented,hover,0,fail,2.026463576638493,"[110.50036125, 182.49986625000003, 123.99993375, 1]","[235.000095, 235.000095, 235.000095, 1]",
baseline,light,Button,,success,link,base/label,/__functional-colors,accented,active+hover,0,fail,2.026463576638493,"[110.50036125, 182.49986625000003, 123.99993375, 1]","[235.000095, 235.000095, 235.000095, 1]",
baseline,light,Button,,success,link,base/label,/__functional-colors,accented,keyboard-focus,0,fail,2.6009356084808717,"[68.99994, 165.000045, 86.99987999999999, 1]","[235.000095, 235.000095, 235.000095, 1]",
baseline,light,Button,,success,link,base/label,/__functional-colors,accented,keyboard-active+focus,0,fail,2.026463576638493,"[110.50036125, 182.49986625000003, 123.99993375, 1]","[235.000095, 235.000095, 235.000095, 1]",
baseline,light,Button,,success,link,base/label,/__functional-colors,accented,focus+hover,0,fail,2.026463576638493,"[110.50036125, 182.49986625000003, 123.99993375, 1]","[235.000095, 235.000095, 235.000095, 1]",
baseline,light,semantic text,,info,,text,/__functional-colors,accented,idle,0,fail,3.727781750616643,"[0, 114.000045, 244.99992, 1]","[235.000095, 235.000095, 235.000095, 1]",
baseline,light,Badge,,info,solid,base,/__functional-colors,accented,idle,0,fail,4.444029662122568,"[255, 255, 255, 1]","[0, 114.000045, 244.99992, 1]",
baseline,light,Alert,,info,solid,title,/__functional-colors,accented,idle,0,fail,4.444029662122568,"[255, 255, 255, 1]","[0, 114.000045, 244.99992, 1]",
baseline,light,Alert,,info,solid,description,/__functional-colors,accented,idle,0,fail,3.8831317688318108,"[229.5, 240.9000045, 253.999992, 1]","[0, 114.000045, 244.99992, 1]",
baseline,light,Badge,,info,outline,base,/__functional-colors,accented,idle,0,fail,3.727781750616643,"[0, 114.000045, 244.99992, 1]","[235.000095, 235.000095, 235.000095, 1]",
baseline,light,Alert,,info,outline,title,/__functional-colors,accented,idle,0,fail,3.727781750616643,"[0, 114.000045, 244.99992, 1]","[235.000095, 235.000095, 235.000095, 1]",
baseline,light,Alert,,info,outline,description,/__functional-colors,accented,idle,0,fail,3.302838925207332,"[23.500009499999994, 126.10005, 243.99993750000002, 1]","[235.000095, 235.000095, 235.000095, 1]",
baseline,light,Badge,,info,soft,base,/__functional-colors,accented,idle,0,fail,3.2886236830310924,"[0, 114.000045, 244.99992, 1]","[211.50014441213997, 222.90008999999998, 236.000103, 1]",
baseline,light,Alert,,info,soft,title,/__functional-colors,accented,idle,0,fail,3.2886236830310924,"[0, 114.000045, 244.99992, 1]","[211.50014441213997, 222.90008999999998, 236.000103, 1]",
baseline,light,Alert,,info,soft,description,/__functional-colors,accented,idle,0,fail,2.95012434660867,"[21.15001444121399, 124.8900495, 244.09993830000002, 1]","[211.50014441213997, 222.90008999999998, 236.000103, 1]",
baseline,light,Badge,,info,subtle,base,/__functional-colors,accented,idle,0,fail,3.2886236830310924,"[0, 114.000045, 244.99992, 1]","[211.50014441213997, 222.90008999999998, 236.000103, 1]",
baseline,light,Alert,,info,subtle,title,/__functional-colors,accented,idle,0,fail,3.2886236830310924,"[0, 114.000045, 244.99992, 1]","[211.50014441213997, 222.90008999999998, 236.000103, 1]",
baseline,light,Alert,,info,subtle,description,/__functional-colors,accented,idle,0,fail,2.95012434660867,"[21.15001444121399, 124.8900495, 244.09993830000002, 1]","[211.50014441213997, 222.90008999999998, 236.000103, 1]",
baseline,light,Button,,info,solid,base/label,/__functional-colors,accented,idle,0,fail,4.444029662122568,"[255, 255, 255, 1]","[0, 114.000045, 244.99992, 1]",
baseline,light,Button,,info,solid,base/label,/__functional-colors,accented,hover,0,fail,3.2421961307260827,"[255, 255, 255, 1]","[58.750465591049995, 144.2500575, 242.500155, 1]",
baseline,light,Button,,info,solid,base/label,/__functional-colors,accented,active+hover,0,fail,3.2421961307260827,"[255, 255, 255, 1]","[58.750465591049995, 144.2500575, 242.500155, 1]",
baseline,light,Button,,info,solid,base/label,/__functional-colors,accented,keyboard-focus,0,fail,4.444029662122568,"[255, 255, 255, 1]","[0, 114.000045, 244.99992, 1]",
baseline,light,Button,,info,solid,base/label,/__functional-colors,accented,keyboard-active+focus,0,fail,3.2421961307260827,"[255, 255, 255, 1]","[58.750465591049995, 144.2500575, 242.500155, 1]",
baseline,light,Button,,info,solid,base/label,/__functional-colors,accented,focus+hover,0,fail,3.2421961307260827,"[255, 255, 255, 1]","[58.750465591049995, 144.2500575, 242.500155, 1]",
baseline,light,Button,,info,link,base/label,/__functional-colors,accented,idle,0,fail,3.727781750616643,"[0, 114.000045, 244.99992, 1]","[235.000095, 235.000095, 235.000095, 1]",
baseline,light,Button,,info,link,base/label,/__functional-colors,accented,hover,0,fail,2.719648716806256,"[58.750465591049995, 144.2500575, 242.500155, 1]","[235.000095, 235.000095, 235.000095, 1]",
baseline,light,Button,,info,link,base/label,/__functional-colors,accented,active+hover,0,fail,2.719648716806256,"[58.750465591049995, 144.2500575, 242.500155, 1]","[235.000095, 235.000095, 235.000095, 1]",
baseline,light,Button,,info,link,base/label,/__functional-colors,accented,keyboard-focus,0,fail,3.727781750616643,"[0, 114.000045, 244.99992, 1]","[235.000095, 235.000095, 235.000095, 1]",
baseline,light,Button,,info,link,base/label,/__functional-colors,accented,keyboard-active+focus,0,fail,2.719648716806256,"[58.750465591049995, 144.2500575, 242.500155, 1]","[235.000095, 235.000095, 235.000095, 1]",
baseline,light,Button,,info,link,base/label,/__functional-colors,accented,focus+hover,0,fail,2.719648716806256,"[58.750465591049995, 144.2500575, 242.500155, 1]","[235.000095, 235.000095, 235.000095, 1]",
baseline,light,semantic text,,warning,,text,/__functional-colors,accented,idle,0,fail,1.9217271125744768,"[232.999875, 154.999965, 23.999988, 1]","[235.000095, 235.000095, 235.000095, 1]",
baseline,light,Badge,,warning,solid,base,/__functional-colors,accented,idle,0,fail,2.290963597687398,"[255, 255, 255, 1]","[232.999875, 154.999965, 23.999988, 1]",
baseline,light,Alert,,warning,solid,title,/__functional-colors,accented,idle,0,fail,2.290963597687398,"[255, 255, 255, 1]","[232.999875, 154.999965, 23.999988, 1]",
baseline,light,Alert,,warning,solid,description,/__functional-colors,accented,idle,0,fail,2.1157693023091406,"[252.7999875, 244.9999965, 231.8999988, 1]","[232.999875, 154.999965, 23.999988, 1]",
baseline,light,Badge,,warning,outline,base,/__functional-colors,accented,idle,0,fail,1.9217271125744768,"[232.999875, 154.999965, 23.999988, 1]","[235.000095, 235.000095, 235.000095, 1]",
baseline,light,Alert,,warning,outline,title,/__functional-colors,accented,idle,0,fail,1.9217271125744768,"[232.999875, 154.999965, 23.999988, 1]","[235.000095, 235.000095, 235.000095, 1]",
baseline,light,Alert,,warning,outline,description,/__functional-colors,accented,idle,0,fail,1.807008776913458,"[233.19989700000002, 162.999978, 45.09999869999999, 1]","[235.000095, 235.000095, 235.000095, 1]",
baseline,light,Badge,,warning,soft,base,/__functional-colors,accented,idle,0,fail,1.7982167790244699,"[232.999875, 154.999965, 23.999988, 1]","[234.8000985, 227.000082, 213.90005369999997, 1]",
baseline,light,Alert,,warning,soft,title,/__functional-colors,accented,idle,0,fail,1.7982167790244699,"[232.999875, 154.999965, 23.999988, 1]","[234.8000985, 227.000082, 213.90005369999997, 1]",
baseline,light,Alert,,warning,soft,description,/__functional-colors,accented,idle,0,fail,1.7014294795806097,"[233.17989735, 162.19997669999998, 42.98999456999999, 1]","[234.8000985, 227.000082, 213.90005369999997, 1]",
baseline,light,Badge,,warning,subtle,base,/__functional-colors,accented,idle,0,fail,1.7982167790244699,"[232.999875, 154.999965, 23.999988, 1]","[234.8000985, 227.000082, 213.90005369999997, 1]",
baseline,light,Alert,,warning,subtle,title,/__functional-colors,accented,idle,0,fail,1.7982167790244699,"[232.999875, 154.999965, 23.999988, 1]","[234.8000985, 227.000082, 213.90005369999997, 1]",
baseline,light,Alert,,warning,subtle,description,/__functional-colors,accented,idle,0,fail,1.7014294795806097,"[233.17989735, 162.19997669999998, 42.98999456999999, 1]","[234.8000985, 227.000082, 213.90005369999997, 1]",
baseline,light,Button,,warning,solid,base/label,/__functional-colors,accented,idle,0,fail,2.290963597687398,"[255, 255, 255, 1]","[232.999875, 154.999965, 23.999988, 1]",
baseline,light,Button,,warning,solid,base/label,/__functional-colors,accented,hover,0,fail,1.958949013822675,"[255, 255, 255, 1]","[233.50012125, 174.9999975, 76.74978525, 1]",
baseline,light,Button,,warning,solid,base/label,/__functional-colors,accented,active+hover,0,fail,1.958949013822675,"[255, 255, 255, 1]","[233.50012125, 174.9999975, 76.74978525, 1]",
baseline,light,Button,,warning,solid,base/label,/__functional-colors,accented,keyboard-focus,0,fail,2.290963597687398,"[255, 255, 255, 1]","[232.999875, 154.999965, 23.999988, 1]",
baseline,light,Button,,warning,solid,base/label,/__functional-colors,accented,keyboard-active+focus,0,fail,1.958949013822675,"[255, 255, 255, 1]","[233.50012125, 174.9999975, 76.74978525, 1]",
baseline,light,Button,,warning,solid,base/label,/__functional-colors,accented,focus+hover,0,fail,1.958949013822675,"[255, 255, 255, 1]","[233.50012125, 174.9999975, 76.74978525, 1]",
baseline,light,Button,,warning,link,base/label,/__functional-colors,accented,idle,0,fail,1.9217271125744768,"[232.999875, 154.999965, 23.999988, 1]","[235.000095, 235.000095, 235.000095, 1]",
baseline,light,Button,,warning,link,base/label,/__functional-colors,accented,hover,0,fail,1.64322359194803,"[233.50012125, 174.9999975, 76.74978525, 1]","[235.000095, 235.000095, 235.000095, 1]",
baseline,light,Button,,warning,link,base/label,/__functional-colors,accented,active+hover,0,fail,1.64322359194803,"[233.50012125, 174.9999975, 76.74978525, 1]","[235.000095, 235.000095, 235.000095, 1]",
baseline,light,Button,,warning,link,base/label,/__functional-colors,accented,keyboard-focus,0,fail,1.9217271125744768,"[232.999875, 154.999965, 23.999988, 1]","[235.000095, 235.000095, 235.000095, 1]",
baseline,light,Button,,warning,link,base/label,/__functional-colors,accented,keyboard-active+focus,0,fail,1.64322359194803,"[233.50012125, 174.9999975, 76.74978525, 1]","[235.000095, 235.000095, 235.000095, 1]",
baseline,light,Button,,warning,link,base/label,/__functional-colors,accented,focus+hover,0,fail,1.64322359194803,"[233.50012125, 174.9999975, 76.74978525, 1]","[235.000095, 235.000095, 235.000095, 1]",
baseline,light,semantic text,,error,,text,/__functional-colors,accented,idle,0,fail,3.282959203243232,"[228.999945, 72.000015, 77.00005499999999, 1]","[235.000095, 235.000095, 235.000095, 1]",
baseline,light,Badge,,error,solid,base,/__functional-colors,accented,idle,0,fail,3.913739873944556,"[255, 255, 255, 1]","[228.999945, 72.000015, 77.00005499999999, 1]",
baseline,light,Alert,,error,solid,title,/__functional-colors,accented,idle,0,fail,3.913739873944556,"[255, 255, 255, 1]","[228.999945, 72.000015, 77.00005499999999, 1]",
baseline,light,Alert,,error,solid,description,/__functional-colors,accented,idle,0,fail,3.4400329570355073,"[252.3999945, 236.70000149999998, 237.2000055, 1]","[228.999945, 72.000015, 77.00005499999999, 1]",
baseline,light,Badge,,error,outline,base,/__functional-colors,accented,idle,0,fail,3.282959203243232,"[228.999945, 72.000015, 77.00005499999999, 1]","[235.000095, 235.000095, 235.000095, 1]",
baseline,light,Alert,,error,outline,title,/__functional-colors,accented,idle,0,fail,3.282959203243232,"[228.999945, 72.000015, 77.00005499999999, 1]","[235.000095, 235.000095, 235.000095, 1]",
baseline,light,Alert,,error,outline,description,/__functional-colors,accented,idle,0,fail,2.978347235942773,"[229.59996, 88.300023, 92.80005899999998, 1]","[235.000095, 235.000095, 235.000095, 1]",
baseline,light,Badge,,error,soft,base,/__functional-colors,accented,idle,0,fail,2.914503500662066,"[228.999945, 72.000015, 77.00005499999999, 1]","[234.4001055, 218.700087, 219.200091, 1]",
baseline,light,Alert,,error,soft,title,/__functional-colors,accented,idle,0,fail,2.914503500662066,"[228.999945, 72.000015, 77.00005499999999, 1]","[234.4001055, 218.700087, 219.200091, 1]",
baseline,light,Alert,,error,soft,description,/__functional-colors,accented,idle,0,fail,2.6714755170978455,"[229.53996105, 86.6700222, 91.22005859999999, 1]","[234.4001055, 218.700087, 219.200091, 1]",
baseline,light,Badge,,error,subtle,base,/__functional-colors,accented,idle,0,fail,2.914503500662066,"[228.999945, 72.000015, 77.00005499999999, 1]","[234.4001055, 218.700087, 219.200091, 1]",
baseline,light,Alert,,error,subtle,title,/__functional-colors,accented,idle,0,fail,2.914503500662066,"[228.999945, 72.000015, 77.00005499999999, 1]","[234.4001055, 218.700087, 219.200091, 1]",
baseline,light,Alert,,error,subtle,description,/__functional-colors,accented,idle,0,fail,2.6714755170978455,"[229.53996105, 86.6700222, 91.22005859999999, 1]","[234.4001055, 218.700087, 219.200091, 1]",
baseline,light,Button,,error,solid,base/label,/__functional-colors,accented,idle,0,fail,3.913739873944556,"[255, 255, 255, 1]","[228.999945, 72.000015, 77.00005499999999, 1]",
baseline,light,Button,,error,solid,base/label,/__functional-colors,accented,hover,0,fail,3.0057497912691247,"[255, 255, 255, 1]","[230.50017375, 112.750035, 116.50006499999999, 1]",
baseline,light,Button,,error,solid,base/label,/__functional-colors,accented,active+hover,0,fail,3.0057497912691247,"[255, 255, 255, 1]","[230.50017375, 112.750035, 116.50006499999999, 1]",
baseline,light,Button,,error,solid,base/label,/__functional-colors,accented,keyboard-focus,0,fail,3.913739873944556,"[255, 255, 255, 1]","[228.999945, 72.000015, 77.00005499999999, 1]",
baseline,light,Button,,error,solid,base/label,/__functional-colors,accented,keyboard-active+focus,0,fail,3.0057497912691247,"[255, 255, 255, 1]","[230.50017375, 112.750035, 116.50006499999999, 1]",
baseline,light,Button,,error,solid,base/label,/__functional-colors,accented,focus+hover,0,fail,3.0057497912691247,"[255, 255, 255, 1]","[230.50017375, 112.750035, 116.50006499999999, 1]",
baseline,light,Button,,error,link,base/label,/__functional-colors,accented,idle,0,fail,3.282959203243232,"[228.999945, 72.000015, 77.00005499999999, 1]","[235.000095, 235.000095, 235.000095, 1]",
baseline,light,Button,,error,link,base/label,/__functional-colors,accented,hover,0,fail,2.5213106281250997,"[230.50017375, 112.750035, 116.50006499999999, 1]","[235.000095, 235.000095, 235.000095, 1]",
baseline,light,Button,,error,link,base/label,/__functional-colors,accented,active+hover,0,fail,2.5213106281250997,"[230.50017375, 112.750035, 116.50006499999999, 1]","[235.000095, 235.000095, 235.000095, 1]",
baseline,light,Button,,error,link,base/label,/__functional-colors,accented,keyboard-focus,0,fail,3.282959203243232,"[228.999945, 72.000015, 77.00005499999999, 1]","[235.000095, 235.000095, 235.000095, 1]",
baseline,light,Button,,error,link,base/label,/__functional-colors,accented,keyboard-active+focus,0,fail,2.5213106281250997,"[230.50017375, 112.750035, 116.50006499999999, 1]","[235.000095, 235.000095, 235.000095, 1]",
baseline,light,Button,,error,link,base/label,/__functional-colors,accented,focus+hover,0,fail,2.5213106281250997,"[230.50017375, 112.750035, 116.50006499999999, 1]","[235.000095, 235.000095, 235.000095, 1]",
baseline,light,FormField,,error,,error,,accented,visible,0,fail,3.282959203243232,"[228.999945, 72.000015, 77.00005499999999, 1]","[235.000095, 235.000095, 235.000095, 1]",
baseline,light,API fixture,F1,,,,,accented,idle,0,fail,3.282959203243232,"[228.999945, 72.000015, 77.00005499999999, 1]","[235.000095, 235.000095, 235.000095, 1]",
baseline,light,API fixture,F2,,,,,accented,idle,0,fail,1.9217271125744768,"[232.999875, 154.999965, 23.999988, 1]","[235.000095, 235.000095, 235.000095, 1]",
baseline,light,API fixture,F5-field-caveat,,,,,accented,idle,0,fail,1.7982167790244699,"[232.999875, 154.999965, 23.999988, 1]","[234.8000985, 227.000082, 213.90005369999997, 1]",
baseline,light,API fixture,F5-field-caveat,,,,,accented,idle,1,pass,6.1332422097351555,"[82.000095, 82.000095, 82.000095, 1]","[234.8000985, 227.000082, 213.90005369999997, 1]",
baseline,light,API fixture,value-caveat,,,,,accented,idle,0,fail,1.7982167790244699,"[232.999875, 154.999965, 23.999988, 1]","[234.8000985, 227.000082, 213.90005369999997, 1]",
baseline,light,API fixture,value-caveat,,,,,accented,idle,1,pass,6.1332422097351555,"[82.000095, 82.000095, 82.000095, 1]","[234.8000985, 227.000082, 213.90005369999997, 1]",
baseline,light,ResponseExample,,,,status/statusText,,accented,single status visible,0,fail,2.6261666632783154,"[68.99994, 165.000045, 86.99987999999999, 1]","[229.02003390000002, 238.62013109999998, 230.8201656, 1]",
baseline,light,ResponseExample,,,,status/statusText,,accented,single status visible,1,fail,2.6261666632783154,"[68.99994, 165.000045, 86.99987999999999, 1]","[229.02003390000002, 238.62013109999998, 230.8201656, 1]",
baseline,light,ResponseExample,,,,status/statusText,,accented,single status visible,2,fail,3.6319704735541003,"[0, 114.000045, 244.99992, 1]","[222.12007331214, 233.52015659999998, 246.6201696, 1]",
baseline,light,ResponseExample,,,,status/statusText,,accented,single status visible,3,fail,3.6319704735541003,"[0, 114.000045, 244.99992, 1]","[222.12007331214, 233.52015659999998, 246.6201696, 1]",
baseline,light,ResponseExample,,,,status/statusText,,accented,single status visible,4,fail,1.9817120839371087,"[232.999875, 154.999965, 23.999988, 1]","[245.4200274, 237.6201486, 224.52012029999997, 1]",
baseline,light,ResponseExample,,,,status/statusText,,accented,single status visible,5,fail,1.9817120839371087,"[232.999875, 154.999965, 23.999988, 1]","[245.4200274, 237.6201486, 224.52012029999997, 1]",
baseline,light,ResponseExample,,,,status/statusText,,accented,single status visible,6,fail,3.218030303159359,"[228.999945, 72.000015, 77.00005499999999, 1]","[245.02003440000001, 229.3201536, 229.8201576, 1]",
baseline,light,ResponseExample,,,,status/statusText,,accented,single status visible,7,fail,3.218030303159359,"[228.999945, 72.000015, 77.00005499999999, 1]","[245.02003440000001, 229.3201536, 229.8201576, 1]",
baseline,light,LifecycleNotice,,,,,,accented,idle,0,fail,1.7982167790244699,"[232.999875, 154.999965, 23.999988, 1]","[234.8000985, 227.000082, 213.90005369999997, 1]",
baseline,light,LifecycleNotice,,,,,,accented,idle,1,fail,1.7014294795806097,"[233.17989735, 162.19997669999998, 42.98999456999999, 1]","[234.8000985, 227.000082, 213.90005369999997, 1]",
baseline,light,LifecycleNotice,,,,,,accented,idle,2,fail,2.381079584889289,"[68.99994, 165.000045, 86.99987999999999, 1]","[218.400105, 228.00006449999998, 220.200099, 1]",
baseline,light,LifecycleNotice,,,,,,accented,idle,3,fail,2.1764382085523692,"[83.93995649999998, 171.30004695, 100.31990189999999, 1]","[218.400105, 228.00006449999998, 220.200099, 1]",
baseline,light,LifecycleNotice,,,,,,accented,idle,4,fail,1.7982167790244699,"[232.999875, 154.999965, 23.999988, 1]","[234.8000985, 227.000082, 213.90005369999997, 1]",
baseline,light,LifecycleNotice,,,,,,accented,idle,5,fail,1.7014294795806097,"[233.17989735, 162.19997669999998, 42.98999456999999, 1]","[234.8000985, 227.000082, 213.90005369999997, 1]",
baseline,light,LifecycleNotice,,,,,,accented,idle,6,pass,15.521564857501781,"[23.0000055, 23.0000055, 23.0000055, 1]","[238.49997, 238.49997, 238.49997, 1]",
baseline,light,LifecycleNotice,,,,,,accented,idle,7,pass,11.998750521270905,"[44.55000195, 44.55000195, 44.55000195, 1]","[238.49997, 238.49997, 238.49997, 1]",
baseline,light,LifecycleNotice,,,,,,accented,idle,8,fail,2.914503500662066,"[228.999945, 72.000015, 77.00005499999999, 1]","[234.4001055, 218.700087, 219.200091, 1]",
baseline,light,LifecycleNotice,,,,,,accented,idle,9,fail,2.6714755170978455,"[229.53996105, 86.6700222, 91.22005859999999, 1]","[234.4001055, 218.700087, 219.200091, 1]",
baseline,light,FieldAnnotation,,,,required,,portal own bg-default,open,0,fail,3.913739873944556,"[228.999945, 72.000015, 77.00005499999999, 1]","[255, 255, 255, 1]",
baseline,light,FieldAnnotation,,,,conditional,,portal own bg-default,open,0,fail,2.290963597687398,"[232.999875, 154.999965, 23.999988, 1]","[255, 255, 255, 1]",
baseline,light,FormField,,error,,required ::after,,default,,,unverified,,,,Existing measure has no generated-content glyph geometry; computed pseudo retained without claiming ratio.
baseline,light,FormField required+error,,,,error,,default,required marker present,0,unresolved,,,,"Error: locator.evaluate: Error: unresolved: unmodeled ::after on LABEL
    at fail (eval at evaluate (:311:30), <anonymous>:152:13)
    at supportedPseudos (eval at evaluate (:311:30), <anonymous>:395:475)
    at eval (eval at evaluate (:311:30), <anonymous>:493:13)
    at UtilityScript.evaluate (<anonymous>:313:16)
    at UtilityScript.<anonymous> (<anonymous>:1:44)"
baseline,light,FormField,,error,,required ::after,,muted,,,unverified,,,,Existing measure has no generated-content glyph geometry; computed pseudo retained without claiming ratio.
baseline,light,FormField required+error,,,,error,,muted,required marker present,0,unresolved,,,,"Error: locator.evaluate: Error: unresolved: unmodeled ::after on LABEL
    at fail (eval at evaluate (:311:30), <anonymous>:152:13)
    at supportedPseudos (eval at evaluate (:311:30), <anonymous>:395:475)
    at eval (eval at evaluate (:311:30), <anonymous>:493:13)
    at UtilityScript.evaluate (<anonymous>:313:16)
    at UtilityScript.<anonymous> (<anonymous>:1:44)"
baseline,light,FormField,,error,,required ::after,,elevated,,,unverified,,,,Existing measure has no generated-content glyph geometry; computed pseudo retained without claiming ratio.
baseline,light,FormField required+error,,,,error,,elevated,required marker present,0,unresolved,,,,"Error: locator.evaluate: Error: unresolved: unmodeled ::after on LABEL
    at fail (eval at evaluate (:311:30), <anonymous>:152:13)
    at supportedPseudos (eval at evaluate (:311:30), <anonymous>:395:475)
    at eval (eval at evaluate (:311:30), <anonymous>:493:13)
    at UtilityScript.evaluate (<anonymous>:313:16)
    at UtilityScript.<anonymous> (<anonymous>:1:44)"
baseline,light,FormField,,error,,required ::after,,accented,,,unverified,,,,Existing measure has no generated-content glyph geometry; computed pseudo retained without claiming ratio.
baseline,light,FormField required+error,,,,error,,accented,required marker present,0,unresolved,,,,"Error: locator.evaluate: Error: unresolved: unmodeled ::after on LABEL
    at fail (eval at evaluate (:311:30), <anonymous>:152:13)
    at supportedPseudos (eval at evaluate (:311:30), <anonymous>:395:475)
    at eval (eval at evaluate (:311:30), <anonymous>:493:13)
    at UtilityScript.evaluate (<anonymous>:313:16)
    at UtilityScript.<anonymous> (<anonymous>:1:44)"
baseline,light,,F1,error,,,/kits/api-docs,actual page layers,visible idle,0,fail,3.913739873944556,"[228.999945, 72.000015, 77.00005499999999, 1]","[255, 255, 255, 1]",
baseline,light,,F1,error,,,/kits/api-docs,actual page layers,visible idle,1,fail,3.913739873944556,"[228.999945, 72.000015, 77.00005499999999, 1]","[255, 255, 255, 1]",
baseline,light,,F1,error,,,/kits/api-docs,actual page layers,visible idle,2,fail,3.913739873944556,"[228.999945, 72.000015, 77.00005499999999, 1]","[255, 255, 255, 1]",
baseline,light,,F2,warning,,,/kits/api-docs,actual page layers,visible idle,0,fail,2.290963597687398,"[232.999875, 154.999965, 23.999988, 1]","[255, 255, 255, 1]",
baseline,light,,F2,warning,,,/kits/api-docs,actual page layers,visible idle,1,fail,2.290963597687398,"[232.999875, 154.999965, 23.999988, 1]","[255, 255, 255, 1]",
baseline,light,,F2,warning,,,/kits/api-docs,actual page layers,visible idle,2,fail,2.290963597687398,"[232.999875, 154.999965, 23.999988, 1]","[255, 255, 255, 1]",
baseline,light,,F3,info,,,/kits/api-docs,actual page layers,visible idle,0,fail,3.883132249349551,"[0, 114.000045, 244.99992, 1]","[229.50005891214, 240.9000045, 254.0000175, 1]",
baseline,light,,F4,success,,,/kits/api-docs,actual page layers,visible idle,0,fail,2.8053050668193693,"[68.99994, 165.000045, 86.99987999999999, 1]","[236.4000195, 245.999979, 238.2000135, 1]",
baseline,light,,F4,success,,,/kits/api-docs,actual page layers,visible idle,1,fail,2.8053050668193693,"[68.99994, 165.000045, 86.99987999999999, 1]","[236.4000195, 245.999979, 238.2000135, 1]",
baseline,light,,F4,success,,,/kits/api-docs,actual page layers,visible idle,2,fail,2.8053050668193693,"[68.99994, 165.000045, 86.99987999999999, 1]","[236.4000195, 245.999979, 238.2000135, 1]",
baseline,light,,F4,success,,,/kits/api-docs,actual page layers,visible idle,3,fail,2.8053050668193693,"[68.99994, 165.000045, 86.99987999999999, 1]","[236.4000195, 245.999979, 238.2000135, 1]",
baseline,light,,F4,success,,,/kits/api-docs,actual page layers,visible idle,4,fail,2.8053050668193693,"[68.99994, 165.000045, 86.99987999999999, 1]","[236.4000195, 245.999979, 238.2000135, 1]",
baseline,light,,F4,success,,,/kits/api-docs,actual page layers,visible idle,5,fail,2.8053050668193693,"[68.99994, 165.000045, 86.99987999999999, 1]","[236.4000195, 245.999979, 238.2000135, 1]",
baseline,light,,F4,success,,,/kits/api-docs,actual page layers,visible idle,6,fail,2.8053050668193693,"[68.99994, 165.000045, 86.99987999999999, 1]","[236.4000195, 245.999979, 238.2000135, 1]",
baseline,light,,F5,warning,,,/kits/api-docs,actual page layers,visible idle,0,fail,2.1157693687024035,"[232.999875, 154.999965, 23.999988, 1]","[252.800013, 244.9999965, 231.8999682, 1]",
baseline,light,,F5,warning,,,/kits/api-docs,actual page layers,visible idle,1,fail,2.1157693687024035,"[232.999875, 154.999965, 23.999988, 1]","[252.800013, 244.9999965, 231.8999682, 1]",
baseline,light,,F5,warning,,,/kits/api-docs,actual page layers,visible idle,2,fail,2.1157693687024035,"[232.999875, 154.999965, 23.999988, 1]","[252.800013, 244.9999965, 231.8999682, 1]",
baseline,light,,F5,warning,,,/kits/api-docs,actual page layers,visible idle,3,fail,2.1157693687024035,"[232.999875, 154.999965, 23.999988, 1]","[252.800013, 244.9999965, 231.8999682, 1]",
baseline,light,,F5,warning,,,/kits/api-docs,actual page layers,visible idle,4,fail,2.1157693687024035,"[232.999875, 154.999965, 23.999988, 1]","[252.800013, 244.9999965, 231.8999682, 1]",
baseline,light,,F6,secondary,,,/kits/api-docs,actual page layers,visible idle,0,fail,2.765026299210927,"[17.999991, 165.000045, 147.99996000000002, 1]","[231.2998767, 246.0000045, 244.299996, 1]",
baseline,light,,F7,error,,,/kits/api-docs,actual page layers,visible idle,0,fail,3.4400331348716318,"[228.999945, 72.000015, 77.00005499999999, 1]","[252.40001999999998, 236.7000015, 237.2000055, 1]",
baseline,light,,F8,error,,,/kits/api-docs,actual page layers,visible idle,0,fail,3.913739873944556,"[255, 255, 255, 1]","[228.999945, 72.000015, 77.00005499999999, 1]",
baseline,light,,F9,success,,,/kits/api-docs,actual page layers,visible idle,0,fail,2.6261666632783154,"[68.99994, 165.000045, 86.99987999999999, 1]","[229.02003390000002, 238.62013109999998, 230.8201656, 1]",
baseline,light,,F9,success,,,/kits/api-docs,actual page layers,visible idle,1,fail,2.6261666632783154,"[68.99994, 165.000045, 86.99987999999999, 1]","[229.02003390000002, 238.62013109999998, 230.8201656, 1]",
baseline,light,,F9,success,,,/kits/api-docs,actual page layers,visible idle,2,fail,2.6261666632783154,"[68.99994, 165.000045, 86.99987999999999, 1]","[229.02003390000002, 238.62013109999998, 230.8201656, 1]",
baseline,light,,response-statusText,,,,/kits/api-docs,actual page layers,visible idle,0,fail,2.6261666632783154,"[68.99994, 165.000045, 86.99987999999999, 1]","[229.02003390000002, 238.62013109999998, 230.8201656, 1]",
baseline,light,,response-statusText,,,,/kits/api-docs,actual page layers,visible idle,1,fail,2.6261666632783154,"[68.99994, 165.000045, 86.99987999999999, 1]","[229.02003390000002, 238.62013109999998, 230.8201656, 1]",
baseline,light,,actual-page-alert,,,,/kits/api-docs,actual page layers,visible idle,0,pass,16.95443819582973,"[23.0000055, 23.0000055, 23.0000055, 1]","[248.4999225, 248.4999225, 248.4999225, 1]",
baseline,light,,actual-page-alert,,,,/kits/api-docs,actual page layers,visible idle,1,pass,12.924186297738398,"[45.54999720000001, 45.54999720000001, 45.54999720000001, 1]","[248.4999225, 248.4999225, 248.4999225, 1]",
baseline,light,,F1,error,,,/kits/api-docs/endpoint-reference,actual page layers,visible idle,0,fail,3.913739873944556,"[228.999945, 72.000015, 77.00005499999999, 1]","[255, 255, 255, 1]",
baseline,light,,F1,error,,,/kits/api-docs/endpoint-reference,actual page layers,visible idle,1,fail,3.913739873944556,"[228.999945, 72.000015, 77.00005499999999, 1]","[255, 255, 255, 1]",
baseline,light,,F1,error,,,/kits/api-docs/endpoint-reference,actual page layers,visible idle,2,fail,3.913739873944556,"[228.999945, 72.000015, 77.00005499999999, 1]","[255, 255, 255, 1]",
baseline,light,,F1,error,,,/kits/api-docs/endpoint-reference,actual page layers,visible idle,3,fail,3.913739873944556,"[228.999945, 72.000015, 77.00005499999999, 1]","[255, 255, 255, 1]",
baseline,light,,F1,error,,,/kits/api-docs/endpoint-reference,actual page layers,visible idle,4,fail,3.913739873944556,"[228.999945, 72.000015, 77.00005499999999, 1]","[255, 255, 255, 1]",
baseline,light,,F1,error,,,/kits/api-docs/endpoint-reference,actual page layers,visible idle,5,fail,3.913739873944556,"[228.999945, 72.000015, 77.00005499999999, 1]","[255, 255, 255, 1]",
baseline,light,,F1,error,,,/kits/api-docs/endpoint-reference,actual page layers,visible idle,6,fail,3.913739873944556,"[228.999945, 72.000015, 77.00005499999999, 1]","[255, 255, 255, 1]",
baseline,light,,F1,error,,,/kits/api-docs/endpoint-reference,actual page layers,visible idle,7,fail,3.913739873944556,"[228.999945, 72.000015, 77.00005499999999, 1]","[255, 255, 255, 1]",
baseline,light,,F1,error,,,/kits/api-docs/endpoint-reference,actual page layers,visible idle,8,fail,3.913739873944556,"[228.999945, 72.000015, 77.00005499999999, 1]","[255, 255, 255, 1]",
baseline,light,,F2,warning,,,/kits/api-docs/endpoint-reference,actual page layers,visible idle,0,fail,2.290963597687398,"[232.999875, 154.999965, 23.999988, 1]","[255, 255, 255, 1]",
baseline,light,,F2,warning,,,/kits/api-docs/endpoint-reference,actual page layers,visible idle,1,fail,2.290963597687398,"[232.999875, 154.999965, 23.999988, 1]","[255, 255, 255, 1]",
baseline,light,,F3,info,,,/kits/api-docs/endpoint-reference,actual page layers,visible idle,0,fail,3.883132249349551,"[0, 114.000045, 244.99992, 1]","[229.50005891214, 240.9000045, 254.0000175, 1]",
baseline,light,,F3,info,,,/kits/api-docs/endpoint-reference,actual page layers,visible idle,1,fail,3.883132249349551,"[0, 114.000045, 244.99992, 1]","[229.50005891214, 240.9000045, 254.0000175, 1]",
baseline,light,,F4,success,,,/kits/api-docs/endpoint-reference,actual page layers,visible idle,0,fail,2.8053050668193693,"[68.99994, 165.000045, 86.99987999999999, 1]","[236.4000195, 245.999979, 238.2000135, 1]",
baseline,light,,F4,success,,,/kits/api-docs/endpoint-reference,actual page layers,visible idle,1,fail,2.8053050668193693,"[68.99994, 165.000045, 86.99987999999999, 1]","[236.4000195, 245.999979, 238.2000135, 1]",
baseline,light,,F5,warning,,,/kits/api-docs/endpoint-reference,actual page layers,visible idle,0,fail,2.1157693687024035,"[232.999875, 154.999965, 23.999988, 1]","[252.800013, 244.9999965, 231.8999682, 1]",
baseline,light,,F5-field-caveat,warning,,,/kits/api-docs/endpoint-reference,actual page layers,visible idle,0,fail,2.1157693687024035,"[232.999875, 154.999965, 23.999988, 1]","[252.800013, 244.9999965, 231.8999682, 1]",
baseline,light,,F5-field-caveat,warning,,,/kits/api-docs/endpoint-reference,actual page layers,visible idle,1,pass,7.216330171955148,"[82.000095, 82.000095, 82.000095, 1]","[252.800013, 244.9999965, 231.8999682, 1]",
baseline,light,,F9,success,,,/kits/api-docs/endpoint-reference,actual page layers,visible idle,0,fail,2.6261666632783154,"[68.99994, 165.000045, 86.99987999999999, 1]","[229.02003390000002, 238.62013109999998, 230.8201656, 1]",
baseline,light,,F1,error,,,/kits/api-docs/webhook-reference,actual page layers,visible idle,0,fail,3.913739873944556,"[228.999945, 72.000015, 77.00005499999999, 1]","[255, 255, 255, 1]",
baseline,light,,F1,error,,,/kits/api-docs/webhook-reference,actual page layers,visible idle,1,fail,3.913739873944556,"[228.999945, 72.000015, 77.00005499999999, 1]","[255, 255, 255, 1]",
baseline,light,,F1,error,,,/kits/api-docs/webhook-reference,actual page layers,visible idle,2,fail,3.913739873944556,"[228.999945, 72.000015, 77.00005499999999, 1]","[255, 255, 255, 1]",
baseline,light,,F1,error,,,/kits/api-docs/webhook-reference,actual page layers,visible idle,3,fail,3.913739873944556,"[228.999945, 72.000015, 77.00005499999999, 1]","[255, 255, 255, 1]",
baseline,light,,F1,error,,,/kits/api-docs/webhook-reference,actual page layers,visible idle,4,fail,3.913739873944556,"[228.999945, 72.000015, 77.00005499999999, 1]","[255, 255, 255, 1]",
baseline,light,,F1,error,,,/kits/api-docs/webhook-reference,actual page layers,visible idle,5,fail,3.913739873944556,"[228.999945, 72.000015, 77.00005499999999, 1]","[255, 255, 255, 1]",
baseline,light,,F1,error,,,/kits/api-docs/webhook-reference,actual page layers,visible idle,6,fail,3.913739873944556,"[228.999945, 72.000015, 77.00005499999999, 1]","[255, 255, 255, 1]",
baseline,light,,F1,error,,,/kits/api-docs/webhook-reference,actual page layers,visible idle,7,fail,3.913739873944556,"[228.999945, 72.000015, 77.00005499999999, 1]","[255, 255, 255, 1]",
baseline,light,,F1,error,,,/kits/api-docs/webhook-reference,actual page layers,visible idle,8,fail,3.913739873944556,"[228.999945, 72.000015, 77.00005499999999, 1]","[255, 255, 255, 1]",
baseline,light,,F9,success,,,/kits/api-docs/webhook-reference,actual page layers,visible idle,,unverified,,,,required selector matched zero nodes
baseline,dark,semantic text,,primary,,text,/__functional-colors,default,idle,0,pass,5.9973105450104285,"[168.999975, 110.00011500000001, 255, 1]","[10.0000035, 10.0000035, 10.0000035, 1]",
baseline,dark,Badge,,primary,solid,base,/__functional-colors,default,idle,0,pass,5.426370197465054,"[23.079922500000002, 23.0863485, 23.086935, 1]","[168.999975, 110.00011500000001, 255, 1]",
baseline,dark,Alert,,primary,solid,title,/__functional-colors,default,idle,0,pass,5.426370197465054,"[23.079922500000002, 23.0863485, 23.086935, 1]","[168.999975, 110.00011500000001, 255, 1]",
baseline,dark,Alert,,primary,solid,description,/__functional-colors,default,idle,0,pass,4.800020330397687,"[37.67192775, 31.777725149999995, 46.27824149999999, 1]","[168.999975, 110.00011500000001, 255, 1]",
baseline,dark,Badge,,primary,outline,base,/__functional-colors,default,idle,0,pass,5.9973105450104285,"[168.999975, 110.00011500000001, 255, 1]","[10.0000035, 10.0000035, 10.0000035, 1]",
baseline,dark,Alert,,primary,outline,title,/__functional-colors,default,idle,0,pass,5.9973105450104285,"[168.999975, 110.00011500000001, 255, 1]","[10.0000035, 10.0000035, 10.0000035, 1]",
baseline,dark,Alert,,primary,outline,description,/__functional-colors,default,idle,0,pass,5.02263986531191,"[153.09997785000002, 100.00010385, 230.50000035, 1]","[10.0000035, 10.0000035, 10.0000035, 1]",
baseline,dark,Badge,,primary,soft,base,/__functional-colors,default,idle,0,pass,5.449178095996921,"[168.999975, 110.00011500000001, 255, 1]","[25.899975150000003, 19.999989149999998, 34.49997765, 1]",
baseline,dark,Alert,,primary,soft,title,/__functional-colors,default,idle,0,pass,5.449178095996921,"[168.999975, 110.00011500000001, 255, 1]","[25.899975150000003, 19.999989149999998, 34.49997765, 1]",
baseline,dark,Alert,,primary,soft,description,/__functional-colors,default,idle,0,pass,4.647182004521028,"[154.68997501500002, 101.00010241500001, 232.949997765, 1]","[25.899975150000003, 19.999989149999998, 34.49997765, 1]",
baseline,dark,Badge,,primary,subtle,base,/__functional-colors,default,idle,0,pass,5.449178095996921,"[168.999975, 110.00011500000001, 255, 1]","[25.899975150000003, 19.999989149999998, 34.49997765, 1]",
baseline,dark,Alert,,primary,subtle,title,/__functional-colors,default,idle,0,pass,5.449178095996921,"[168.999975, 110.00011500000001, 255, 1]","[25.899975150000003, 19.999989149999998, 34.49997765, 1]",
baseline,dark,Alert,,primary,subtle,description,/__functional-colors,default,idle,0,pass,4.647182004521028,"[154.68997501500002, 101.00010241500001, 232.949997765, 1]","[25.899975150000003, 19.999989149999998, 34.49997765, 1]",
baseline,dark,Button,,primary,solid,base/label,/__functional-colors,default,idle,0,pass,5.426370197465054,"[23.079922500000002, 23.0863485, 23.086935, 1]","[168.999975, 110.00011500000001, 255, 1]",
baseline,dark,Button,,primary,solid,base/label,/__functional-colors,default,hover,0,fail,3.423587752115573,"[23.079922500000002, 23.0863485, 23.086935, 1]","[129.249790875, 84.99989587499999, 193.749809625, 1]",
baseline,dark,Button,,primary,solid,base/label,/__functional-colors,default,active+hover,0,fail,3.423587752115573,"[23.079922500000002, 23.0863485, 23.086935, 1]","[129.249790875, 84.99989587499999, 193.749809625, 1]",
baseline,dark,Button,,primary,solid,base/label,/__functional-colors,default,keyboard-focus,0,pass,5.426370197465054,"[23.079922500000002, 23.0863485, 23.086935, 1]","[168.999975, 110.00011500000001, 255, 1]",
baseline,dark,Button,,primary,solid,base/label,/__functional-colors,default,keyboard-active+focus,0,fail,3.423587752115573,"[23.079922500000002, 23.0863485, 23.086935, 1]","[129.249790875, 84.99989587499999, 193.749809625, 1]",
baseline,dark,Button,,primary,solid,base/label,/__functional-colors,default,focus+hover,0,fail,3.423587752115573,"[23.079922500000002, 23.0863485, 23.086935, 1]","[129.249790875, 84.99989587499999, 193.749809625, 1]",
baseline,dark,Button,,primary,link,base/label,/__functional-colors,default,idle,0,pass,5.9973105450104285,"[168.999975, 110.00011500000001, 255, 1]","[10.0000035, 10.0000035, 10.0000035, 1]",
baseline,dark,Button,,primary,link,base/label,/__functional-colors,default,hover,0,fail,3.7838035704093707,"[129.249790875, 84.99989587499999, 193.749809625, 1]","[10.0000035, 10.0000035, 10.0000035, 1]",
baseline,dark,Button,,primary,link,base/label,/__functional-colors,default,active+hover,0,fail,3.7838035704093707,"[129.249790875, 84.99989587499999, 193.749809625, 1]","[10.0000035, 10.0000035, 10.0000035, 1]",
baseline,dark,Button,,primary,link,base/label,/__functional-colors,default,keyboard-focus,0,pass,5.9973105450104285,"[168.999975, 110.00011500000001, 255, 1]","[10.0000035, 10.0000035, 10.0000035, 1]",
baseline,dark,Button,,primary,link,base/label,/__functional-colors,default,keyboard-active+focus,0,fail,3.7838035704093707,"[129.249790875, 84.99989587499999, 193.749809625, 1]","[10.0000035, 10.0000035, 10.0000035, 1]",
baseline,dark,Button,,primary,link,base/label,/__functional-colors,default,focus+hover,0,fail,3.7838035704093707,"[129.249790875, 84.99989587499999, 193.749809625, 1]","[10.0000035, 10.0000035, 10.0000035, 1]",
baseline,dark,semantic text,,secondary,,text,/__functional-colors,default,idle,0,pass,11.791953413639876,"[68.99994, 221.99994, 196.999995, 1]","[10.0000035, 10.0000035, 10.0000035, 1]",
baseline,dark,Badge,,secondary,solid,base,/__functional-colors,default,idle,0,pass,10.669366559133293,"[23.079922500000002, 23.0863485, 23.086935, 1]","[68.99994, 221.99994, 196.999995, 1]",
baseline,dark,Alert,,secondary,solid,title,/__functional-colors,default,idle,0,pass,10.669366559133293,"[23.079922500000002, 23.0863485, 23.086935, 1]","[68.99994, 221.99994, 196.999995, 1]",
baseline,dark,Alert,,secondary,solid,description,/__functional-colors,default,idle,0,pass,8.777536547661516,"[27.671924250000004, 42.97770765, 40.478241, 1]","[68.99994, 221.99994, 196.999995, 1]",
baseline,dark,Badge,,secondary,outline,base,/__functional-colors,default,idle,0,pass,11.791953413639876,"[68.99994, 221.99994, 196.999995, 1]","[10.0000035, 10.0000035, 10.0000035, 1]",
baseline,dark,Alert,,secondary,outline,title,/__functional-colors,default,idle,0,pass,11.791953413639876,"[68.99994, 221.99994, 196.999995, 1]","[10.0000035, 10.0000035, 10.0000035, 1]",
baseline,dark,Alert,,secondary,outline,description,/__functional-colors,default,idle,0,pass,9.609934351292988,"[63.099946349999996, 200.79994635, 178.29999585000002, 1]","[10.0000035, 10.0000035, 10.0000035, 1]",
baseline,dark,Badge,,secondary,soft,base,/__functional-colors,default,idle,0,pass,10.108178889571581,"[68.99994, 221.99994, 196.999995, 1]","[15.90002265, 31.19999715, 28.700002650000002, 1]",
baseline,dark,Alert,,secondary,soft,title,/__functional-colors,default,idle,0,pass,10.108178889571581,"[68.99994, 221.99994, 196.999995, 1]","[15.90002265, 31.19999715, 28.700002650000002, 1]",
baseline,dark,Alert,,secondary,soft,description,/__functional-colors,default,idle,0,pass,8.41380491416737,"[63.68994826499999, 202.919945715, 180.169995765, 1]","[15.90002265, 31.19999715, 28.700002650000002, 1]",
baseline,dark,Badge,,secondary,subtle,base,/__functional-colors,default,idle,0,pass,10.108178889571581,"[68.99994, 221.99994, 196.999995, 1]","[15.90002265, 31.19999715, 28.700002650000002, 1]",
baseline,dark,Alert,,secondary,subtle,title,/__functional-colors,default,idle,0,pass,10.108178889571581,"[68.99994, 221.99994, 196.999995, 1]","[15.90002265, 31.19999715, 28.700002650000002, 1]",
baseline,dark,Alert,,secondary,subtle,description,/__functional-colors,default,idle,0,pass,8.41380491416737,"[63.68994826499999, 202.919945715, 180.169995765, 1]","[15.90002265, 31.19999715, 28.700002650000002, 1]",
baseline,dark,Button,,secondary,solid,base/label,/__functional-colors,default,idle,0,pass,10.669366559133293,"[23.079922500000002, 23.0863485, 23.086935, 1]","[68.99994, 221.99994, 196.999995, 1]",
baseline,dark,Button,,secondary,solid,base/label,/__functional-colors,default,hover,0,pass,6.206079588485753,"[23.079922500000002, 23.0863485, 23.086935, 1]","[54.250147125, 168.999955875, 150.24999712500002, 1]",
baseline,dark,Button,,secondary,solid,base/label,/__functional-colors,default,active+hover,0,pass,6.206079588485753,"[23.079922500000002, 23.0863485, 23.086935, 1]","[54.250147125, 168.999955875, 150.24999712500002, 1]",
baseline,dark,Button,,secondary,solid,base/label,/__functional-colors,default,keyboard-focus,0,pass,10.669366559133293,"[23.079922500000002, 23.0863485, 23.086935, 1]","[68.99994, 221.99994, 196.999995, 1]",
baseline,dark,Button,,secondary,solid,base/label,/__functional-colors,default,keyboard-active+focus,0,pass,6.206079588485753,"[23.079922500000002, 23.0863485, 23.086935, 1]","[54.250147125, 168.999955875, 150.24999712500002, 1]",
baseline,dark,Button,,secondary,solid,base/label,/__functional-colors,default,focus+hover,0,pass,6.206079588485753,"[23.079922500000002, 23.0863485, 23.086935, 1]","[54.250147125, 168.999955875, 150.24999712500002, 1]",
baseline,dark,Button,,secondary,link,base/label,/__functional-colors,default,idle,0,pass,11.791953413639876,"[68.99994, 221.99994, 196.999995, 1]","[10.0000035, 10.0000035, 10.0000035, 1]",
baseline,dark,Button,,secondary,link,base/label,/__functional-colors,default,hover,0,pass,6.859057750351594,"[54.250147125, 168.999955875, 150.24999712500002, 1]","[10.0000035, 10.0000035, 10.0000035, 1]",
baseline,dark,Button,,secondary,link,base/label,/__functional-colors,default,active+hover,0,pass,6.859057750351594,"[54.250147125, 168.999955875, 150.24999712500002, 1]","[10.0000035, 10.0000035, 10.0000035, 1]",
baseline,dark,Button,,secondary,link,base/label,/__functional-colors,default,keyboard-focus,0,pass,11.791953413639876,"[68.99994, 221.99994, 196.999995, 1]","[10.0000035, 10.0000035, 10.0000035, 1]",
baseline,dark,Button,,secondary,link,base/label,/__functional-colors,default,keyboard-active+focus,0,pass,6.859057750351594,"[54.250147125, 168.999955875, 150.24999712500002, 1]","[10.0000035, 10.0000035, 10.0000035, 1]",
baseline,dark,Button,,secondary,link,base/label,/__functional-colors,default,focus+hover,0,pass,6.859057750351594,"[54.250147125, 168.999955875, 150.24999712500002, 1]","[10.0000035, 10.0000035, 10.0000035, 1]",
baseline,dark,semantic text,,success,,text,/__functional-colors,default,idle,0,pass,11.240690812417794,"[107.999895, 218.00001, 117.00012, 1]","[10.0000035, 10.0000035, 10.0000035, 1]",
baseline,dark,Badge,,success,solid,base,/__functional-colors,default,idle,0,pass,10.170583825139756,"[23.079922500000002, 23.0863485, 23.086935, 1]","[107.999895, 218.00001, 117.00012, 1]",
baseline,dark,Alert,,success,solid,title,/__functional-colors,default,idle,0,pass,10.170583825139756,"[23.079922500000002, 23.0863485, 23.086935, 1]","[107.999895, 218.00001, 117.00012, 1]",
baseline,dark,Alert,,success,solid,description,/__functional-colors,default,idle,0,pass,8.391349962376818,"[31.57191975, 42.57771464999999, 32.478253499999994, 1]","[107.999895, 218.00001, 117.00012, 1]",
baseline,dark,Badge,,success,outline,base,/__functional-colors,default,idle,0,pass,11.240690812417794,"[107.999895, 218.00001, 117.00012, 1]","[10.0000035, 10.0000035, 10.0000035, 1]",
baseline,dark,Alert,,success,outline,title,/__functional-colors,default,idle,0,pass,11.240690812417794,"[107.999895, 218.00001, 117.00012, 1]","[10.0000035, 10.0000035, 10.0000035, 1]",
baseline,dark,Alert,,success,outline,description,/__functional-colors,default,idle,0,pass,9.178433044160318,"[98.19990585, 197.20000935, 106.30010834999999, 1]","[10.0000035, 10.0000035, 10.0000035, 1]",
baseline,dark,Badge,,success,soft,base,/__functional-colors,default,idle,0,pass,9.663333524293087,"[107.999895, 218.00001, 117.00012, 1]","[19.79999265, 30.80000415, 20.70001515, 1]",
baseline,dark,Alert,,success,soft,title,/__functional-colors,default,idle,0,pass,9.663333524293087,"[107.999895, 218.00001, 117.00012, 1]","[19.79999265, 30.80000415, 20.70001515, 1]",
baseline,dark,Alert,,success,soft,description,/__functional-colors,default,idle,0,pass,8.057404013885744,"[99.179904765, 199.280009415, 107.370109515, 1]","[19.79999265, 30.80000415, 20.70001515, 1]",
baseline,dark,Badge,,success,subtle,base,/__functional-colors,default,idle,0,pass,9.663333524293087,"[107.999895, 218.00001, 117.00012, 1]","[19.79999265, 30.80000415, 20.70001515, 1]",
baseline,dark,Alert,,success,subtle,title,/__functional-colors,default,idle,0,pass,9.663333524293087,"[107.999895, 218.00001, 117.00012, 1]","[19.79999265, 30.80000415, 20.70001515, 1]",
baseline,dark,Alert,,success,subtle,description,/__functional-colors,default,idle,0,pass,8.057404013885744,"[99.179904765, 199.280009415, 107.370109515, 1]","[19.79999265, 30.80000415, 20.70001515, 1]",
baseline,dark,Button,,success,solid,base/label,/__functional-colors,default,idle,0,pass,10.170583825139756,"[23.079922500000002, 23.0863485, 23.086935, 1]","[107.999895, 218.00001, 117.00012, 1]",
baseline,dark,Button,,success,solid,base/label,/__functional-colors,default,hover,0,pass,5.950091603021275,"[23.079922500000002, 23.0863485, 23.086935, 1]","[83.499922125, 166.00000837500002, 90.250090875, 1]",
baseline,dark,Button,,success,solid,base/label,/__functional-colors,default,active+hover,0,pass,5.950091603021275,"[23.079922500000002, 23.0863485, 23.086935, 1]","[83.499922125, 166.00000837500002, 90.250090875, 1]",
baseline,dark,Button,,success,solid,base/label,/__functional-colors,default,keyboard-focus,0,pass,10.170583825139756,"[23.079922500000002, 23.0863485, 23.086935, 1]","[107.999895, 218.00001, 117.00012, 1]",
baseline,dark,Button,,success,solid,base/label,/__functional-colors,default,keyboard-active+focus,0,pass,5.950091603021275,"[23.079922500000002, 23.0863485, 23.086935, 1]","[83.499922125, 166.00000837500002, 90.250090875, 1]",
baseline,dark,Button,,success,solid,base/label,/__functional-colors,default,focus+hover,0,pass,5.950091603021275,"[23.079922500000002, 23.0863485, 23.086935, 1]","[83.499922125, 166.00000837500002, 90.250090875, 1]",
baseline,dark,Button,,success,link,base/label,/__functional-colors,default,idle,0,pass,11.240690812417794,"[107.999895, 218.00001, 117.00012, 1]","[10.0000035, 10.0000035, 10.0000035, 1]",
baseline,dark,Button,,success,link,base/label,/__functional-colors,default,hover,0,pass,6.576135762216821,"[83.499922125, 166.00000837500002, 90.250090875, 1]","[10.0000035, 10.0000035, 10.0000035, 1]",
baseline,dark,Button,,success,link,base/label,/__functional-colors,default,active+hover,0,pass,6.576135762216821,"[83.499922125, 166.00000837500002, 90.250090875, 1]","[10.0000035, 10.0000035, 10.0000035, 1]",
baseline,dark,Button,,success,link,base/label,/__functional-colors,default,keyboard-focus,0,pass,11.240690812417794,"[107.999895, 218.00001, 117.00012, 1]","[10.0000035, 10.0000035, 10.0000035, 1]",
baseline,dark,Button,,success,link,base/label,/__functional-colors,default,keyboard-active+focus,0,pass,6.576135762216821,"[83.499922125, 166.00000837500002, 90.250090875, 1]","[10.0000035, 10.0000035, 10.0000035, 1]",
baseline,dark,Button,,success,link,base/label,/__functional-colors,default,focus+hover,0,pass,6.576135762216821,"[83.499922125, 166.00000837500002, 90.250090875, 1]","[10.0000035, 10.0000035, 10.0000035, 1]",
baseline,dark,semantic text,,info,,text,/__functional-colors,default,idle,0,pass,8.350282994767758,"[82.000095, 174.000015, 255, 1]","[10.0000035, 10.0000035, 10.0000035, 1]",
baseline,dark,Badge,,info,solid,base,/__functional-colors,default,idle,0,pass,7.555341088832712,"[23.079922500000002, 23.0863485, 23.086935, 1]","[82.000095, 174.000015, 255, 1]",
baseline,dark,Alert,,info,solid,title,/__functional-colors,default,idle,0,pass,7.555341088832712,"[23.079922500000002, 23.0863485, 23.086935, 1]","[82.000095, 174.000015, 255, 1]",
baseline,dark,Alert,,info,solid,description,/__functional-colors,default,idle,0,pass,6.457674885097399,"[28.971939750000004, 38.17771515, 46.27824149999999, 1]","[82.000095, 174.000015, 255, 1]",
baseline,dark,Badge,,info,outline,base,/__functional-colors,default,idle,0,pass,8.350282994767758,"[82.000095, 174.000015, 255, 1]","[10.0000035, 10.0000035, 10.0000035, 1]",
baseline,dark,Alert,,info,outline,title,/__functional-colors,default,idle,0,pass,8.350282994767758,"[82.000095, 174.000015, 255, 1]","[10.0000035, 10.0000035, 10.0000035, 1]",
baseline,dark,Alert,,info,outline,description,/__functional-colors,default,idle,0,pass,6.890997708885082,"[74.80008585, 157.60001384999998, 230.50000035, 1]","[10.0000035, 10.0000035, 10.0000035, 1]",
baseline,dark,Badge,,info,soft,base,/__functional-colors,default,idle,0,pass,7.385846572542687,"[82.000095, 174.000015, 255, 1]","[17.20003815, 26.40000465, 34.50000315, 1]",
baseline,dark,Alert,,info,soft,title,/__functional-colors,default,idle,0,pass,7.385846572542687,"[82.000095, 174.000015, 255, 1]","[17.20003815, 26.40000465, 34.50000315, 1]",
baseline,dark,Alert,,info,soft,description,/__functional-colors,default,idle,0,pass,6.216778717172552,"[75.520089315, 159.24001396499997, 232.950000315, 1]","[17.20003815, 26.40000465, 34.50000315, 1]",
baseline,dark,Badge,,info,subtle,base,/__functional-colors,default,idle,0,pass,7.385846572542687,"[82.000095, 174.000015, 255, 1]","[17.20003815, 26.40000465, 34.50000315, 1]",
baseline,dark,Alert,,info,subtle,title,/__functional-colors,default,idle,0,pass,7.385846572542687,"[82.000095, 174.000015, 255, 1]","[17.20003815, 26.40000465, 34.50000315, 1]",
baseline,dark,Alert,,info,subtle,description,/__functional-colors,default,idle,0,pass,6.216778717172552,"[75.520089315, 159.24001396499997, 232.950000315, 1]","[17.20003815, 26.40000465, 34.50000315, 1]",
baseline,dark,Button,,info,solid,base/label,/__functional-colors,default,idle,0,pass,7.555341088832712,"[23.079922500000002, 23.0863485, 23.086935, 1]","[82.000095, 174.000015, 255, 1]",
baseline,dark,Button,,info,solid,base/label,/__functional-colors,default,hover,0,pass,4.563453394929415,"[23.079922500000002, 23.0863485, 23.086935, 1]","[64.000263375, 133.000012125, 193.750000875, 1]",
baseline,dark,Button,,info,solid,base/label,/__functional-colors,default,active+hover,0,pass,4.563453394929415,"[23.079922500000002, 23.0863485, 23.086935, 1]","[64.000263375, 133.000012125, 193.750000875, 1]",
baseline,dark,Button,,info,solid,base/label,/__functional-colors,default,keyboard-focus,0,pass,7.555341088832712,"[23.079922500000002, 23.0863485, 23.086935, 1]","[82.000095, 174.000015, 255, 1]",
baseline,dark,Button,,info,solid,base/label,/__functional-colors,default,keyboard-active+focus,0,pass,4.563453394929415,"[23.079922500000002, 23.0863485, 23.086935, 1]","[64.000263375, 133.000012125, 193.750000875, 1]",
baseline,dark,Button,,info,solid,base/label,/__functional-colors,default,focus+hover,0,pass,4.563453394929415,"[23.079922500000002, 23.0863485, 23.086935, 1]","[64.000263375, 133.000012125, 193.750000875, 1]",
baseline,dark,Button,,info,link,base/label,/__functional-colors,default,idle,0,pass,8.350282994767758,"[82.000095, 174.000015, 255, 1]","[10.0000035, 10.0000035, 10.0000035, 1]",
baseline,dark,Button,,info,link,base/label,/__functional-colors,default,hover,0,pass,5.043601186638368,"[64.000263375, 133.000012125, 193.750000875, 1]","[10.0000035, 10.0000035, 10.0000035, 1]",
baseline,dark,Button,,info,link,base/label,/__functional-colors,default,active+hover,0,pass,5.043601186638368,"[64.000263375, 133.000012125, 193.750000875, 1]","[10.0000035, 10.0000035, 10.0000035, 1]",
baseline,dark,Button,,info,link,base/label,/__functional-colors,default,keyboard-focus,0,pass,8.350282994767758,"[82.000095, 174.000015, 255, 1]","[10.0000035, 10.0000035, 10.0000035, 1]",
baseline,dark,Button,,info,link,base/label,/__functional-colors,default,keyboard-active+focus,0,pass,5.043601186638368,"[64.000263375, 133.000012125, 193.750000875, 1]","[10.0000035, 10.0000035, 10.0000035, 1]",
baseline,dark,Button,,info,link,base/label,/__functional-colors,default,focus+hover,0,pass,5.043601186638368,"[64.000263375, 133.000012125, 193.750000875, 1]","[10.0000035, 10.0000035, 10.0000035, 1]",
baseline,dark,semantic text,,warning,,text,/__functional-colors,default,idle,0,pass,11.024783690770832,"[244.000065, 182.999985, 63.9999, 1]","[10.0000035, 10.0000035, 10.0000035, 1]",
baseline,dark,Badge,,warning,solid,base,/__functional-colors,default,idle,0,pass,9.975230931282981,"[23.079922500000002, 23.0863485, 23.086935, 1]","[244.000065, 182.999985, 63.9999, 1]",
baseline,dark,Alert,,warning,solid,title,/__functional-colors,default,idle,0,pass,9.975230931282981,"[23.079922500000002, 23.0863485, 23.086935, 1]","[244.000065, 182.999985, 63.9999, 1]",
baseline,dark,Alert,,warning,solid,description,/__functional-colors,default,idle,0,pass,8.237677744473642,"[45.17193675, 39.077712149999996, 27.1782315, 1]","[244.000065, 182.999985, 63.9999, 1]",
baseline,dark,Badge,,warning,outline,base,/__functional-colors,default,idle,0,pass,11.024783690770832,"[244.000065, 182.999985, 63.9999, 1]","[10.0000035, 10.0000035, 10.0000035, 1]",
baseline,dark,Alert,,warning,outline,title,/__functional-colors,default,idle,0,pass,11.024783690770832,"[244.000065, 182.999985, 63.9999, 1]","[10.0000035, 10.0000035, 10.0000035, 1]",
baseline,dark,Alert,,warning,outline,description,/__functional-colors,default,idle,0,pass,9.00995884118132,"[220.60005885, 165.69998685000002, 58.59991035, 1]","[10.0000035, 10.0000035, 10.0000035, 1]",
baseline,dark,Badge,,warning,soft,base,/__functional-colors,default,idle,0,pass,9.48682753567006,"[244.000065, 182.999985, 63.9999, 1]","[33.39998415, 27.30000165, 15.40004415, 1]",
baseline,dark,Alert,,warning,soft,title,/__functional-colors,default,idle,0,pass,9.48682753567006,"[244.000065, 182.999985, 63.9999, 1]","[33.39998415, 27.30000165, 15.40004415, 1]",
baseline,dark,Alert,,warning,soft,description,/__functional-colors,default,idle,0,pass,7.916353447869632,"[222.940056915, 167.42998666500003, 59.139914415, 1]","[33.39998415, 27.30000165, 15.40004415, 1]",
baseline,dark,Badge,,warning,subtle,base,/__functional-colors,default,idle,0,pass,9.48682753567006,"[244.000065, 182.999985, 63.9999, 1]","[33.39998415, 27.30000165, 15.40004415, 1]",
baseline,dark,Alert,,warning,subtle,title,/__functional-colors,default,idle,0,pass,9.48682753567006,"[244.000065, 182.999985, 63.9999, 1]","[33.39998415, 27.30000165, 15.40004415, 1]",
baseline,dark,Alert,,warning,subtle,description,/__functional-colors,default,idle,0,pass,7.916353447869632,"[222.940056915, 167.42998666500003, 59.139914415, 1]","[33.39998415, 27.30000165, 15.40004415, 1]",
baseline,dark,Button,,warning,solid,base/label,/__functional-colors,default,idle,0,pass,9.975230931282981,"[23.079922500000002, 23.0863485, 23.086935, 1]","[244.000065, 182.999985, 63.9999, 1]",
baseline,dark,Button,,warning,solid,base/label,/__functional-colors,default,hover,0,pass,5.850743857331055,"[23.079922500000002, 23.0863485, 23.086935, 1]","[185.499858375, 139.749989625, 50.500308375, 1]",
baseline,dark,Button,,warning,solid,base/label,/__functional-colors,default,active+hover,0,pass,5.850743857331055,"[23.079922500000002, 23.0863485, 23.086935, 1]","[185.499858375, 139.749989625, 50.500308375, 1]",
baseline,dark,Button,,warning,solid,base/label,/__functional-colors,default,keyboard-focus,0,pass,9.975230931282981,"[23.079922500000002, 23.0863485, 23.086935, 1]","[244.000065, 182.999985, 63.9999, 1]",
baseline,dark,Button,,warning,solid,base/label,/__functional-colors,default,keyboard-active+focus,0,pass,5.850743857331055,"[23.079922500000002, 23.0863485, 23.086935, 1]","[185.499858375, 139.749989625, 50.500308375, 1]",
baseline,dark,Button,,warning,solid,base/label,/__functional-colors,default,focus+hover,0,pass,5.850743857331055,"[23.079922500000002, 23.0863485, 23.086935, 1]","[185.499858375, 139.749989625, 50.500308375, 1]",
baseline,dark,Button,,warning,link,base/label,/__functional-colors,default,idle,0,pass,11.024783690770832,"[244.000065, 182.999985, 63.9999, 1]","[10.0000035, 10.0000035, 10.0000035, 1]",
baseline,dark,Button,,warning,link,base/label,/__functional-colors,default,hover,0,pass,6.466335055451678,"[185.499858375, 139.749989625, 50.500308375, 1]","[10.0000035, 10.0000035, 10.0000035, 1]",
baseline,dark,Button,,warning,link,base/label,/__functional-colors,default,active+hover,0,pass,6.466335055451678,"[185.499858375, 139.749989625, 50.500308375, 1]","[10.0000035, 10.0000035, 10.0000035, 1]",
baseline,dark,Button,,warning,link,base/label,/__functional-colors,default,keyboard-focus,0,pass,11.024783690770832,"[244.000065, 182.999985, 63.9999, 1]","[10.0000035, 10.0000035, 10.0000035, 1]",
baseline,dark,Button,,warning,link,base/label,/__functional-colors,default,keyboard-active+focus,0,pass,6.466335055451678,"[185.499858375, 139.749989625, 50.500308375, 1]","[10.0000035, 10.0000035, 10.0000035, 1]",
baseline,dark,Button,,warning,link,base/label,/__functional-colors,default,focus+hover,0,pass,6.466335055451678,"[185.499858375, 139.749989625, 50.500308375, 1]","[10.0000035, 10.0000035, 10.0000035, 1]",
baseline,dark,semantic text,,error,,text,/__functional-colors,default,idle,0,pass,7.216980674443314,"[247.999995, 114.000045, 117.00012, 1]","[10.0000035, 10.0000035, 10.0000035, 1]",
baseline,dark,Badge,,error,solid,base,/__functional-colors,default,idle,0,pass,6.529928466029159,"[23.079922500000002, 23.0863485, 23.086935, 1]","[247.999995, 114.000045, 117.00012, 1]",
baseline,dark,Alert,,error,solid,title,/__functional-colors,default,idle,0,pass,6.529928466029159,"[23.079922500000002, 23.0863485, 23.086935, 1]","[247.999995, 114.000045, 117.00012, 1]",
baseline,dark,Alert,,error,solid,description,/__functional-colors,default,idle,0,pass,5.6953473468139215,"[45.571929749999995, 32.17771815, 32.478253499999994, 1]","[247.999995, 114.000045, 117.00012, 1]",
baseline,dark,Badge,,error,outline,base,/__functional-colors,default,idle,0,pass,7.216980674443314,"[247.999995, 114.000045, 117.00012, 1]","[10.0000035, 10.0000035, 10.0000035, 1]",
baseline,dark,Alert,,error,outline,title,/__functional-colors,default,idle,0,pass,7.216980674443314,"[247.999995, 114.000045, 117.00012, 1]","[10.0000035, 10.0000035, 10.0000035, 1]",
baseline,dark,Alert,,error,outline,description,/__functional-colors,default,idle,0,pass,5.98590892076342,"[224.19999585000002, 103.60004085, 106.30010834999999, 1]","[10.0000035, 10.0000035, 10.0000035, 1]",
baseline,dark,Badge,,error,soft,base,/__functional-colors,default,idle,0,pass,6.4826706645512076,"[247.999995, 114.000045, 117.00012, 1]","[33.80000265, 20.39998215, 20.69998965, 1]",
baseline,dark,Alert,,error,soft,title,/__functional-colors,default,idle,0,pass,6.4826706645512076,"[247.999995, 114.000045, 117.00012, 1]","[33.80000265, 20.39998215, 20.69998965, 1]",
baseline,dark,Alert,,error,soft,description,/__functional-colors,default,idle,0,pass,5.481115417447198,"[226.57999576500004, 104.640038715, 107.37010696499999, 1]","[33.80000265, 20.39998215, 20.69998965, 1]",
baseline,dark,Badge,,error,subtle,base,/__functional-colors,default,idle,0,pass,6.4826706645512076,"[247.999995, 114.000045, 117.00012, 1]","[33.80000265, 20.39998215, 20.69998965, 1]",
baseline,dark,Alert,,error,subtle,title,/__functional-colors,default,idle,0,pass,6.4826706645512076,"[247.999995, 114.000045, 117.00012, 1]","[33.80000265, 20.39998215, 20.69998965, 1]",
baseline,dark,Alert,,error,subtle,description,/__functional-colors,default,idle,0,pass,5.481115417447198,"[226.57999576500004, 104.640038715, 107.37010696499999, 1]","[33.80000265, 20.39998215, 20.69998965, 1]",
baseline,dark,Button,,error,solid,base/label,/__functional-colors,default,idle,0,pass,6.529928466029159,"[23.079922500000002, 23.0863485, 23.086935, 1]","[247.999995, 114.000045, 117.00012, 1]",
baseline,dark,Button,,error,solid,base/label,/__functional-colors,default,hover,0,fail,4.005234336227778,"[23.079922500000002, 23.0863485, 23.086935, 1]","[188.49999712500002, 87.999843375, 90.249899625, 1]",
baseline,dark,Button,,error,solid,base/label,/__functional-colors,default,active+hover,0,fail,4.005234336227778,"[23.079922500000002, 23.0863485, 23.086935, 1]","[188.49999712500002, 87.999843375, 90.249899625, 1]",
baseline,dark,Button,,error,solid,base/label,/__functional-colors,default,keyboard-focus,0,pass,6.529928466029159,"[23.079922500000002, 23.0863485, 23.086935, 1]","[247.999995, 114.000045, 117.00012, 1]",
baseline,dark,Button,,error,solid,base/label,/__functional-colors,default,keyboard-active+focus,0,fail,4.005234336227778,"[23.079922500000002, 23.0863485, 23.086935, 1]","[188.49999712500002, 87.999843375, 90.249899625, 1]",
baseline,dark,Button,,error,solid,base/label,/__functional-colors,default,focus+hover,0,fail,4.005234336227778,"[23.079922500000002, 23.0863485, 23.086935, 1]","[188.49999712500002, 87.999843375, 90.249899625, 1]",
baseline,dark,Button,,error,link,base/label,/__functional-colors,default,idle,0,pass,7.216980674443314,"[247.999995, 114.000045, 117.00012, 1]","[10.0000035, 10.0000035, 10.0000035, 1]",
baseline,dark,Button,,error,link,base/label,/__functional-colors,default,hover,0,fail,4.426648615149407,"[188.49999712500002, 87.999843375, 90.249899625, 1]","[10.0000035, 10.0000035, 10.0000035, 1]",
baseline,dark,Button,,error,link,base/label,/__functional-colors,default,active+hover,0,fail,4.426648615149407,"[188.49999712500002, 87.999843375, 90.249899625, 1]","[10.0000035, 10.0000035, 10.0000035, 1]",
baseline,dark,Button,,error,link,base/label,/__functional-colors,default,keyboard-focus,0,pass,7.216980674443314,"[247.999995, 114.000045, 117.00012, 1]","[10.0000035, 10.0000035, 10.0000035, 1]",
baseline,dark,Button,,error,link,base/label,/__functional-colors,default,keyboard-active+focus,0,fail,4.426648615149407,"[188.49999712500002, 87.999843375, 90.249899625, 1]","[10.0000035, 10.0000035, 10.0000035, 1]",
baseline,dark,Button,,error,link,base/label,/__functional-colors,default,focus+hover,0,fail,4.426648615149407,"[188.49999712500002, 87.999843375, 90.249899625, 1]","[10.0000035, 10.0000035, 10.0000035, 1]",
baseline,dark,FormField,,error,,error,,default,visible,0,pass,7.216980674443314,"[247.999995, 114.000045, 117.00012, 1]","[10.0000035, 10.0000035, 10.0000035, 1]",
baseline,dark,API fixture,F1,,,,,default,idle,0,pass,7.216980674443314,"[247.999995, 114.000045, 117.00012, 1]","[10.0000035, 10.0000035, 10.0000035, 1]",
baseline,dark,API fixture,F2,,,,,default,idle,0,pass,11.024783690770832,"[244.000065, 182.999985, 63.9999, 1]","[10.0000035, 10.0000035, 10.0000035, 1]",
baseline,dark,API fixture,F5-field-caveat,,,,,default,idle,0,pass,9.48682753567006,"[244.000065, 182.999985, 63.9999, 1]","[33.39998415, 27.30000165, 15.40004415, 1]",
baseline,dark,API fixture,F5-field-caveat,,,,,default,idle,1,pass,6.593873187610103,"[161.000115, 161.000115, 161.000115, 1]","[33.39998415, 27.30000165, 15.40004415, 1]",
baseline,dark,API fixture,value-caveat,,,,,default,idle,0,pass,9.48682753567006,"[244.000065, 182.999985, 63.9999, 1]","[33.39998415, 27.30000165, 15.40004415, 1]",
baseline,dark,API fixture,value-caveat,,,,,default,idle,1,pass,6.593873187610103,"[161.000115, 161.000115, 161.000115, 1]","[33.39998415, 27.30000165, 15.40004415, 1]",
baseline,dark,ResponseExample,,,,status/statusText,,default,single status visible,0,pass,7.9054395961421475,"[107.999895, 218.00001, 117.00012, 1]","[36.0000534, 47.0000649, 36.9000759, 1]",
baseline,dark,ResponseExample,,,,status/statusText,,default,single status visible,1,pass,7.9054395961421475,"[107.999895, 218.00001, 117.00012, 1]","[36.0000534, 47.0000649, 36.9000759, 1]",
baseline,dark,ResponseExample,,,,status/statusText,,default,single status visible,2,pass,6.095653619441885,"[82.000095, 174.000015, 255, 1]","[33.4000989, 42.6000654, 50.700063899999996, 1]",
baseline,dark,ResponseExample,,,,status/statusText,,default,single status visible,3,pass,6.095653619441885,"[82.000095, 174.000015, 255, 1]","[33.4000989, 42.6000654, 50.700063899999996, 1]",
baseline,dark,ResponseExample,,,,status/statusText,,default,single status visible,4,pass,7.760385422077901,"[244.000065, 182.999985, 63.9999, 1]","[49.6000449, 43.5000624, 31.600104899999998, 1]",
baseline,dark,ResponseExample,,,,status/statusText,,default,single status visible,5,pass,7.760385422077901,"[244.000065, 182.999985, 63.9999, 1]","[49.6000449, 43.5000624, 31.600104899999998, 1]",
baseline,dark,ResponseExample,,,,status/statusText,,default,single status visible,6,pass,5.383753158172216,"[247.999995, 114.000045, 117.00012, 1]","[50.0000634, 36.6000429, 36.9000504, 1]",
baseline,dark,ResponseExample,,,,status/statusText,,default,single status visible,7,pass,5.383753158172216,"[247.999995, 114.000045, 117.00012, 1]","[50.0000634, 36.6000429, 36.9000504, 1]",
baseline,dark,LifecycleNotice,,,,,,default,idle,0,pass,9.48682753567006,"[244.000065, 182.999985, 63.9999, 1]","[33.39998415, 27.30000165, 15.40004415, 1]",
baseline,dark,LifecycleNotice,,,,,,default,idle,1,pass,7.916353447869632,"[222.940056915, 167.42998666500003, 59.139914415, 1]","[33.39998415, 27.30000165, 15.40004415, 1]",
baseline,dark,LifecycleNotice,,,,,,default,idle,2,pass,9.663333524293087,"[107.999895, 218.00001, 117.00012, 1]","[19.79999265, 30.80000415, 20.70001515, 1]",
baseline,dark,LifecycleNotice,,,,,,default,idle,3,pass,8.057404013885744,"[99.179904765, 199.280009415, 107.370109515, 1]","[19.79999265, 30.80000415, 20.70001515, 1]",
baseline,dark,LifecycleNotice,,,,,,default,idle,4,pass,9.48682753567006,"[244.000065, 182.999985, 63.9999, 1]","[33.39998415, 27.30000165, 15.40004415, 1]",
baseline,dark,LifecycleNotice,,,,,,default,idle,5,pass,7.916353447869632,"[222.940056915, 167.42998666500003, 59.139914415, 1]","[33.39998415, 27.30000165, 15.40004415, 1]",
baseline,dark,LifecycleNotice,,,,,,default,idle,6,pass,18.342311589864977,"[255, 255, 255, 1]","[20.50004925, 20.50004925, 20.50004925, 1]",
baseline,dark,LifecycleNotice,,,,,,default,idle,7,pass,14.90818494089761,"[231.550004925, 231.550004925, 231.550004925, 1]","[20.50004925, 20.50004925, 20.50004925, 1]",
baseline,dark,LifecycleNotice,,,,,,default,idle,8,pass,6.4826706645512076,"[247.999995, 114.000045, 117.00012, 1]","[33.80000265, 20.39998215, 20.69998965, 1]",
baseline,dark,LifecycleNotice,,,,,,default,idle,9,pass,5.481115417447198,"[226.57999576500004, 104.640038715, 107.37010696499999, 1]","[33.80000265, 20.39998215, 20.69998965, 1]",
baseline,dark,FieldAnnotation,,,,required,,portal own bg-default,open,0,pass,7.216980674443314,"[247.999995, 114.000045, 117.00012, 1]","[10.0000035, 10.0000035, 10.0000035, 1]",
baseline,dark,FieldAnnotation,,,,conditional,,portal own bg-default,open,0,pass,11.024783690770832,"[244.000065, 182.999985, 63.9999, 1]","[10.0000035, 10.0000035, 10.0000035, 1]",
baseline,dark,semantic text,,primary,,text,/__functional-colors,muted,idle,0,pass,5.272165470287746,"[168.999975, 110.00011500000001, 255, 1]","[26.000055, 26.000055, 26.000055, 1]",
baseline,dark,Badge,,primary,solid,base,/__functional-colors,muted,idle,0,pass,5.426370197465054,"[23.079922500000002, 23.0863485, 23.086935, 1]","[168.999975, 110.00011500000001, 255, 1]",
baseline,dark,Alert,,primary,solid,title,/__functional-colors,muted,idle,0,pass,5.426370197465054,"[23.079922500000002, 23.0863485, 23.086935, 1]","[168.999975, 110.00011500000001, 255, 1]",
baseline,dark,Alert,,primary,solid,description,/__functional-colors,muted,idle,0,pass,4.800020330397687,"[37.67192775, 31.777725149999995, 46.27824149999999, 1]","[168.999975, 110.00011500000001, 255, 1]",
baseline,dark,Badge,,primary,outline,base,/__functional-colors,muted,idle,0,pass,5.272165470287746,"[168.999975, 110.00011500000001, 255, 1]","[26.000055, 26.000055, 26.000055, 1]",
baseline,dark,Alert,,primary,outline,title,/__functional-colors,muted,idle,0,pass,5.272165470287746,"[168.999975, 110.00011500000001, 255, 1]","[26.000055, 26.000055, 26.000055, 1]",
baseline,dark,Alert,,primary,outline,description,/__functional-colors,muted,idle,0,pass,4.5077383494799905,"[154.69998300000003, 101.600109, 232.1000055, 1]","[26.000055, 26.000055, 26.000055, 1]",
baseline,dark,Badge,,primary,soft,base,/__functional-colors,muted,idle,0,pass,4.646653582562904,"[168.999975, 110.00011500000001, 255, 1]","[40.3000215, 34.4000355, 48.900024, 1]",
baseline,dark,Alert,,primary,soft,title,/__functional-colors,muted,idle,0,pass,4.646653582562904,"[168.999975, 110.00011500000001, 255, 1]","[40.3000215, 34.4000355, 48.900024, 1]",
baseline,dark,Alert,,primary,soft,description,/__functional-colors,muted,idle,0,fail,4.036939475925867,"[156.12997965000002, 102.44010705000001, 234.39000240000001, 1]","[40.3000215, 34.4000355, 48.900024, 1]",
baseline,dark,Badge,,primary,subtle,base,/__functional-colors,muted,idle,0,pass,4.646653582562904,"[168.999975, 110.00011500000001, 255, 1]","[40.3000215, 34.4000355, 48.900024, 1]",
baseline,dark,Alert,,primary,subtle,title,/__functional-colors,muted,idle,0,pass,4.646653582562904,"[168.999975, 110.00011500000001, 255, 1]","[40.3000215, 34.4000355, 48.900024, 1]",
baseline,dark,Alert,,primary,subtle,description,/__functional-colors,muted,idle,0,fail,4.036939475925867,"[156.12997965000002, 102.44010705000001, 234.39000240000001, 1]","[40.3000215, 34.4000355, 48.900024, 1]",
baseline,dark,Button,,primary,solid,base/label,/__functional-colors,muted,idle,0,pass,5.426370197465054,"[23.079922500000002, 23.0863485, 23.086935, 1]","[168.999975, 110.00011500000001, 255, 1]",
baseline,dark,Button,,primary,solid,base/label,/__functional-colors,muted,hover,0,fail,3.619751304353879,"[23.079922500000002, 23.0863485, 23.086935, 1]","[133.24980374999998, 88.99990874999999, 197.7498225, 1]",
baseline,dark,Button,,primary,solid,base/label,/__functional-colors,muted,active+hover,0,fail,3.619751304353879,"[23.079922500000002, 23.0863485, 23.086935, 1]","[133.24980374999998, 88.99990874999999, 197.7498225, 1]",
baseline,dark,Button,,primary,solid,base/label,/__functional-colors,muted,keyboard-focus,0,pass,5.426370197465054,"[23.079922500000002, 23.0863485, 23.086935, 1]","[168.999975, 110.00011500000001, 255, 1]",
baseline,dark,Button,,primary,solid,base/label,/__functional-colors,muted,keyboard-active+focus,0,fail,3.619751304353879,"[23.079922500000002, 23.0863485, 23.086935, 1]","[133.24980374999998, 88.99990874999999, 197.7498225, 1]",
baseline,dark,Button,,primary,solid,base/label,/__functional-colors,muted,focus+hover,0,fail,3.619751304353879,"[23.079922500000002, 23.0863485, 23.086935, 1]","[133.24980374999998, 88.99990874999999, 197.7498225, 1]",
baseline,dark,Button,,primary,link,base/label,/__functional-colors,muted,idle,0,pass,5.272165470287746,"[168.999975, 110.00011500000001, 255, 1]","[26.000055, 26.000055, 26.000055, 1]",
baseline,dark,Button,,primary,link,base/label,/__functional-colors,muted,hover,0,fail,3.516886453260905,"[133.24980374999998, 88.99990874999999, 197.7498225, 1]","[26.000055, 26.000055, 26.000055, 1]",
baseline,dark,Button,,primary,link,base/label,/__functional-colors,muted,active+hover,0,fail,3.516886453260905,"[133.24980374999998, 88.99990874999999, 197.7498225, 1]","[26.000055, 26.000055, 26.000055, 1]",
baseline,dark,Button,,primary,link,base/label,/__functional-colors,muted,keyboard-focus,0,pass,5.272165470287746,"[168.999975, 110.00011500000001, 255, 1]","[26.000055, 26.000055, 26.000055, 1]",
baseline,dark,Button,,primary,link,base/label,/__functional-colors,muted,keyboard-active+focus,0,fail,3.516886453260905,"[133.24980374999998, 88.99990874999999, 197.7498225, 1]","[26.000055, 26.000055, 26.000055, 1]",
baseline,dark,Button,,primary,link,base/label,/__functional-colors,muted,focus+hover,0,fail,3.516886453260905,"[133.24980374999998, 88.99990874999999, 197.7498225, 1]","[26.000055, 26.000055, 26.000055, 1]",
baseline,dark,semantic text,,secondary,,text,/__functional-colors,muted,idle,0,pass,10.366168159552219,"[68.99994, 221.99994, 196.999995, 1]","[26.000055, 26.000055, 26.000055, 1]",
baseline,dark,Badge,,secondary,solid,base,/__functional-colors,muted,idle,0,pass,10.669366559133293,"[23.079922500000002, 23.0863485, 23.086935, 1]","[68.99994, 221.99994, 196.999995, 1]",
baseline,dark,Alert,,secondary,solid,title,/__functional-colors,muted,idle,0,pass,10.669366559133293,"[23.079922500000002, 23.0863485, 23.086935, 1]","[68.99994, 221.99994, 196.999995, 1]",
baseline,dark,Alert,,secondary,solid,description,/__functional-colors,muted,idle,0,pass,8.777536547661516,"[27.671924250000004, 42.97770765, 40.478241, 1]","[68.99994, 221.99994, 196.999995, 1]",
baseline,dark,Badge,,secondary,outline,base,/__functional-colors,muted,idle,0,pass,10.366168159552219,"[68.99994, 221.99994, 196.999995, 1]","[26.000055, 26.000055, 26.000055, 1]",
baseline,dark,Alert,,secondary,outline,title,/__functional-colors,muted,idle,0,pass,10.366168159552219,"[68.99994, 221.99994, 196.999995, 1]","[26.000055, 26.000055, 26.000055, 1]",
baseline,dark,Alert,,secondary,outline,description,/__functional-colors,muted,idle,0,pass,8.591734772687811,"[64.6999515, 202.39995150000001, 179.90000100000003, 1]","[26.000055, 26.000055, 26.000055, 1]",
baseline,dark,Badge,,secondary,soft,base,/__functional-colors,muted,idle,0,pass,8.47572211106268,"[68.99994, 221.99994, 196.999995, 1]","[30.300069, 45.600043500000005, 43.100049000000006, 1]",
baseline,dark,Alert,,secondary,soft,title,/__functional-colors,muted,idle,0,pass,8.47572211106268,"[68.99994, 221.99994, 196.999995, 1]","[30.300069, 45.600043500000005, 43.100049000000006, 1]",
baseline,dark,Alert,,secondary,soft,description,/__functional-colors,muted,idle,0,pass,7.162146261347148,"[65.12995289999999, 204.35995035000002, 181.61000040000002, 1]","[30.300069, 45.600043500000005, 43.100049000000006, 1]",
baseline,dark,Badge,,secondary,subtle,base,/__functional-colors,muted,idle,0,pass,8.47572211106268,"[68.99994, 221.99994, 196.999995, 1]","[30.300069, 45.600043500000005, 43.100049000000006, 1]",
baseline,dark,Alert,,secondary,subtle,title,/__functional-colors,muted,idle,0,pass,8.47572211106268,"[68.99994, 221.99994, 196.999995, 1]","[30.300069, 45.600043500000005, 43.100049000000006, 1]",
baseline,dark,Alert,,secondary,subtle,description,/__functional-colors,muted,idle,0,pass,7.162146261347148,"[65.12995289999999, 204.35995035000002, 181.61000040000002, 1]","[30.300069, 45.600043500000005, 43.100049000000006, 1]",
baseline,dark,Button,,secondary,solid,base/label,/__functional-colors,muted,idle,0,pass,10.669366559133293,"[23.079922500000002, 23.0863485, 23.086935, 1]","[68.99994, 221.99994, 196.999995, 1]",
baseline,dark,Button,,secondary,solid,base/label,/__functional-colors,muted,hover,0,pass,6.506072489794685,"[23.079922500000002, 23.0863485, 23.086935, 1]","[58.25016, 172.99996875, 154.25001, 1]",
baseline,dark,Button,,secondary,solid,base/label,/__functional-colors,muted,active+hover,0,pass,6.506072489794685,"[23.079922500000002, 23.0863485, 23.086935, 1]","[58.25016, 172.99996875, 154.25001, 1]",
baseline,dark,Button,,secondary,solid,base/label,/__functional-colors,muted,keyboard-focus,0,pass,10.669366559133293,"[23.079922500000002, 23.0863485, 23.086935, 1]","[68.99994, 221.99994, 196.999995, 1]",
baseline,dark,Button,,secondary,solid,base/label,/__functional-colors,muted,keyboard-active+focus,0,pass,6.506072489794685,"[23.079922500000002, 23.0863485, 23.086935, 1]","[58.25016, 172.99996875, 154.25001, 1]",
baseline,dark,Button,,secondary,solid,base/label,/__functional-colors,muted,focus+hover,0,pass,6.506072489794685,"[23.079922500000002, 23.0863485, 23.086935, 1]","[58.25016, 172.99996875, 154.25001, 1]",
baseline,dark,Button,,secondary,link,base/label,/__functional-colors,muted,idle,0,pass,10.366168159552219,"[68.99994, 221.99994, 196.999995, 1]","[26.000055, 26.000055, 26.000055, 1]",
baseline,dark,Button,,secondary,link,base/label,/__functional-colors,muted,hover,0,pass,6.32118515318185,"[58.25016, 172.99996875, 154.25001, 1]","[26.000055, 26.000055, 26.000055, 1]",
baseline,dark,Button,,secondary,link,base/label,/__functional-colors,muted,active+hover,0,pass,6.32118515318185,"[58.25016, 172.99996875, 154.25001, 1]","[26.000055, 26.000055, 26.000055, 1]",
baseline,dark,Button,,secondary,link,base/label,/__functional-colors,muted,keyboard-focus,0,pass,10.366168159552219,"[68.99994, 221.99994, 196.999995, 1]","[26.000055, 26.000055, 26.000055, 1]",
baseline,dark,Button,,secondary,link,base/label,/__functional-colors,muted,keyboard-active+focus,0,pass,6.32118515318185,"[58.25016, 172.99996875, 154.25001, 1]","[26.000055, 26.000055, 26.000055, 1]",
baseline,dark,Button,,secondary,link,base/label,/__functional-colors,muted,focus+hover,0,pass,6.32118515318185,"[58.25016, 172.99996875, 154.25001, 1]","[26.000055, 26.000055, 26.000055, 1]",
baseline,dark,semantic text,,success,,text,/__functional-colors,muted,idle,0,pass,9.881559662224687,"[107.999895, 218.00001, 117.00012, 1]","[26.000055, 26.000055, 26.000055, 1]",
baseline,dark,Badge,,success,solid,base,/__functional-colors,muted,idle,0,pass,10.170583825139756,"[23.079922500000002, 23.0863485, 23.086935, 1]","[107.999895, 218.00001, 117.00012, 1]",
baseline,dark,Alert,,success,solid,title,/__functional-colors,muted,idle,0,pass,10.170583825139756,"[23.079922500000002, 23.0863485, 23.086935, 1]","[107.999895, 218.00001, 117.00012, 1]",
baseline,dark,Alert,,success,solid,description,/__functional-colors,muted,idle,0,pass,8.391349962376818,"[31.57191975, 42.57771464999999, 32.478253499999994, 1]","[107.999895, 218.00001, 117.00012, 1]",
baseline,dark,Badge,,success,outline,base,/__functional-colors,muted,idle,0,pass,9.881559662224687,"[107.999895, 218.00001, 117.00012, 1]","[26.000055, 26.000055, 26.000055, 1]",
baseline,dark,Alert,,success,outline,title,/__functional-colors,muted,idle,0,pass,9.881559662224687,"[107.999895, 218.00001, 117.00012, 1]","[26.000055, 26.000055, 26.000055, 1]",
baseline,dark,Alert,,success,outline,description,/__functional-colors,muted,idle,0,pass,8.210427070904503,"[99.799911, 198.8000145, 107.90011349999999, 1]","[26.000055, 26.000055, 26.000055, 1]",
baseline,dark,Badge,,success,soft,base,/__functional-colors,muted,idle,0,pass,8.102647463186113,"[107.999895, 218.00001, 117.00012, 1]","[34.200039000000004, 45.2000505, 35.1000615, 1]",
baseline,dark,Alert,,success,soft,title,/__functional-colors,muted,idle,0,pass,8.102647463186113,"[107.999895, 218.00001, 117.00012, 1]","[34.200039000000004, 45.2000505, 35.1000615, 1]",
baseline,dark,Alert,,success,soft,description,/__functional-colors,muted,idle,0,pass,6.862065617765668,"[100.6199094, 200.72001405, 108.81011414999999, 1]","[34.200039000000004, 45.2000505, 35.1000615, 1]",
baseline,dark,Badge,,success,subtle,base,/__functional-colors,muted,idle,0,pass,8.102647463186113,"[107.999895, 218.00001, 117.00012, 1]","[34.200039000000004, 45.2000505, 35.1000615, 1]",
baseline,dark,Alert,,success,subtle,title,/__functional-colors,muted,idle,0,pass,8.102647463186113,"[107.999895, 218.00001, 117.00012, 1]","[34.200039000000004, 45.2000505, 35.1000615, 1]",
baseline,dark,Alert,,success,subtle,description,/__functional-colors,muted,idle,0,pass,6.862065617765668,"[100.6199094, 200.72001405, 108.81011414999999, 1]","[34.200039000000004, 45.2000505, 35.1000615, 1]",
baseline,dark,Button,,success,solid,base/label,/__functional-colors,muted,idle,0,pass,10.170583825139756,"[23.079922500000002, 23.0863485, 23.086935, 1]","[107.999895, 218.00001, 117.00012, 1]",
baseline,dark,Button,,success,solid,base/label,/__functional-colors,muted,hover,0,pass,6.246221809427732,"[23.079922500000002, 23.0863485, 23.086935, 1]","[87.499935, 170.00002125, 94.25010375, 1]",
baseline,dark,Button,,success,solid,base/label,/__functional-colors,muted,active+hover,0,pass,6.246221809427732,"[23.079922500000002, 23.0863485, 23.086935, 1]","[87.499935, 170.00002125, 94.25010375, 1]",
baseline,dark,Button,,success,solid,base/label,/__functional-colors,muted,keyboard-focus,0,pass,10.170583825139756,"[23.079922500000002, 23.0863485, 23.086935, 1]","[107.999895, 218.00001, 117.00012, 1]",
baseline,dark,Button,,success,solid,base/label,/__functional-colors,muted,keyboard-active+focus,0,pass,6.246221809427732,"[23.079922500000002, 23.0863485, 23.086935, 1]","[87.499935, 170.00002125, 94.25010375, 1]",
baseline,dark,Button,,success,solid,base/label,/__functional-colors,muted,focus+hover,0,pass,6.246221809427732,"[23.079922500000002, 23.0863485, 23.086935, 1]","[87.499935, 170.00002125, 94.25010375, 1]",
baseline,dark,Button,,success,link,base/label,/__functional-colors,muted,idle,0,pass,9.881559662224687,"[107.999895, 218.00001, 117.00012, 1]","[26.000055, 26.000055, 26.000055, 1]",
baseline,dark,Button,,success,link,base/label,/__functional-colors,muted,hover,0,pass,6.068718820328,"[87.499935, 170.00002125, 94.25010375, 1]","[26.000055, 26.000055, 26.000055, 1]",
baseline,dark,Button,,success,link,base/label,/__functional-colors,muted,active+hover,0,pass,6.068718820328,"[87.499935, 170.00002125, 94.25010375, 1]","[26.000055, 26.000055, 26.000055, 1]",
baseline,dark,Button,,success,link,base/label,/__functional-colors,muted,keyboard-focus,0,pass,9.881559662224687,"[107.999895, 218.00001, 117.00012, 1]","[26.000055, 26.000055, 26.000055, 1]",
baseline,dark,Button,,success,link,base/label,/__functional-colors,muted,keyboard-active+focus,0,pass,6.068718820328,"[87.499935, 170.00002125, 94.25010375, 1]","[26.000055, 26.000055, 26.000055, 1]",
baseline,dark,Button,,success,link,base/label,/__functional-colors,muted,focus+hover,0,pass,6.068718820328,"[87.499935, 170.00002125, 94.25010375, 1]","[26.000055, 26.000055, 26.000055, 1]",
baseline,dark,semantic text,,info,,text,/__functional-colors,muted,idle,0,pass,7.3406359970423996,"[82.000095, 174.000015, 255, 1]","[26.000055, 26.000055, 26.000055, 1]",
baseline,dark,Badge,,info,solid,base,/__functional-colors,muted,idle,0,pass,7.555341088832712,"[23.079922500000002, 23.0863485, 23.086935, 1]","[82.000095, 174.000015, 255, 1]",
baseline,dark,Alert,,info,solid,title,/__functional-colors,muted,idle,0,pass,7.555341088832712,"[23.079922500000002, 23.0863485, 23.086935, 1]","[82.000095, 174.000015, 255, 1]",
baseline,dark,Alert,,info,solid,description,/__functional-colors,muted,idle,0,pass,6.457674885097399,"[28.971939750000004, 38.17771515, 46.27824149999999, 1]","[82.000095, 174.000015, 255, 1]",
baseline,dark,Badge,,info,outline,base,/__functional-colors,muted,idle,0,pass,7.3406359970423996,"[82.000095, 174.000015, 255, 1]","[26.000055, 26.000055, 26.000055, 1]",
baseline,dark,Alert,,info,outline,title,/__functional-colors,muted,idle,0,pass,7.3406359970423996,"[82.000095, 174.000015, 255, 1]","[26.000055, 26.000055, 26.000055, 1]",
baseline,dark,Alert,,info,outline,description,/__functional-colors,muted,idle,0,pass,6.174379800770152,"[76.400091, 159.200019, 232.1000055, 1]","[26.000055, 26.000055, 26.000055, 1]",
baseline,dark,Badge,,info,soft,base,/__functional-colors,muted,idle,0,pass,6.242997475201615,"[82.000095, 174.000015, 255, 1]","[31.6000845, 40.800050999999996, 48.9000495, 1]",
baseline,dark,Alert,,info,soft,title,/__functional-colors,muted,idle,0,pass,6.242997475201615,"[82.000095, 174.000015, 255, 1]","[31.6000845, 40.800050999999996, 48.9000495, 1]",
baseline,dark,Alert,,info,soft,description,/__functional-colors,muted,idle,0,pass,5.345181915924688,"[76.96009395, 160.68001859999998, 234.39000495000002, 1]","[31.6000845, 40.800050999999996, 48.9000495, 1]",
baseline,dark,Badge,,info,subtle,base,/__functional-colors,muted,idle,0,pass,6.242997475201615,"[82.000095, 174.000015, 255, 1]","[31.6000845, 40.800050999999996, 48.9000495, 1]",
baseline,dark,Alert,,info,subtle,title,/__functional-colors,muted,idle,0,pass,6.242997475201615,"[82.000095, 174.000015, 255, 1]","[31.6000845, 40.800050999999996, 48.9000495, 1]",
baseline,dark,Alert,,info,subtle,description,/__functional-colors,muted,idle,0,pass,5.345181915924688,"[76.96009395, 160.68001859999998, 234.39000495000002, 1]","[31.6000845, 40.800050999999996, 48.9000495, 1]",
baseline,dark,Button,,info,solid,base/label,/__functional-colors,muted,idle,0,pass,7.555341088832712,"[23.079922500000002, 23.0863485, 23.086935, 1]","[82.000095, 174.000015, 255, 1]",
baseline,dark,Button,,info,solid,base/label,/__functional-colors,muted,hover,0,pass,4.80862688089384,"[23.079922500000002, 23.0863485, 23.086935, 1]","[68.00027625, 137.000025, 197.75001375, 1]",
baseline,dark,Button,,info,solid,base/label,/__functional-colors,muted,active+hover,0,pass,4.80862688089384,"[23.079922500000002, 23.0863485, 23.086935, 1]","[68.00027625, 137.000025, 197.75001375, 1]",
baseline,dark,Button,,info,solid,base/label,/__functional-colors,muted,keyboard-focus,0,pass,7.555341088832712,"[23.079922500000002, 23.0863485, 23.086935, 1]","[82.000095, 174.000015, 255, 1]",
baseline,dark,Button,,info,solid,base/label,/__functional-colors,muted,keyboard-active+focus,0,pass,4.80862688089384,"[23.079922500000002, 23.0863485, 23.086935, 1]","[68.00027625, 137.000025, 197.75001375, 1]",
baseline,dark,Button,,info,solid,base/label,/__functional-colors,muted,focus+hover,0,pass,4.80862688089384,"[23.079922500000002, 23.0863485, 23.086935, 1]","[68.00027625, 137.000025, 197.75001375, 1]",
baseline,dark,Button,,info,link,base/label,/__functional-colors,muted,idle,0,pass,7.3406359970423996,"[82.000095, 174.000015, 255, 1]","[26.000055, 26.000055, 26.000055, 1]",
baseline,dark,Button,,info,link,base/label,/__functional-colors,muted,hover,0,pass,4.671976971418054,"[68.00027625, 137.000025, 197.75001375, 1]","[26.000055, 26.000055, 26.000055, 1]",
baseline,dark,Button,,info,link,base/label,/__functional-colors,muted,active+hover,0,pass,4.671976971418054,"[68.00027625, 137.000025, 197.75001375, 1]","[26.000055, 26.000055, 26.000055, 1]",
baseline,dark,Button,,info,link,base/label,/__functional-colors,muted,keyboard-focus,0,pass,7.3406359970423996,"[82.000095, 174.000015, 255, 1]","[26.000055, 26.000055, 26.000055, 1]",
baseline,dark,Button,,info,link,base/label,/__functional-colors,muted,keyboard-active+focus,0,pass,4.671976971418054,"[68.00027625, 137.000025, 197.75001375, 1]","[26.000055, 26.000055, 26.000055, 1]",
baseline,dark,Button,,info,link,base/label,/__functional-colors,muted,focus+hover,0,pass,4.671976971418054,"[68.00027625, 137.000025, 197.75001375, 1]","[26.000055, 26.000055, 26.000055, 1]",
baseline,dark,semantic text,,warning,,text,/__functional-colors,muted,idle,0,pass,9.69175823990492,"[244.000065, 182.999985, 63.9999, 1]","[26.000055, 26.000055, 26.000055, 1]",
baseline,dark,Badge,,warning,solid,base,/__functional-colors,muted,idle,0,pass,9.975230931282981,"[23.079922500000002, 23.0863485, 23.086935, 1]","[244.000065, 182.999985, 63.9999, 1]",
baseline,dark,Alert,,warning,solid,title,/__functional-colors,muted,idle,0,pass,9.975230931282981,"[23.079922500000002, 23.0863485, 23.086935, 1]","[244.000065, 182.999985, 63.9999, 1]",
baseline,dark,Alert,,warning,solid,description,/__functional-colors,muted,idle,0,pass,8.237677744473642,"[45.17193675, 39.077712149999996, 27.1782315, 1]","[244.000065, 182.999985, 63.9999, 1]",
baseline,dark,Badge,,warning,outline,base,/__functional-colors,muted,idle,0,pass,9.69175823990492,"[244.000065, 182.999985, 63.9999, 1]","[26.000055, 26.000055, 26.000055, 1]",
baseline,dark,Alert,,warning,outline,title,/__functional-colors,muted,idle,0,pass,9.69175823990492,"[244.000065, 182.999985, 63.9999, 1]","[26.000055, 26.000055, 26.000055, 1]",
baseline,dark,Alert,,warning,outline,description,/__functional-colors,muted,idle,0,pass,8.061854155960011,"[222.20006400000003, 167.29999200000003, 60.1999155, 1]","[26.000055, 26.000055, 26.000055, 1]",
baseline,dark,Badge,,warning,soft,base,/__functional-colors,muted,idle,0,pass,7.954077120271353,"[244.000065, 182.999985, 63.9999, 1]","[47.800030500000005, 41.700048, 29.800090500000003, 1]",
baseline,dark,Alert,,warning,soft,title,/__functional-colors,muted,idle,0,pass,7.954077120271353,"[244.000065, 182.999985, 63.9999, 1]","[47.800030500000005, 41.700048, 29.800090500000003, 1]",
baseline,dark,Alert,,warning,soft,description,/__functional-colors,muted,idle,0,pass,6.743060780474892,"[224.38006155000002, 168.86999130000004, 60.57991905, 1]","[47.800030500000005, 41.700048, 29.800090500000003, 1]",
baseline,dark,Badge,,warning,subtle,base,/__functional-colors,muted,idle,0,pass,7.954077120271353,"[244.000065, 182.999985, 63.9999, 1]","[47.800030500000005, 41.700048, 29.800090500000003, 1]",
baseline,dark,Alert,,warning,subtle,title,/__functional-colors,muted,idle,0,pass,7.954077120271353,"[244.000065, 182.999985, 63.9999, 1]","[47.800030500000005, 41.700048, 29.800090500000003, 1]",
baseline,dark,Alert,,warning,subtle,description,/__functional-colors,muted,idle,0,pass,6.743060780474892,"[224.38006155000002, 168.86999130000004, 60.57991905, 1]","[47.800030500000005, 41.700048, 29.800090500000003, 1]",
baseline,dark,Button,,warning,solid,base/label,/__functional-colors,muted,idle,0,pass,9.975230931282981,"[23.079922500000002, 23.0863485, 23.086935, 1]","[244.000065, 182.999985, 63.9999, 1]",
baseline,dark,Button,,warning,solid,base/label,/__functional-colors,muted,hover,0,pass,6.145957752949793,"[23.079922500000002, 23.0863485, 23.086935, 1]","[189.49987124999998, 143.7500025, 54.500321250000006, 1]",
baseline,dark,Button,,warning,solid,base/label,/__functional-colors,muted,active+hover,0,pass,6.145957752949793,"[23.079922500000002, 23.0863485, 23.086935, 1]","[189.49987124999998, 143.7500025, 54.500321250000006, 1]",
baseline,dark,Button,,warning,solid,base/label,/__functional-colors,muted,keyboard-focus,0,pass,9.975230931282981,"[23.079922500000002, 23.0863485, 23.086935, 1]","[244.000065, 182.999985, 63.9999, 1]",
baseline,dark,Button,,warning,solid,base/label,/__functional-colors,muted,keyboard-active+focus,0,pass,6.145957752949793,"[23.079922500000002, 23.0863485, 23.086935, 1]","[189.49987124999998, 143.7500025, 54.500321250000006, 1]",
baseline,dark,Button,,warning,solid,base/label,/__functional-colors,muted,focus+hover,0,pass,6.145957752949793,"[23.079922500000002, 23.0863485, 23.086935, 1]","[189.49987124999998, 143.7500025, 54.500321250000006, 1]",
baseline,dark,Button,,warning,link,base/label,/__functional-colors,muted,idle,0,pass,9.69175823990492,"[244.000065, 182.999985, 63.9999, 1]","[26.000055, 26.000055, 26.000055, 1]",
baseline,dark,Button,,warning,link,base/label,/__functional-colors,muted,hover,0,pass,5.971304033419264,"[189.49987124999998, 143.7500025, 54.500321250000006, 1]","[26.000055, 26.000055, 26.000055, 1]",
baseline,dark,Button,,warning,link,base/label,/__functional-colors,muted,active+hover,0,pass,5.971304033419264,"[189.49987124999998, 143.7500025, 54.500321250000006, 1]","[26.000055, 26.000055, 26.000055, 1]",
baseline,dark,Button,,warning,link,base/label,/__functional-colors,muted,keyboard-focus,0,pass,9.69175823990492,"[244.000065, 182.999985, 63.9999, 1]","[26.000055, 26.000055, 26.000055, 1]",
baseline,dark,Button,,warning,link,base/label,/__functional-colors,muted,keyboard-active+focus,0,pass,5.971304033419264,"[189.49987124999998, 143.7500025, 54.500321250000006, 1]","[26.000055, 26.000055, 26.000055, 1]",
baseline,dark,Button,,warning,link,base/label,/__functional-colors,muted,focus+hover,0,pass,5.971304033419264,"[189.49987124999998, 143.7500025, 54.500321250000006, 1]","[26.000055, 26.000055, 26.000055, 1]",
baseline,dark,semantic text,,error,,text,/__functional-colors,muted,idle,0,pass,6.34436319846563,"[247.999995, 114.000045, 117.00012, 1]","[26.000055, 26.000055, 26.000055, 1]",
baseline,dark,Badge,,error,solid,base,/__functional-colors,muted,idle,0,pass,6.529928466029159,"[23.079922500000002, 23.0863485, 23.086935, 1]","[247.999995, 114.000045, 117.00012, 1]",
baseline,dark,Alert,,error,solid,title,/__functional-colors,muted,idle,0,pass,6.529928466029159,"[23.079922500000002, 23.0863485, 23.086935, 1]","[247.999995, 114.000045, 117.00012, 1]",
baseline,dark,Alert,,error,solid,description,/__functional-colors,muted,idle,0,pass,5.6953473468139215,"[45.571929749999995, 32.17771815, 32.478253499999994, 1]","[247.999995, 114.000045, 117.00012, 1]",
baseline,dark,Badge,,error,outline,base,/__functional-colors,muted,idle,0,pass,6.34436319846563,"[247.999995, 114.000045, 117.00012, 1]","[26.000055, 26.000055, 26.000055, 1]",
baseline,dark,Alert,,error,outline,title,/__functional-colors,muted,idle,0,pass,6.34436319846563,"[247.999995, 114.000045, 117.00012, 1]","[26.000055, 26.000055, 26.000055, 1]",
baseline,dark,Alert,,error,outline,description,/__functional-colors,muted,idle,0,pass,5.364005949938542,"[225.80000100000004, 105.200046, 107.90011349999999, 1]","[26.000055, 26.000055, 26.000055, 1]",
baseline,dark,Badge,,error,soft,base,/__functional-colors,muted,idle,0,pass,5.510805919528206,"[247.999995, 114.000045, 117.00012, 1]","[48.20004900000001, 34.8000285, 35.100036, 1]",
baseline,dark,Alert,,error,soft,title,/__functional-colors,muted,idle,0,pass,5.510805919528206,"[247.999995, 114.000045, 117.00012, 1]","[48.20004900000001, 34.8000285, 35.100036, 1]",
baseline,dark,Alert,,error,soft,description,/__functional-colors,muted,idle,0,pass,4.740009828381339,"[228.02000040000004, 106.08004335, 108.81011159999998, 1]","[48.20004900000001, 34.8000285, 35.100036, 1]",
baseline,dark,Badge,,error,subtle,base,/__functional-colors,muted,idle,0,pass,5.510805919528206,"[247.999995, 114.000045, 117.00012, 1]","[48.20004900000001, 34.8000285, 35.100036, 1]",
baseline,dark,Alert,,error,subtle,title,/__functional-colors,muted,idle,0,pass,5.510805919528206,"[247.999995, 114.000045, 117.00012, 1]","[48.20004900000001, 34.8000285, 35.100036, 1]",
baseline,dark,Alert,,error,subtle,description,/__functional-colors,muted,idle,0,pass,4.740009828381339,"[228.02000040000004, 106.08004335, 108.81011159999998, 1]","[48.20004900000001, 34.8000285, 35.100036, 1]",
baseline,dark,Button,,error,solid,base/label,/__functional-colors,muted,idle,0,pass,6.529928466029159,"[23.079922500000002, 23.0863485, 23.086935, 1]","[247.999995, 114.000045, 117.00012, 1]",
baseline,dark,Button,,error,solid,base/label,/__functional-colors,muted,hover,0,fail,4.22052159091109,"[23.079922500000002, 23.0863485, 23.086935, 1]","[192.50001, 91.99985625, 94.2499125, 1]",
baseline,dark,Button,,error,solid,base/label,/__functional-colors,muted,active+hover,0,fail,4.22052159091109,"[23.079922500000002, 23.0863485, 23.086935, 1]","[192.50001, 91.99985625, 94.2499125, 1]",
baseline,dark,Button,,error,solid,base/label,/__functional-colors,muted,keyboard-focus,0,pass,6.529928466029159,"[23.079922500000002, 23.0863485, 23.086935, 1]","[247.999995, 114.000045, 117.00012, 1]",
baseline,dark,Button,,error,solid,base/label,/__functional-colors,muted,keyboard-active+focus,0,fail,4.22052159091109,"[23.079922500000002, 23.0863485, 23.086935, 1]","[192.50001, 91.99985625, 94.2499125, 1]",
baseline,dark,Button,,error,solid,base/label,/__functional-colors,muted,focus+hover,0,fail,4.22052159091109,"[23.079922500000002, 23.0863485, 23.086935, 1]","[192.50001, 91.99985625, 94.2499125, 1]",
baseline,dark,Button,,error,link,base/label,/__functional-colors,muted,idle,0,pass,6.34436319846563,"[247.999995, 114.000045, 117.00012, 1]","[26.000055, 26.000055, 26.000055, 1]",
baseline,dark,Button,,error,link,base/label,/__functional-colors,muted,hover,0,fail,4.1005842558622545,"[192.50001, 91.99985625, 94.2499125, 1]","[26.000055, 26.000055, 26.000055, 1]",
baseline,dark,Button,,error,link,base/label,/__functional-colors,muted,active+hover,0,fail,4.1005842558622545,"[192.50001, 91.99985625, 94.2499125, 1]","[26.000055, 26.000055, 26.000055, 1]",
baseline,dark,Button,,error,link,base/label,/__functional-colors,muted,keyboard-focus,0,pass,6.34436319846563,"[247.999995, 114.000045, 117.00012, 1]","[26.000055, 26.000055, 26.000055, 1]",
baseline,dark,Button,,error,link,base/label,/__functional-colors,muted,keyboard-active+focus,0,fail,4.1005842558622545,"[192.50001, 91.99985625, 94.2499125, 1]","[26.000055, 26.000055, 26.000055, 1]",
baseline,dark,Button,,error,link,base/label,/__functional-colors,muted,focus+hover,0,fail,4.1005842558622545,"[192.50001, 91.99985625, 94.2499125, 1]","[26.000055, 26.000055, 26.000055, 1]",
baseline,dark,FormField,,error,,error,,muted,visible,0,pass,6.34436319846563,"[247.999995, 114.000045, 117.00012, 1]","[26.000055, 26.000055, 26.000055, 1]",
baseline,dark,API fixture,F1,,,,,muted,idle,0,pass,6.34436319846563,"[247.999995, 114.000045, 117.00012, 1]","[26.000055, 26.000055, 26.000055, 1]",
baseline,dark,API fixture,F2,,,,,muted,idle,0,pass,9.69175823990492,"[244.000065, 182.999985, 63.9999, 1]","[26.000055, 26.000055, 26.000055, 1]",
baseline,dark,API fixture,F5-field-caveat,,,,,muted,idle,0,pass,7.954077120271353,"[244.000065, 182.999985, 63.9999, 1]","[47.800030500000005, 41.700048, 29.800090500000003, 1]",
baseline,dark,API fixture,F5-field-caveat,,,,,muted,idle,1,pass,5.5285263338389345,"[161.000115, 161.000115, 161.000115, 1]","[47.800030500000005, 41.700048, 29.800090500000003, 1]",
baseline,dark,API fixture,value-caveat,,,,,muted,idle,0,pass,7.954077120271353,"[244.000065, 182.999985, 63.9999, 1]","[47.800030500000005, 41.700048, 29.800090500000003, 1]",
baseline,dark,API fixture,value-caveat,,,,,muted,idle,1,pass,5.5285263338389345,"[161.000115, 161.000115, 161.000115, 1]","[47.800030500000005, 41.700048, 29.800090500000003, 1]",
baseline,dark,ResponseExample,,,,status/statusText,,muted,single status visible,0,pass,7.9054395961421475,"[107.999895, 218.00001, 117.00012, 1]","[36.0000534, 47.0000649, 36.9000759, 1]",
baseline,dark,ResponseExample,,,,status/statusText,,muted,single status visible,1,pass,7.9054395961421475,"[107.999895, 218.00001, 117.00012, 1]","[36.0000534, 47.0000649, 36.9000759, 1]",
baseline,dark,ResponseExample,,,,status/statusText,,muted,single status visible,2,pass,6.095653619441885,"[82.000095, 174.000015, 255, 1]","[33.4000989, 42.6000654, 50.700063899999996, 1]",
baseline,dark,ResponseExample,,,,status/statusText,,muted,single status visible,3,pass,6.095653619441885,"[82.000095, 174.000015, 255, 1]","[33.4000989, 42.6000654, 50.700063899999996, 1]",
baseline,dark,ResponseExample,,,,status/statusText,,muted,single status visible,4,pass,7.760385422077901,"[244.000065, 182.999985, 63.9999, 1]","[49.6000449, 43.5000624, 31.600104899999998, 1]",
baseline,dark,ResponseExample,,,,status/statusText,,muted,single status visible,5,pass,7.760385422077901,"[244.000065, 182.999985, 63.9999, 1]","[49.6000449, 43.5000624, 31.600104899999998, 1]",
baseline,dark,ResponseExample,,,,status/statusText,,muted,single status visible,6,pass,5.383753158172216,"[247.999995, 114.000045, 117.00012, 1]","[50.0000634, 36.6000429, 36.9000504, 1]",
baseline,dark,ResponseExample,,,,status/statusText,,muted,single status visible,7,pass,5.383753158172216,"[247.999995, 114.000045, 117.00012, 1]","[50.0000634, 36.6000429, 36.9000504, 1]",
baseline,dark,LifecycleNotice,,,,,,muted,idle,0,pass,7.954077120271353,"[244.000065, 182.999985, 63.9999, 1]","[47.800030500000005, 41.700048, 29.800090500000003, 1]",
baseline,dark,LifecycleNotice,,,,,,muted,idle,1,pass,6.743060780474892,"[224.38006155000002, 168.86999130000004, 60.57991905, 1]","[47.800030500000005, 41.700048, 29.800090500000003, 1]",
baseline,dark,LifecycleNotice,,,,,,muted,idle,2,pass,8.102647463186113,"[107.999895, 218.00001, 117.00012, 1]","[34.200039000000004, 45.2000505, 35.1000615, 1]",
baseline,dark,LifecycleNotice,,,,,,muted,idle,3,pass,6.862065617765668,"[100.6199094, 200.72001405, 108.81011414999999, 1]","[34.200039000000004, 45.2000505, 35.1000615, 1]",
baseline,dark,LifecycleNotice,,,,,,muted,idle,4,pass,7.954077120271353,"[244.000065, 182.999985, 63.9999, 1]","[47.800030500000005, 41.700048, 29.800090500000003, 1]",
baseline,dark,LifecycleNotice,,,,,,muted,idle,5,pass,6.743060780474892,"[224.38006155000002, 168.86999130000004, 60.57991905, 1]","[47.800030500000005, 41.700048, 29.800090500000003, 1]",
baseline,dark,LifecycleNotice,,,,,,muted,idle,6,pass,16.950071125096034,"[255, 255, 255, 1]","[28.500075, 28.500075, 28.500075, 1]",
baseline,dark,LifecycleNotice,,,,,,muted,idle,7,pass,13.878237626378903,"[232.3500075, 232.3500075, 232.3500075, 1]","[28.500075, 28.500075, 28.500075, 1]",
baseline,dark,LifecycleNotice,,,,,,muted,idle,8,pass,5.510805919528206,"[247.999995, 114.000045, 117.00012, 1]","[48.20004900000001, 34.8000285, 35.100036, 1]",
baseline,dark,LifecycleNotice,,,,,,muted,idle,9,pass,4.740009828381339,"[228.02000040000004, 106.08004335, 108.81011159999998, 1]","[48.20004900000001, 34.8000285, 35.100036, 1]",
baseline,dark,FieldAnnotation,,,,required,,portal own bg-default,open,0,pass,7.216980674443314,"[247.999995, 114.000045, 117.00012, 1]","[10.0000035, 10.0000035, 10.0000035, 1]",
baseline,dark,FieldAnnotation,,,,conditional,,portal own bg-default,open,0,pass,11.024783690770832,"[244.000065, 182.999985, 63.9999, 1]","[10.0000035, 10.0000035, 10.0000035, 1]",
baseline,dark,semantic text,,primary,,text,/__functional-colors,elevated,idle,0,pass,4.9930650263180665,"[168.999975, 110.00011500000001, 255, 1]","[31.000094999999998, 31.000094999999998, 31.000094999999998, 1]",
baseline,dark,Badge,,primary,solid,base,/__functional-colors,elevated,idle,0,pass,5.426370197465054,"[23.079922500000002, 23.0863485, 23.086935, 1]","[168.999975, 110.00011500000001, 255, 1]",
baseline,dark,Alert,,primary,solid,title,/__functional-colors,elevated,idle,0,pass,5.426370197465054,"[23.079922500000002, 23.0863485, 23.086935, 1]","[168.999975, 110.00011500000001, 255, 1]",
baseline,dark,Alert,,primary,solid,description,/__functional-colors,elevated,idle,0,pass,4.800020330397687,"[37.67192775, 31.777725149999995, 46.27824149999999, 1]","[168.999975, 110.00011500000001, 255, 1]",
baseline,dark,Badge,,primary,outline,base,/__functional-colors,elevated,idle,0,pass,4.9930650263180665,"[168.999975, 110.00011500000001, 255, 1]","[31.000094999999998, 31.000094999999998, 31.000094999999998, 1]",
baseline,dark,Alert,,primary,outline,title,/__functional-colors,elevated,idle,0,pass,4.9930650263180665,"[168.999975, 110.00011500000001, 255, 1]","[31.000094999999998, 31.000094999999998, 31.000094999999998, 1]",
baseline,dark,Alert,,primary,outline,description,/__functional-colors,elevated,idle,0,fail,4.2967394506161645,"[155.19998700000002, 102.10011300000001, 232.6000095, 1]","[31.000094999999998, 31.000094999999998, 31.000094999999998, 1]",
baseline,dark,Badge,,primary,soft,base,/__functional-colors,elevated,idle,0,fail,4.3819687770088676,"[168.999975, 110.00011500000001, 255, 1]","[44.8000575, 38.900071499999996, 53.400059999999996, 1]",
baseline,dark,Alert,,primary,soft,title,/__functional-colors,elevated,idle,0,fail,4.3819687770088676,"[168.999975, 110.00011500000001, 255, 1]","[44.8000575, 38.900071499999996, 53.400059999999996, 1]",
baseline,dark,Alert,,primary,soft,description,/__functional-colors,elevated,idle,0,fail,3.8290491101144295,"[156.57998325000003, 102.89011065000001, 234.84000600000002, 1]","[44.8000575, 38.900071499999996, 53.400059999999996, 1]",
baseline,dark,Badge,,primary,subtle,base,/__functional-colors,elevated,idle,0,fail,4.3819687770088676,"[168.999975, 110.00011500000001, 255, 1]","[44.8000575, 38.900071499999996, 53.400059999999996, 1]",
baseline,dark,Alert,,primary,subtle,title,/__functional-colors,elevated,idle,0,fail,4.3819687770088676,"[168.999975, 110.00011500000001, 255, 1]","[44.8000575, 38.900071499999996, 53.400059999999996, 1]",
baseline,dark,Alert,,primary,subtle,description,/__functional-colors,elevated,idle,0,fail,3.8290491101144295,"[156.57998325000003, 102.89011065000001, 234.84000600000002, 1]","[44.8000575, 38.900071499999996, 53.400059999999996, 1]",
baseline,dark,Button,,primary,solid,base/label,/__functional-colors,elevated,idle,0,pass,5.426370197465054,"[23.079922500000002, 23.0863485, 23.086935, 1]","[168.999975, 110.00011500000001, 255, 1]",
baseline,dark,Button,,primary,solid,base/label,/__functional-colors,elevated,hover,0,fail,3.6829176138175828,"[23.079922500000002, 23.0863485, 23.086935, 1]","[134.49981375, 90.24991874999999, 198.9998325, 1]",
baseline,dark,Button,,primary,solid,base/label,/__functional-colors,elevated,active+hover,0,fail,3.6829176138175828,"[23.079922500000002, 23.0863485, 23.086935, 1]","[134.49981375, 90.24991874999999, 198.9998325, 1]",
baseline,dark,Button,,primary,solid,base/label,/__functional-colors,elevated,keyboard-focus,0,pass,5.426370197465054,"[23.079922500000002, 23.0863485, 23.086935, 1]","[168.999975, 110.00011500000001, 255, 1]",
baseline,dark,Button,,primary,solid,base/label,/__functional-colors,elevated,keyboard-active+focus,0,fail,3.6829176138175828,"[23.079922500000002, 23.0863485, 23.086935, 1]","[134.49981375, 90.24991874999999, 198.9998325, 1]",
baseline,dark,Button,,primary,solid,base/label,/__functional-colors,elevated,focus+hover,0,fail,3.6829176138175828,"[23.079922500000002, 23.0863485, 23.086935, 1]","[134.49981375, 90.24991874999999, 198.9998325, 1]",
baseline,dark,Button,,primary,link,base/label,/__functional-colors,elevated,idle,0,pass,4.9930650263180665,"[168.999975, 110.00011500000001, 255, 1]","[31.000094999999998, 31.000094999999998, 31.000094999999998, 1]",
baseline,dark,Button,,primary,link,base/label,/__functional-colors,elevated,hover,0,fail,3.3888301872500075,"[134.49981375, 90.24991874999999, 198.9998325, 1]","[31.000094999999998, 31.000094999999998, 31.000094999999998, 1]",
baseline,dark,Button,,primary,link,base/label,/__functional-colors,elevated,active+hover,0,fail,3.3888301872500075,"[134.49981375, 90.24991874999999, 198.9998325, 1]","[31.000094999999998, 31.000094999999998, 31.000094999999998, 1]",
baseline,dark,Button,,primary,link,base/label,/__functional-colors,elevated,keyboard-focus,0,pass,4.9930650263180665,"[168.999975, 110.00011500000001, 255, 1]","[31.000094999999998, 31.000094999999998, 31.000094999999998, 1]",
baseline,dark,Button,,primary,link,base/label,/__functional-colors,elevated,keyboard-active+focus,0,fail,3.3888301872500075,"[134.49981375, 90.24991874999999, 198.9998325, 1]","[31.000094999999998, 31.000094999999998, 31.000094999999998, 1]",
baseline,dark,Button,,primary,link,base/label,/__functional-colors,elevated,focus+hover,0,fail,3.3888301872500075,"[134.49981375, 90.24991874999999, 198.9998325, 1]","[31.000094999999998, 31.000094999999998, 31.000094999999998, 1]",
baseline,dark,semantic text,,secondary,,text,/__functional-colors,elevated,idle,0,pass,9.817398939029731,"[68.99994, 221.99994, 196.999995, 1]","[31.000094999999998, 31.000094999999998, 31.000094999999998, 1]",
baseline,dark,Badge,,secondary,solid,base,/__functional-colors,elevated,idle,0,pass,10.669366559133293,"[23.079922500000002, 23.0863485, 23.086935, 1]","[68.99994, 221.99994, 196.999995, 1]",
baseline,dark,Alert,,secondary,solid,title,/__functional-colors,elevated,idle,0,pass,10.669366559133293,"[23.079922500000002, 23.0863485, 23.086935, 1]","[68.99994, 221.99994, 196.999995, 1]",
baseline,dark,Alert,,secondary,solid,description,/__functional-colors,elevated,idle,0,pass,8.777536547661516,"[27.671924250000004, 42.97770765, 40.478241, 1]","[68.99994, 221.99994, 196.999995, 1]",
baseline,dark,Badge,,secondary,outline,base,/__functional-colors,elevated,idle,0,pass,9.817398939029731,"[68.99994, 221.99994, 196.999995, 1]","[31.000094999999998, 31.000094999999998, 31.000094999999998, 1]",
baseline,dark,Alert,,secondary,outline,title,/__functional-colors,elevated,idle,0,pass,9.817398939029731,"[68.99994, 221.99994, 196.999995, 1]","[31.000094999999998, 31.000094999999998, 31.000094999999998, 1]",
baseline,dark,Alert,,secondary,outline,description,/__functional-colors,elevated,idle,0,pass,8.179771087372421,"[65.1999555, 202.8999555, 180.40000500000002, 1]","[31.000094999999998, 31.000094999999998, 31.000094999999998, 1]",
baseline,dark,Badge,,secondary,soft,base,/__functional-colors,elevated,idle,0,pass,7.962968220857624,"[68.99994, 221.99994, 196.999995, 1]","[34.800105, 50.10007950000001, 47.60008500000001, 1]",
baseline,dark,Alert,,secondary,soft,title,/__functional-colors,elevated,idle,0,pass,7.962968220857624,"[68.99994, 221.99994, 196.999995, 1]","[34.800105, 50.10007950000001, 47.60008500000001, 1]",
baseline,dark,Alert,,secondary,soft,description,/__functional-colors,elevated,idle,0,pass,6.7605349491659394,"[65.5799565, 204.80995395000002, 182.06000400000002, 1]","[34.800105, 50.10007950000001, 47.60008500000001, 1]",
baseline,dark,Badge,,secondary,subtle,base,/__functional-colors,elevated,idle,0,pass,7.962968220857624,"[68.99994, 221.99994, 196.999995, 1]","[34.800105, 50.10007950000001, 47.60008500000001, 1]",
baseline,dark,Alert,,secondary,subtle,title,/__functional-colors,elevated,idle,0,pass,7.962968220857624,"[68.99994, 221.99994, 196.999995, 1]","[34.800105, 50.10007950000001, 47.60008500000001, 1]",
baseline,dark,Alert,,secondary,subtle,description,/__functional-colors,elevated,idle,0,pass,6.7605349491659394,"[65.5799565, 204.80995395000002, 182.06000400000002, 1]","[34.800105, 50.10007950000001, 47.60008500000001, 1]",
baseline,dark,Button,,secondary,solid,base/label,/__functional-colors,elevated,idle,0,pass,10.669366559133293,"[23.079922500000002, 23.0863485, 23.086935, 1]","[68.99994, 221.99994, 196.999995, 1]",
baseline,dark,Button,,secondary,solid,base/label,/__functional-colors,elevated,hover,0,pass,6.601904835926228,"[23.079922500000002, 23.0863485, 23.086935, 1]","[59.50017, 174.24997875, 155.50002, 1]",
baseline,dark,Button,,secondary,solid,base/label,/__functional-colors,elevated,active+hover,0,pass,6.601904835926228,"[23.079922500000002, 23.0863485, 23.086935, 1]","[59.50017, 174.24997875, 155.50002, 1]",
baseline,dark,Button,,secondary,solid,base/label,/__functional-colors,elevated,keyboard-focus,0,pass,10.669366559133293,"[23.079922500000002, 23.0863485, 23.086935, 1]","[68.99994, 221.99994, 196.999995, 1]",
baseline,dark,Button,,secondary,solid,base/label,/__functional-colors,elevated,keyboard-active+focus,0,pass,6.601904835926228,"[23.079922500000002, 23.0863485, 23.086935, 1]","[59.50017, 174.24997875, 155.50002, 1]",
baseline,dark,Button,,secondary,solid,base/label,/__functional-colors,elevated,focus+hover,0,pass,6.601904835926228,"[23.079922500000002, 23.0863485, 23.086935, 1]","[59.50017, 174.24997875, 155.50002, 1]",
baseline,dark,Button,,secondary,link,base/label,/__functional-colors,elevated,idle,0,pass,9.817398939029731,"[68.99994, 221.99994, 196.999995, 1]","[31.000094999999998, 31.000094999999998, 31.000094999999998, 1]",
baseline,dark,Button,,secondary,link,base/label,/__functional-colors,elevated,hover,0,pass,6.074731163521147,"[59.50017, 174.24997875, 155.50002, 1]","[31.000094999999998, 31.000094999999998, 31.000094999999998, 1]",
baseline,dark,Button,,secondary,link,base/label,/__functional-colors,elevated,active+hover,0,pass,6.074731163521147,"[59.50017, 174.24997875, 155.50002, 1]","[31.000094999999998, 31.000094999999998, 31.000094999999998, 1]",
baseline,dark,Button,,secondary,link,base/label,/__functional-colors,elevated,keyboard-focus,0,pass,9.817398939029731,"[68.99994, 221.99994, 196.999995, 1]","[31.000094999999998, 31.000094999999998, 31.000094999999998, 1]",
baseline,dark,Button,,secondary,link,base/label,/__functional-colors,elevated,keyboard-active+focus,0,pass,6.074731163521147,"[59.50017, 174.24997875, 155.50002, 1]","[31.000094999999998, 31.000094999999998, 31.000094999999998, 1]",
baseline,dark,Button,,secondary,link,base/label,/__functional-colors,elevated,focus+hover,0,pass,6.074731163521147,"[59.50017, 174.24997875, 155.50002, 1]","[31.000094999999998, 31.000094999999998, 31.000094999999998, 1]",
baseline,dark,semantic text,,success,,text,/__functional-colors,elevated,idle,0,pass,9.358444880569463,"[107.999895, 218.00001, 117.00012, 1]","[31.000094999999998, 31.000094999999998, 31.000094999999998, 1]",
baseline,dark,Badge,,success,solid,base,/__functional-colors,elevated,idle,0,pass,10.170583825139756,"[23.079922500000002, 23.0863485, 23.086935, 1]","[107.999895, 218.00001, 117.00012, 1]",
baseline,dark,Alert,,success,solid,title,/__functional-colors,elevated,idle,0,pass,10.170583825139756,"[23.079922500000002, 23.0863485, 23.086935, 1]","[107.999895, 218.00001, 117.00012, 1]",
baseline,dark,Alert,,success,solid,description,/__functional-colors,elevated,idle,0,pass,8.391349962376818,"[31.57191975, 42.57771464999999, 32.478253499999994, 1]","[107.999895, 218.00001, 117.00012, 1]",
baseline,dark,Badge,,success,outline,base,/__functional-colors,elevated,idle,0,pass,9.358444880569463,"[107.999895, 218.00001, 117.00012, 1]","[31.000094999999998, 31.000094999999998, 31.000094999999998, 1]",
baseline,dark,Alert,,success,outline,title,/__functional-colors,elevated,idle,0,pass,9.358444880569463,"[107.999895, 218.00001, 117.00012, 1]","[31.000094999999998, 31.000094999999998, 31.000094999999998, 1]",
baseline,dark,Alert,,success,outline,description,/__functional-colors,elevated,idle,0,pass,7.818065387765623,"[100.299915, 199.3000185, 108.4001175, 1]","[31.000094999999998, 31.000094999999998, 31.000094999999998, 1]",
baseline,dark,Badge,,success,soft,base,/__functional-colors,elevated,idle,0,pass,7.612111863156123,"[107.999895, 218.00001, 117.00012, 1]","[38.700075, 49.7000865, 39.600097500000004, 1]",
baseline,dark,Alert,,success,soft,title,/__functional-colors,elevated,idle,0,pass,7.612111863156123,"[107.999895, 218.00001, 117.00012, 1]","[38.700075, 49.7000865, 39.600097500000004, 1]",
baseline,dark,Alert,,success,soft,description,/__functional-colors,elevated,idle,0,pass,6.4779650596677145,"[101.069913, 201.17001765, 109.26011774999999, 1]","[38.700075, 49.7000865, 39.600097500000004, 1]",
baseline,dark,Badge,,success,subtle,base,/__functional-colors,elevated,idle,0,pass,7.612111863156123,"[107.999895, 218.00001, 117.00012, 1]","[38.700075, 49.7000865, 39.600097500000004, 1]",
baseline,dark,Alert,,success,subtle,title,/__functional-colors,elevated,idle,0,pass,7.612111863156123,"[107.999895, 218.00001, 117.00012, 1]","[38.700075, 49.7000865, 39.600097500000004, 1]",
baseline,dark,Alert,,success,subtle,description,/__functional-colors,elevated,idle,0,pass,6.4779650596677145,"[101.069913, 201.17001765, 109.26011774999999, 1]","[38.700075, 49.7000865, 39.600097500000004, 1]",
baseline,dark,Button,,success,solid,base/label,/__functional-colors,elevated,idle,0,pass,10.170583825139756,"[23.079922500000002, 23.0863485, 23.086935, 1]","[107.999895, 218.00001, 117.00012, 1]",
baseline,dark,Button,,success,solid,base/label,/__functional-colors,elevated,hover,0,pass,6.3408592798617756,"[23.079922500000002, 23.0863485, 23.086935, 1]","[88.749945, 171.25003125, 95.50011375, 1]",
baseline,dark,Button,,success,solid,base/label,/__functional-colors,elevated,active+hover,0,pass,6.3408592798617756,"[23.079922500000002, 23.0863485, 23.086935, 1]","[88.749945, 171.25003125, 95.50011375, 1]",
baseline,dark,Button,,success,solid,base/label,/__functional-colors,elevated,keyboard-focus,0,pass,10.170583825139756,"[23.079922500000002, 23.0863485, 23.086935, 1]","[107.999895, 218.00001, 117.00012, 1]",
baseline,dark,Button,,success,solid,base/label,/__functional-colors,elevated,keyboard-active+focus,0,pass,6.3408592798617756,"[23.079922500000002, 23.0863485, 23.086935, 1]","[88.749945, 171.25003125, 95.50011375, 1]",
baseline,dark,Button,,success,solid,base/label,/__functional-colors,elevated,focus+hover,0,pass,6.3408592798617756,"[23.079922500000002, 23.0863485, 23.086935, 1]","[88.749945, 171.25003125, 95.50011375, 1]",
baseline,dark,Button,,success,link,base/label,/__functional-colors,elevated,idle,0,pass,9.358444880569463,"[107.999895, 218.00001, 117.00012, 1]","[31.000094999999998, 31.000094999999998, 31.000094999999998, 1]",
baseline,dark,Button,,success,link,base/label,/__functional-colors,elevated,hover,0,pass,5.834530552646853,"[88.749945, 171.25003125, 95.50011375, 1]","[31.000094999999998, 31.000094999999998, 31.000094999999998, 1]",
baseline,dark,Button,,success,link,base/label,/__functional-colors,elevated,active+hover,0,pass,5.834530552646853,"[88.749945, 171.25003125, 95.50011375, 1]","[31.000094999999998, 31.000094999999998, 31.000094999999998, 1]",
baseline,dark,Button,,success,link,base/label,/__functional-colors,elevated,keyboard-focus,0,pass,9.358444880569463,"[107.999895, 218.00001, 117.00012, 1]","[31.000094999999998, 31.000094999999998, 31.000094999999998, 1]",
baseline,dark,Button,,success,link,base/label,/__functional-colors,elevated,keyboard-active+focus,0,pass,5.834530552646853,"[88.749945, 171.25003125, 95.50011375, 1]","[31.000094999999998, 31.000094999999998, 31.000094999999998, 1]",
baseline,dark,Button,,success,link,base/label,/__functional-colors,elevated,focus+hover,0,pass,5.834530552646853,"[88.749945, 171.25003125, 95.50011375, 1]","[31.000094999999998, 31.000094999999998, 31.000094999999998, 1]",
baseline,dark,semantic text,,info,,text,/__functional-colors,elevated,idle,0,pass,6.952033860531208,"[82.000095, 174.000015, 255, 1]","[31.000094999999998, 31.000094999999998, 31.000094999999998, 1]",
baseline,dark,Badge,,info,solid,base,/__functional-colors,elevated,idle,0,pass,7.555341088832712,"[23.079922500000002, 23.0863485, 23.086935, 1]","[82.000095, 174.000015, 255, 1]",
baseline,dark,Alert,,info,solid,title,/__functional-colors,elevated,idle,0,pass,7.555341088832712,"[23.079922500000002, 23.0863485, 23.086935, 1]","[82.000095, 174.000015, 255, 1]",
baseline,dark,Alert,,info,solid,description,/__functional-colors,elevated,idle,0,pass,6.457674885097399,"[28.971939750000004, 38.17771515, 46.27824149999999, 1]","[82.000095, 174.000015, 255, 1]",
baseline,dark,Badge,,info,outline,base,/__functional-colors,elevated,idle,0,pass,6.952033860531208,"[82.000095, 174.000015, 255, 1]","[31.000094999999998, 31.000094999999998, 31.000094999999998, 1]",
baseline,dark,Alert,,info,outline,title,/__functional-colors,elevated,idle,0,pass,6.952033860531208,"[82.000095, 174.000015, 255, 1]","[31.000094999999998, 31.000094999999998, 31.000094999999998, 1]",
baseline,dark,Alert,,info,outline,description,/__functional-colors,elevated,idle,0,pass,5.882330025924371,"[76.90009500000001, 159.700023, 232.6000095, 1]","[31.000094999999998, 31.000094999999998, 31.000094999999998, 1]",
baseline,dark,Badge,,info,soft,base,/__functional-colors,elevated,idle,0,pass,5.875521741574939,"[82.000095, 174.000015, 255, 1]","[36.1001205, 45.300087, 53.4000855, 1]",
baseline,dark,Alert,,info,soft,title,/__functional-colors,elevated,idle,0,pass,5.875521741574939,"[82.000095, 174.000015, 255, 1]","[36.1001205, 45.300087, 53.4000855, 1]",
baseline,dark,Alert,,info,soft,description,/__functional-colors,elevated,idle,0,pass,5.0573398106680845,"[77.41009755, 161.13002219999998, 234.84000855000002, 1]","[36.1001205, 45.300087, 53.4000855, 1]",
baseline,dark,Badge,,info,subtle,base,/__functional-colors,elevated,idle,0,pass,5.875521741574939,"[82.000095, 174.000015, 255, 1]","[36.1001205, 45.300087, 53.4000855, 1]",
baseline,dark,Alert,,info,subtle,title,/__functional-colors,elevated,idle,0,pass,5.875521741574939,"[82.000095, 174.000015, 255, 1]","[36.1001205, 45.300087, 53.4000855, 1]",
baseline,dark,Alert,,info,subtle,description,/__functional-colors,elevated,idle,0,pass,5.0573398106680845,"[77.41009755, 161.13002219999998, 234.84000855000002, 1]","[36.1001205, 45.300087, 53.4000855, 1]",
baseline,dark,Button,,info,solid,base/label,/__functional-colors,elevated,idle,0,pass,7.555341088832712,"[23.079922500000002, 23.0863485, 23.086935, 1]","[82.000095, 174.000015, 255, 1]",
baseline,dark,Button,,info,solid,base/label,/__functional-colors,elevated,hover,0,pass,4.887228022094328,"[23.079922500000002, 23.0863485, 23.086935, 1]","[69.25028625, 138.250035, 199.00002375, 1]",
baseline,dark,Button,,info,solid,base/label,/__functional-colors,elevated,active+hover,0,pass,4.887228022094328,"[23.079922500000002, 23.0863485, 23.086935, 1]","[69.25028625, 138.250035, 199.00002375, 1]",
baseline,dark,Button,,info,solid,base/label,/__functional-colors,elevated,keyboard-focus,0,pass,7.555341088832712,"[23.079922500000002, 23.0863485, 23.086935, 1]","[82.000095, 174.000015, 255, 1]",
baseline,dark,Button,,info,solid,base/label,/__functional-colors,elevated,keyboard-active+focus,0,pass,4.887228022094328,"[23.079922500000002, 23.0863485, 23.086935, 1]","[69.25028625, 138.250035, 199.00002375, 1]",
baseline,dark,Button,,info,solid,base/label,/__functional-colors,elevated,focus+hover,0,pass,4.887228022094328,"[23.079922500000002, 23.0863485, 23.086935, 1]","[69.25028625, 138.250035, 199.00002375, 1]",
baseline,dark,Button,,info,link,base/label,/__functional-colors,elevated,idle,0,pass,6.952033860531208,"[82.000095, 174.000015, 255, 1]","[31.000094999999998, 31.000094999999998, 31.000094999999998, 1]",
baseline,dark,Button,,info,link,base/label,/__functional-colors,elevated,hover,0,fail,4.496974298613168,"[69.25028625, 138.250035, 199.00002375, 1]","[31.000094999999998, 31.000094999999998, 31.000094999999998, 1]",
baseline,dark,Button,,info,link,base/label,/__functional-colors,elevated,active+hover,0,fail,4.496974298613168,"[69.25028625, 138.250035, 199.00002375, 1]","[31.000094999999998, 31.000094999999998, 31.000094999999998, 1]",
baseline,dark,Button,,info,link,base/label,/__functional-colors,elevated,keyboard-focus,0,pass,6.952033860531208,"[82.000095, 174.000015, 255, 1]","[31.000094999999998, 31.000094999999998, 31.000094999999998, 1]",
baseline,dark,Button,,info,link,base/label,/__functional-colors,elevated,keyboard-active+focus,0,fail,4.496974298613168,"[69.25028625, 138.250035, 199.00002375, 1]","[31.000094999999998, 31.000094999999998, 31.000094999999998, 1]",
baseline,dark,Button,,info,link,base/label,/__functional-colors,elevated,focus+hover,0,fail,4.496974298613168,"[69.25028625, 138.250035, 199.00002375, 1]","[31.000094999999998, 31.000094999999998, 31.000094999999998, 1]",
baseline,dark,semantic text,,warning,,text,/__functional-colors,elevated,idle,0,pass,9.178691257685061,"[244.000065, 182.999985, 63.9999, 1]","[31.000094999999998, 31.000094999999998, 31.000094999999998, 1]",
baseline,dark,Badge,,warning,solid,base,/__functional-colors,elevated,idle,0,pass,9.975230931282981,"[23.079922500000002, 23.0863485, 23.086935, 1]","[244.000065, 182.999985, 63.9999, 1]",
baseline,dark,Alert,,warning,solid,title,/__functional-colors,elevated,idle,0,pass,9.975230931282981,"[23.079922500000002, 23.0863485, 23.086935, 1]","[244.000065, 182.999985, 63.9999, 1]",
baseline,dark,Alert,,warning,solid,description,/__functional-colors,elevated,idle,0,pass,8.237677744473642,"[45.17193675, 39.077712149999996, 27.1782315, 1]","[244.000065, 182.999985, 63.9999, 1]",
baseline,dark,Badge,,warning,outline,base,/__functional-colors,elevated,idle,0,pass,9.178691257685061,"[244.000065, 182.999985, 63.9999, 1]","[31.000094999999998, 31.000094999999998, 31.000094999999998, 1]",
baseline,dark,Alert,,warning,outline,title,/__functional-colors,elevated,idle,0,pass,9.178691257685061,"[244.000065, 182.999985, 63.9999, 1]","[31.000094999999998, 31.000094999999998, 31.000094999999998, 1]",
baseline,dark,Alert,,warning,outline,description,/__functional-colors,elevated,idle,0,pass,7.677219299793256,"[222.70006800000002, 167.79999600000002, 60.6999195, 1]","[31.000094999999998, 31.000094999999998, 31.000094999999998, 1]",
baseline,dark,Badge,,warning,soft,base,/__functional-colors,elevated,idle,0,pass,7.472288094124483,"[244.000065, 182.999985, 63.9999, 1]","[52.3000665, 46.200084000000004, 34.3001265, 1]",
baseline,dark,Alert,,warning,soft,title,/__functional-colors,elevated,idle,0,pass,7.472288094124483,"[244.000065, 182.999985, 63.9999, 1]","[52.3000665, 46.200084000000004, 34.3001265, 1]",
baseline,dark,Alert,,warning,soft,description,/__functional-colors,elevated,idle,0,pass,6.3658783026894366,"[224.83006515000002, 169.31999490000004, 61.029922649999996, 1]","[52.3000665, 46.200084000000004, 34.3001265, 1]",
baseline,dark,Badge,,warning,subtle,base,/__functional-colors,elevated,idle,0,pass,7.472288094124483,"[244.000065, 182.999985, 63.9999, 1]","[52.3000665, 46.200084000000004, 34.3001265, 1]",
baseline,dark,Alert,,warning,subtle,title,/__functional-colors,elevated,idle,0,pass,7.472288094124483,"[244.000065, 182.999985, 63.9999, 1]","[52.3000665, 46.200084000000004, 34.3001265, 1]",
baseline,dark,Alert,,warning,subtle,description,/__functional-colors,elevated,idle,0,pass,6.3658783026894366,"[224.83006515000002, 169.31999490000004, 61.029922649999996, 1]","[52.3000665, 46.200084000000004, 34.3001265, 1]",
baseline,dark,Button,,warning,solid,base/label,/__functional-colors,elevated,idle,0,pass,9.975230931282981,"[23.079922500000002, 23.0863485, 23.086935, 1]","[244.000065, 182.999985, 63.9999, 1]",
baseline,dark,Button,,warning,solid,base/label,/__functional-colors,elevated,hover,0,pass,6.240311760665271,"[23.079922500000002, 23.0863485, 23.086935, 1]","[190.74988125, 145.0000125, 55.75033125, 1]",
baseline,dark,Button,,warning,solid,base/label,/__functional-colors,elevated,active+hover,0,pass,6.240311760665271,"[23.079922500000002, 23.0863485, 23.086935, 1]","[190.74988125, 145.0000125, 55.75033125, 1]",
baseline,dark,Button,,warning,solid,base/label,/__functional-colors,elevated,keyboard-focus,0,pass,9.975230931282981,"[23.079922500000002, 23.0863485, 23.086935, 1]","[244.000065, 182.999985, 63.9999, 1]",
baseline,dark,Button,,warning,solid,base/label,/__functional-colors,elevated,keyboard-active+focus,0,pass,6.240311760665271,"[23.079922500000002, 23.0863485, 23.086935, 1]","[190.74988125, 145.0000125, 55.75033125, 1]",
baseline,dark,Button,,warning,solid,base/label,/__functional-colors,elevated,focus+hover,0,pass,6.240311760665271,"[23.079922500000002, 23.0863485, 23.086935, 1]","[190.74988125, 145.0000125, 55.75033125, 1]",
baseline,dark,Button,,warning,link,base/label,/__functional-colors,elevated,idle,0,pass,9.178691257685061,"[244.000065, 182.999985, 63.9999, 1]","[31.000094999999998, 31.000094999999998, 31.000094999999998, 1]",
baseline,dark,Button,,warning,link,base/label,/__functional-colors,elevated,hover,0,pass,5.7420119290893155,"[190.74988125, 145.0000125, 55.75033125, 1]","[31.000094999999998, 31.000094999999998, 31.000094999999998, 1]",
baseline,dark,Button,,warning,link,base/label,/__functional-colors,elevated,active+hover,0,pass,5.7420119290893155,"[190.74988125, 145.0000125, 55.75033125, 1]","[31.000094999999998, 31.000094999999998, 31.000094999999998, 1]",
baseline,dark,Button,,warning,link,base/label,/__functional-colors,elevated,keyboard-focus,0,pass,9.178691257685061,"[244.000065, 182.999985, 63.9999, 1]","[31.000094999999998, 31.000094999999998, 31.000094999999998, 1]",
baseline,dark,Button,,warning,link,base/label,/__functional-colors,elevated,keyboard-active+focus,0,pass,5.7420119290893155,"[190.74988125, 145.0000125, 55.75033125, 1]","[31.000094999999998, 31.000094999999998, 31.000094999999998, 1]",
baseline,dark,Button,,warning,link,base/label,/__functional-colors,elevated,focus+hover,0,pass,5.7420119290893155,"[190.74988125, 145.0000125, 55.75033125, 1]","[31.000094999999998, 31.000094999999998, 31.000094999999998, 1]",
baseline,dark,semantic text,,error,,text,/__functional-colors,elevated,idle,0,pass,6.008502232914408,"[247.999995, 114.000045, 117.00012, 1]","[31.000094999999998, 31.000094999999998, 31.000094999999998, 1]",
baseline,dark,Badge,,error,solid,base,/__functional-colors,elevated,idle,0,pass,6.529928466029159,"[23.079922500000002, 23.0863485, 23.086935, 1]","[247.999995, 114.000045, 117.00012, 1]",
baseline,dark,Alert,,error,solid,title,/__functional-colors,elevated,idle,0,pass,6.529928466029159,"[23.079922500000002, 23.0863485, 23.086935, 1]","[247.999995, 114.000045, 117.00012, 1]",
baseline,dark,Alert,,error,solid,description,/__functional-colors,elevated,idle,0,pass,5.6953473468139215,"[45.571929749999995, 32.17771815, 32.478253499999994, 1]","[247.999995, 114.000045, 117.00012, 1]",
baseline,dark,Badge,,error,outline,base,/__functional-colors,elevated,idle,0,pass,6.008502232914408,"[247.999995, 114.000045, 117.00012, 1]","[31.000094999999998, 31.000094999999998, 31.000094999999998, 1]",
baseline,dark,Alert,,error,outline,title,/__functional-colors,elevated,idle,0,pass,6.008502232914408,"[247.999995, 114.000045, 117.00012, 1]","[31.000094999999998, 31.000094999999998, 31.000094999999998, 1]",
baseline,dark,Alert,,error,outline,description,/__functional-colors,elevated,idle,0,pass,5.110486066365575,"[226.30000500000003, 105.70005, 108.4001175, 1]","[31.000094999999998, 31.000094999999998, 31.000094999999998, 1]",
baseline,dark,Badge,,error,soft,base,/__functional-colors,elevated,idle,0,pass,5.19334384729097,"[247.999995, 114.000045, 117.00012, 1]","[52.700085, 39.300064500000005, 39.600072, 1]",
baseline,dark,Alert,,error,soft,title,/__functional-colors,elevated,idle,0,pass,5.19334384729097,"[247.999995, 114.000045, 117.00012, 1]","[52.700085, 39.300064500000005, 39.600072, 1]",
baseline,dark,Alert,,error,soft,description,/__functional-colors,elevated,idle,0,fail,4.490897628498482,"[228.47000400000005, 106.53004695, 109.26011519999999, 1]","[52.700085, 39.300064500000005, 39.600072, 1]",
baseline,dark,Badge,,error,subtle,base,/__functional-colors,elevated,idle,0,pass,5.19334384729097,"[247.999995, 114.000045, 117.00012, 1]","[52.700085, 39.300064500000005, 39.600072, 1]",
baseline,dark,Alert,,error,subtle,title,/__functional-colors,elevated,idle,0,pass,5.19334384729097,"[247.999995, 114.000045, 117.00012, 1]","[52.700085, 39.300064500000005, 39.600072, 1]",
baseline,dark,Alert,,error,subtle,description,/__functional-colors,elevated,idle,0,fail,4.490897628498482,"[228.47000400000005, 106.53004695, 109.26011519999999, 1]","[52.700085, 39.300064500000005, 39.600072, 1]",
baseline,dark,Button,,error,solid,base/label,/__functional-colors,elevated,idle,0,pass,6.529928466029159,"[23.079922500000002, 23.0863485, 23.086935, 1]","[247.999995, 114.000045, 117.00012, 1]",
baseline,dark,Button,,error,solid,base/label,/__functional-colors,elevated,hover,0,fail,4.289701586971839,"[23.079922500000002, 23.0863485, 23.086935, 1]","[193.75002, 93.24986625, 95.4999225, 1]",
baseline,dark,Button,,error,solid,base/label,/__functional-colors,elevated,active+hover,0,fail,4.289701586971839,"[23.079922500000002, 23.0863485, 23.086935, 1]","[193.75002, 93.24986625, 95.4999225, 1]",
baseline,dark,Button,,error,solid,base/label,/__functional-colors,elevated,keyboard-focus,0,pass,6.529928466029159,"[23.079922500000002, 23.0863485, 23.086935, 1]","[247.999995, 114.000045, 117.00012, 1]",
baseline,dark,Button,,error,solid,base/label,/__functional-colors,elevated,keyboard-active+focus,0,fail,4.289701586971839,"[23.079922500000002, 23.0863485, 23.086935, 1]","[193.75002, 93.24986625, 95.4999225, 1]",
baseline,dark,Button,,error,solid,base/label,/__functional-colors,elevated,focus+hover,0,fail,4.289701586971839,"[23.079922500000002, 23.0863485, 23.086935, 1]","[193.75002, 93.24986625, 95.4999225, 1]",
baseline,dark,Button,,error,link,base/label,/__functional-colors,elevated,idle,0,pass,6.008502232914408,"[247.999995, 114.000045, 117.00012, 1]","[31.000094999999998, 31.000094999999998, 31.000094999999998, 1]",
baseline,dark,Button,,error,link,base/label,/__functional-colors,elevated,hover,0,fail,3.947161396628641,"[193.75002, 93.24986625, 95.4999225, 1]","[31.000094999999998, 31.000094999999998, 31.000094999999998, 1]",
baseline,dark,Button,,error,link,base/label,/__functional-colors,elevated,active+hover,0,fail,3.947161396628641,"[193.75002, 93.24986625, 95.4999225, 1]","[31.000094999999998, 31.000094999999998, 31.000094999999998, 1]",
baseline,dark,Button,,error,link,base/label,/__functional-colors,elevated,keyboard-focus,0,pass,6.008502232914408,"[247.999995, 114.000045, 117.00012, 1]","[31.000094999999998, 31.000094999999998, 31.000094999999998, 1]",
baseline,dark,Button,,error,link,base/label,/__functional-colors,elevated,keyboard-active+focus,0,fail,3.947161396628641,"[193.75002, 93.24986625, 95.4999225, 1]","[31.000094999999998, 31.000094999999998, 31.000094999999998, 1]",
baseline,dark,Button,,error,link,base/label,/__functional-colors,elevated,focus+hover,0,fail,3.947161396628641,"[193.75002, 93.24986625, 95.4999225, 1]","[31.000094999999998, 31.000094999999998, 31.000094999999998, 1]",
baseline,dark,FormField,,error,,error,,elevated,visible,0,pass,6.008502232914408,"[247.999995, 114.000045, 117.00012, 1]","[31.000094999999998, 31.000094999999998, 31.000094999999998, 1]",
baseline,dark,API fixture,F1,,,,,elevated,idle,0,pass,6.008502232914408,"[247.999995, 114.000045, 117.00012, 1]","[31.000094999999998, 31.000094999999998, 31.000094999999998, 1]",
baseline,dark,API fixture,F2,,,,,elevated,idle,0,pass,9.178691257685061,"[244.000065, 182.999985, 63.9999, 1]","[31.000094999999998, 31.000094999999998, 31.000094999999998, 1]",
baseline,dark,API fixture,F5-field-caveat,,,,,elevated,idle,0,pass,7.472288094124483,"[244.000065, 182.999985, 63.9999, 1]","[52.3000665, 46.200084000000004, 34.3001265, 1]",
baseline,dark,API fixture,F5-field-caveat,,,,,elevated,idle,1,pass,5.193656143604129,"[161.000115, 161.000115, 161.000115, 1]","[52.3000665, 46.200084000000004, 34.3001265, 1]",
baseline,dark,API fixture,value-caveat,,,,,elevated,idle,0,pass,7.472288094124483,"[244.000065, 182.999985, 63.9999, 1]","[52.3000665, 46.200084000000004, 34.3001265, 1]",
baseline,dark,API fixture,value-caveat,,,,,elevated,idle,1,pass,5.193656143604129,"[161.000115, 161.000115, 161.000115, 1]","[52.3000665, 46.200084000000004, 34.3001265, 1]",
baseline,dark,ResponseExample,,,,status/statusText,,elevated,single status visible,0,pass,7.9054395961421475,"[107.999895, 218.00001, 117.00012, 1]","[36.0000534, 47.0000649, 36.9000759, 1]",
baseline,dark,ResponseExample,,,,status/statusText,,elevated,single status visible,1,pass,7.9054395961421475,"[107.999895, 218.00001, 117.00012, 1]","[36.0000534, 47.0000649, 36.9000759, 1]",
baseline,dark,ResponseExample,,,,status/statusText,,elevated,single status visible,2,pass,6.095653619441885,"[82.000095, 174.000015, 255, 1]","[33.4000989, 42.6000654, 50.700063899999996, 1]",
baseline,dark,ResponseExample,,,,status/statusText,,elevated,single status visible,3,pass,6.095653619441885,"[82.000095, 174.000015, 255, 1]","[33.4000989, 42.6000654, 50.700063899999996, 1]",
baseline,dark,ResponseExample,,,,status/statusText,,elevated,single status visible,4,pass,7.760385422077901,"[244.000065, 182.999985, 63.9999, 1]","[49.6000449, 43.5000624, 31.600104899999998, 1]",
baseline,dark,ResponseExample,,,,status/statusText,,elevated,single status visible,5,pass,7.760385422077901,"[244.000065, 182.999985, 63.9999, 1]","[49.6000449, 43.5000624, 31.600104899999998, 1]",
baseline,dark,ResponseExample,,,,status/statusText,,elevated,single status visible,6,pass,5.383753158172216,"[247.999995, 114.000045, 117.00012, 1]","[50.0000634, 36.6000429, 36.9000504, 1]",
baseline,dark,ResponseExample,,,,status/statusText,,elevated,single status visible,7,pass,5.383753158172216,"[247.999995, 114.000045, 117.00012, 1]","[50.0000634, 36.6000429, 36.9000504, 1]",
baseline,dark,LifecycleNotice,,,,,,elevated,idle,0,pass,7.472288094124483,"[244.000065, 182.999985, 63.9999, 1]","[52.3000665, 46.200084000000004, 34.3001265, 1]",
baseline,dark,LifecycleNotice,,,,,,elevated,idle,1,pass,6.3658783026894366,"[224.83006515000002, 169.31999490000004, 61.029922649999996, 1]","[52.3000665, 46.200084000000004, 34.3001265, 1]",
baseline,dark,LifecycleNotice,,,,,,elevated,idle,2,pass,7.612111863156123,"[107.999895, 218.00001, 117.00012, 1]","[38.700075, 49.7000865, 39.600097500000004, 1]",
baseline,dark,LifecycleNotice,,,,,,elevated,idle,3,pass,6.4779650596677145,"[101.069913, 201.17001765, 109.26011774999999, 1]","[38.700075, 49.7000865, 39.600097500000004, 1]",
baseline,dark,LifecycleNotice,,,,,,elevated,idle,4,pass,7.472288094124483,"[244.000065, 182.999985, 63.9999, 1]","[52.3000665, 46.200084000000004, 34.3001265, 1]",
baseline,dark,LifecycleNotice,,,,,,elevated,idle,5,pass,6.3658783026894366,"[224.83006515000002, 169.31999490000004, 61.029922649999996, 1]","[52.3000665, 46.200084000000004, 34.3001265, 1]",
baseline,dark,LifecycleNotice,,,,,,elevated,idle,6,pass,16.482959521795948,"[255, 255, 255, 1]","[31.000094999999998, 31.000094999999998, 31.000094999999998, 1]",
baseline,dark,LifecycleNotice,,,,,,elevated,idle,7,pass,13.526757079352704,"[232.6000095, 232.6000095, 232.6000095, 1]","[31.000094999999998, 31.000094999999998, 31.000094999999998, 1]",
baseline,dark,LifecycleNotice,,,,,,elevated,idle,8,pass,5.19334384729097,"[247.999995, 114.000045, 117.00012, 1]","[52.700085, 39.300064500000005, 39.600072, 1]",
baseline,dark,LifecycleNotice,,,,,,elevated,idle,9,fail,4.490897628498482,"[228.47000400000005, 106.53004695, 109.26011519999999, 1]","[52.700085, 39.300064500000005, 39.600072, 1]",
baseline,dark,FieldAnnotation,,,,required,,portal own bg-default,open,0,pass,7.216980674443314,"[247.999995, 114.000045, 117.00012, 1]","[10.0000035, 10.0000035, 10.0000035, 1]",
baseline,dark,FieldAnnotation,,,,conditional,,portal own bg-default,open,0,pass,11.024783690770832,"[244.000065, 182.999985, 63.9999, 1]","[10.0000035, 10.0000035, 10.0000035, 1]",
baseline,dark,semantic text,,primary,,text,/__functional-colors,accented,idle,0,fail,4.406986423135302,"[168.999975, 110.00011500000001, 255, 1]","[40.99992, 40.99992, 40.99992, 1]",
baseline,dark,Badge,,primary,solid,base,/__functional-colors,accented,idle,0,pass,5.426370197465054,"[23.079922500000002, 23.0863485, 23.086935, 1]","[168.999975, 110.00011500000001, 255, 1]",
baseline,dark,Alert,,primary,solid,title,/__functional-colors,accented,idle,0,pass,5.426370197465054,"[23.079922500000002, 23.0863485, 23.086935, 1]","[168.999975, 110.00011500000001, 255, 1]",
baseline,dark,Alert,,primary,solid,description,/__functional-colors,accented,idle,0,pass,4.800020330397687,"[37.67192775, 31.777725149999995, 46.27824149999999, 1]","[168.999975, 110.00011500000001, 255, 1]",
baseline,dark,Badge,,primary,outline,base,/__functional-colors,accented,idle,0,fail,4.406986423135302,"[168.999975, 110.00011500000001, 255, 1]","[40.99992, 40.99992, 40.99992, 1]",
baseline,dark,Alert,,primary,outline,title,/__functional-colors,accented,idle,0,fail,4.406986423135302,"[168.999975, 110.00011500000001, 255, 1]","[40.99992, 40.99992, 40.99992, 1]",
baseline,dark,Alert,,primary,outline,description,/__functional-colors,accented,idle,0,fail,3.8415394541666554,"[156.1999695, 103.10009550000001, 233.599992, 1]","[40.99992, 40.99992, 40.99992, 1]",
baseline,dark,Badge,,primary,soft,base,/__functional-colors,accented,idle,0,fail,3.861616767179577,"[168.999975, 110.00011500000001, 255, 1]","[53.79990000000001, 47.899914, 62.3999025, 1]",
baseline,dark,Alert,,primary,soft,title,/__functional-colors,accented,idle,0,fail,3.861616767179577,"[168.999975, 110.00011500000001, 255, 1]","[53.79990000000001, 47.899914, 62.3999025, 1]",
baseline,dark,Alert,,primary,soft,description,/__functional-colors,accented,idle,0,fail,3.4135018903058896,"[157.47996750000001, 103.79009490000001, 235.73999025, 1]","[53.79990000000001, 47.899914, 62.3999025, 1]",
baseline,dark,Badge,,primary,subtle,base,/__functional-colors,accented,idle,0,fail,3.861616767179577,"[168.999975, 110.00011500000001, 255, 1]","[53.79990000000001, 47.899914, 62.3999025, 1]",
baseline,dark,Alert,,primary,subtle,title,/__functional-colors,accented,idle,0,fail,3.861616767179577,"[168.999975, 110.00011500000001, 255, 1]","[53.79990000000001, 47.899914, 62.3999025, 1]",
baseline,dark,Alert,,primary,subtle,description,/__functional-colors,accented,idle,0,fail,3.4135018903058896,"[157.47996750000001, 103.79009490000001, 235.73999025, 1]","[53.79990000000001, 47.899914, 62.3999025, 1]",
baseline,dark,Button,,primary,solid,base/label,/__functional-colors,accented,idle,0,pass,5.426370197465054,"[23.079922500000002, 23.0863485, 23.086935, 1]","[168.999975, 110.00011500000001, 255, 1]",
baseline,dark,Button,,primary,solid,base/label,/__functional-colors,accented,hover,0,fail,3.811934710670196,"[23.079922500000002, 23.0863485, 23.086935, 1]","[136.99976999999998, 92.749875, 201.49978875, 1]",
baseline,dark,Button,,primary,solid,base/label,/__functional-colors,accented,active+hover,0,fail,3.811934710670196,"[23.079922500000002, 23.0863485, 23.086935, 1]","[136.99976999999998, 92.749875, 201.49978875, 1]",
baseline,dark,Button,,primary,solid,base/label,/__functional-colors,accented,keyboard-focus,0,pass,5.426370197465054,"[23.079922500000002, 23.0863485, 23.086935, 1]","[168.999975, 110.00011500000001, 255, 1]",
baseline,dark,Button,,primary,solid,base/label,/__functional-colors,accented,keyboard-active+focus,0,fail,3.811934710670196,"[23.079922500000002, 23.0863485, 23.086935, 1]","[136.99976999999998, 92.749875, 201.49978875, 1]",
baseline,dark,Button,,primary,solid,base/label,/__functional-colors,accented,focus+hover,0,fail,3.811934710670196,"[23.079922500000002, 23.0863485, 23.086935, 1]","[136.99976999999998, 92.749875, 201.49978875, 1]",
baseline,dark,Button,,primary,link,base/label,/__functional-colors,accented,idle,0,fail,4.406986423135302,"[168.999975, 110.00011500000001, 255, 1]","[40.99992, 40.99992, 40.99992, 1]",
baseline,dark,Button,,primary,link,base/label,/__functional-colors,accented,hover,0,fail,3.09583458269204,"[136.99976999999998, 92.749875, 201.49978875, 1]","[40.99992, 40.99992, 40.99992, 1]",
baseline,dark,Button,,primary,link,base/label,/__functional-colors,accented,active+hover,0,fail,3.09583458269204,"[136.99976999999998, 92.749875, 201.49978875, 1]","[40.99992, 40.99992, 40.99992, 1]",
baseline,dark,Button,,primary,link,base/label,/__functional-colors,accented,keyboard-focus,0,fail,4.406986423135302,"[168.999975, 110.00011500000001, 255, 1]","[40.99992, 40.99992, 40.99992, 1]",
baseline,dark,Button,,primary,link,base/label,/__functional-colors,accented,keyboard-active+focus,0,fail,3.09583458269204,"[136.99976999999998, 92.749875, 201.49978875, 1]","[40.99992, 40.99992, 40.99992, 1]",
baseline,dark,Button,,primary,link,base/label,/__functional-colors,accented,focus+hover,0,fail,3.09583458269204,"[136.99976999999998, 92.749875, 201.49978875, 1]","[40.99992, 40.99992, 40.99992, 1]",
baseline,dark,semantic text,,secondary,,text,/__functional-colors,accented,idle,0,pass,8.66504714173752,"[68.99994, 221.99994, 196.999995, 1]","[40.99992, 40.99992, 40.99992, 1]",
baseline,dark,Badge,,secondary,solid,base,/__functional-colors,accented,idle,0,pass,10.669366559133293,"[23.079922500000002, 23.0863485, 23.086935, 1]","[68.99994, 221.99994, 196.999995, 1]",
baseline,dark,Alert,,secondary,solid,title,/__functional-colors,accented,idle,0,pass,10.669366559133293,"[23.079922500000002, 23.0863485, 23.086935, 1]","[68.99994, 221.99994, 196.999995, 1]",
baseline,dark,Alert,,secondary,solid,description,/__functional-colors,accented,idle,0,pass,8.777536547661516,"[27.671924250000004, 42.97770765, 40.478241, 1]","[68.99994, 221.99994, 196.999995, 1]",
baseline,dark,Badge,,secondary,outline,base,/__functional-colors,accented,idle,0,pass,8.66504714173752,"[68.99994, 221.99994, 196.999995, 1]","[40.99992, 40.99992, 40.99992, 1]",
baseline,dark,Alert,,secondary,outline,title,/__functional-colors,accented,idle,0,pass,8.66504714173752,"[68.99994, 221.99994, 196.999995, 1]","[40.99992, 40.99992, 40.99992, 1]",
baseline,dark,Alert,,secondary,outline,description,/__functional-colors,accented,idle,0,pass,7.295725381298459,"[66.19993799999999, 203.899938, 181.3999875, 1]","[40.99992, 40.99992, 40.99992, 1]",
baseline,dark,Badge,,secondary,soft,base,/__functional-colors,accented,idle,0,pass,6.979252580237736,"[68.99994, 221.99994, 196.999995, 1]","[43.7999475, 59.09992200000001, 56.59992750000001, 1]",
baseline,dark,Alert,,secondary,soft,title,/__functional-colors,accented,idle,0,pass,6.979252580237736,"[68.99994, 221.99994, 196.999995, 1]","[43.7999475, 59.09992200000001, 56.59992750000001, 1]",
baseline,dark,Alert,,secondary,soft,description,/__functional-colors,accented,idle,0,pass,5.981155334441931,"[66.47994075, 205.7099382, 182.95998825, 1]","[43.7999475, 59.09992200000001, 56.59992750000001, 1]",
baseline,dark,Badge,,secondary,subtle,base,/__functional-colors,accented,idle,0,pass,6.979252580237736,"[68.99994, 221.99994, 196.999995, 1]","[43.7999475, 59.09992200000001, 56.59992750000001, 1]",
baseline,dark,Alert,,secondary,subtle,title,/__functional-colors,accented,idle,0,pass,6.979252580237736,"[68.99994, 221.99994, 196.999995, 1]","[43.7999475, 59.09992200000001, 56.59992750000001, 1]",
baseline,dark,Alert,,secondary,subtle,description,/__functional-colors,accented,idle,0,pass,5.981155334441931,"[66.47994075, 205.7099382, 182.95998825, 1]","[43.7999475, 59.09992200000001, 56.59992750000001, 1]",
baseline,dark,Button,,secondary,solid,base/label,/__functional-colors,accented,idle,0,pass,10.669366559133293,"[23.079922500000002, 23.0863485, 23.086935, 1]","[68.99994, 221.99994, 196.999995, 1]",
baseline,dark,Button,,secondary,solid,base/label,/__functional-colors,accented,hover,0,pass,6.796562529754624,"[23.079922500000002, 23.0863485, 23.086935, 1]","[62.00012625, 176.749935, 157.99997625, 1]",
baseline,dark,Button,,secondary,solid,base/label,/__functional-colors,accented,active+hover,0,pass,6.796562529754624,"[23.079922500000002, 23.0863485, 23.086935, 1]","[62.00012625, 176.749935, 157.99997625, 1]",
baseline,dark,Button,,secondary,solid,base/label,/__functional-colors,accented,keyboard-focus,0,pass,10.669366559133293,"[23.079922500000002, 23.0863485, 23.086935, 1]","[68.99994, 221.99994, 196.999995, 1]",
baseline,dark,Button,,secondary,solid,base/label,/__functional-colors,accented,keyboard-active+focus,0,pass,6.796562529754624,"[23.079922500000002, 23.0863485, 23.086935, 1]","[62.00012625, 176.749935, 157.99997625, 1]",
baseline,dark,Button,,secondary,solid,base/label,/__functional-colors,accented,focus+hover,0,pass,6.796562529754624,"[23.079922500000002, 23.0863485, 23.086935, 1]","[62.00012625, 176.749935, 157.99997625, 1]",
baseline,dark,Button,,secondary,link,base/label,/__functional-colors,accented,idle,0,pass,8.66504714173752,"[68.99994, 221.99994, 196.999995, 1]","[40.99992, 40.99992, 40.99992, 1]",
baseline,dark,Button,,secondary,link,base/label,/__functional-colors,accented,hover,0,pass,5.519777992038046,"[62.00012625, 176.749935, 157.99997625, 1]","[40.99992, 40.99992, 40.99992, 1]",
baseline,dark,Button,,secondary,link,base/label,/__functional-colors,accented,active+hover,0,pass,5.519777992038046,"[62.00012625, 176.749935, 157.99997625, 1]","[40.99992, 40.99992, 40.99992, 1]",
baseline,dark,Button,,secondary,link,base/label,/__functional-colors,accented,keyboard-focus,0,pass,8.66504714173752,"[68.99994, 221.99994, 196.999995, 1]","[40.99992, 40.99992, 40.99992, 1]",
baseline,dark,Button,,secondary,link,base/label,/__functional-colors,accented,keyboard-active+focus,0,pass,5.519777992038046,"[62.00012625, 176.749935, 157.99997625, 1]","[40.99992, 40.99992, 40.99992, 1]",
baseline,dark,Button,,secondary,link,base/label,/__functional-colors,accented,focus+hover,0,pass,5.519777992038046,"[62.00012625, 176.749935, 157.99997625, 1]","[40.99992, 40.99992, 40.99992, 1]",
baseline,dark,semantic text,,success,,text,/__functional-colors,accented,idle,0,pass,8.259964433257608,"[107.999895, 218.00001, 117.00012, 1]","[40.99992, 40.99992, 40.99992, 1]",
baseline,dark,Badge,,success,solid,base,/__functional-colors,accented,idle,0,pass,10.170583825139756,"[23.079922500000002, 23.0863485, 23.086935, 1]","[107.999895, 218.00001, 117.00012, 1]",
baseline,dark,Alert,,success,solid,title,/__functional-colors,accented,idle,0,pass,10.170583825139756,"[23.079922500000002, 23.0863485, 23.086935, 1]","[107.999895, 218.00001, 117.00012, 1]",
baseline,dark,Alert,,success,solid,description,/__functional-colors,accented,idle,0,pass,8.391349962376818,"[31.57191975, 42.57771464999999, 32.478253499999994, 1]","[107.999895, 218.00001, 117.00012, 1]",
baseline,dark,Badge,,success,outline,base,/__functional-colors,accented,idle,0,pass,8.259964433257608,"[107.999895, 218.00001, 117.00012, 1]","[40.99992, 40.99992, 40.99992, 1]",
baseline,dark,Alert,,success,outline,title,/__functional-colors,accented,idle,0,pass,8.259964433257608,"[107.999895, 218.00001, 117.00012, 1]","[40.99992, 40.99992, 40.99992, 1]",
baseline,dark,Alert,,success,outline,description,/__functional-colors,accented,idle,0,pass,6.97544820666298,"[101.2998975, 200.30000099999998, 109.4001, 1]","[40.99992, 40.99992, 40.99992, 1]",
baseline,dark,Badge,,success,soft,base,/__functional-colors,accented,idle,0,pass,6.670867594290186,"[107.999895, 218.00001, 117.00012, 1]","[47.699917500000005, 58.699929000000004, 48.599940000000004, 1]",
baseline,dark,Alert,,success,soft,title,/__functional-colors,accented,idle,0,pass,6.670867594290186,"[107.999895, 218.00001, 117.00012, 1]","[47.699917500000005, 58.699929000000004, 48.599940000000004, 1]",
baseline,dark,Alert,,success,soft,description,/__functional-colors,accented,idle,0,pass,5.732140655392523,"[101.96989725, 202.0700019, 110.160102, 1]","[47.699917500000005, 58.699929000000004, 48.599940000000004, 1]",
baseline,dark,Badge,,success,subtle,base,/__functional-colors,accented,idle,0,pass,6.670867594290186,"[107.999895, 218.00001, 117.00012, 1]","[47.699917500000005, 58.699929000000004, 48.599940000000004, 1]",
baseline,dark,Alert,,success,subtle,title,/__functional-colors,accented,idle,0,pass,6.670867594290186,"[107.999895, 218.00001, 117.00012, 1]","[47.699917500000005, 58.699929000000004, 48.599940000000004, 1]",
baseline,dark,Alert,,success,subtle,description,/__functional-colors,accented,idle,0,pass,5.732140655392523,"[101.96989725, 202.0700019, 110.160102, 1]","[47.699917500000005, 58.699929000000004, 48.599940000000004, 1]",
baseline,dark,Button,,success,solid,base/label,/__functional-colors,accented,idle,0,pass,10.170583825139756,"[23.079922500000002, 23.0863485, 23.086935, 1]","[107.999895, 218.00001, 117.00012, 1]",
baseline,dark,Button,,success,solid,base/label,/__functional-colors,accented,hover,0,pass,6.533144053145592,"[23.079922500000002, 23.0863485, 23.086935, 1]","[91.24990125, 173.7499875, 98.00007, 1]",
baseline,dark,Button,,success,solid,base/label,/__functional-colors,accented,active+hover,0,pass,6.533144053145592,"[23.079922500000002, 23.0863485, 23.086935, 1]","[91.24990125, 173.7499875, 98.00007, 1]",
baseline,dark,Button,,success,solid,base/label,/__functional-colors,accented,keyboard-focus,0,pass,10.170583825139756,"[23.079922500000002, 23.0863485, 23.086935, 1]","[107.999895, 218.00001, 117.00012, 1]",
baseline,dark,Button,,success,solid,base/label,/__functional-colors,accented,keyboard-active+focus,0,pass,6.533144053145592,"[23.079922500000002, 23.0863485, 23.086935, 1]","[91.24990125, 173.7499875, 98.00007, 1]",
baseline,dark,Button,,success,solid,base/label,/__functional-colors,accented,focus+hover,0,pass,6.533144053145592,"[23.079922500000002, 23.0863485, 23.086935, 1]","[91.24990125, 173.7499875, 98.00007, 1]",
baseline,dark,Button,,success,link,base/label,/__functional-colors,accented,idle,0,pass,8.259964433257608,"[107.999895, 218.00001, 117.00012, 1]","[40.99992, 40.99992, 40.99992, 1]",
baseline,dark,Button,,success,link,base/label,/__functional-colors,accented,hover,0,pass,5.305844624469187,"[91.24990125, 173.7499875, 98.00007, 1]","[40.99992, 40.99992, 40.99992, 1]",
baseline,dark,Button,,success,link,base/label,/__functional-colors,accented,active+hover,0,pass,5.305844624469187,"[91.24990125, 173.7499875, 98.00007, 1]","[40.99992, 40.99992, 40.99992, 1]",
baseline,dark,Button,,success,link,base/label,/__functional-colors,accented,keyboard-focus,0,pass,8.259964433257608,"[107.999895, 218.00001, 117.00012, 1]","[40.99992, 40.99992, 40.99992, 1]",
baseline,dark,Button,,success,link,base/label,/__functional-colors,accented,keyboard-active+focus,0,pass,5.305844624469187,"[91.24990125, 173.7499875, 98.00007, 1]","[40.99992, 40.99992, 40.99992, 1]",
baseline,dark,Button,,success,link,base/label,/__functional-colors,accented,focus+hover,0,pass,5.305844624469187,"[91.24990125, 173.7499875, 98.00007, 1]","[40.99992, 40.99992, 40.99992, 1]",
baseline,dark,semantic text,,info,,text,/__functional-colors,accented,idle,0,pass,6.1360143869647,"[82.000095, 174.000015, 255, 1]","[40.99992, 40.99992, 40.99992, 1]",
baseline,dark,Badge,,info,solid,base,/__functional-colors,accented,idle,0,pass,7.555341088832712,"[23.079922500000002, 23.0863485, 23.086935, 1]","[82.000095, 174.000015, 255, 1]",
baseline,dark,Alert,,info,solid,title,/__functional-colors,accented,idle,0,pass,7.555341088832712,"[23.079922500000002, 23.0863485, 23.086935, 1]","[82.000095, 174.000015, 255, 1]",
baseline,dark,Alert,,info,solid,description,/__functional-colors,accented,idle,0,pass,6.457674885097399,"[28.971939750000004, 38.17771515, 46.27824149999999, 1]","[82.000095, 174.000015, 255, 1]",
baseline,dark,Badge,,info,outline,base,/__functional-colors,accented,idle,0,pass,6.1360143869647,"[82.000095, 174.000015, 255, 1]","[40.99992, 40.99992, 40.99992, 1]",
baseline,dark,Alert,,info,outline,title,/__functional-colors,accented,idle,0,pass,6.1360143869647,"[82.000095, 174.000015, 255, 1]","[40.99992, 40.99992, 40.99992, 1]",
baseline,dark,Alert,,info,outline,description,/__functional-colors,accented,idle,0,pass,5.253711731701841,"[77.90007750000001, 160.70000549999997, 233.599992, 1]","[40.99992, 40.99992, 40.99992, 1]",
baseline,dark,Badge,,info,soft,base,/__functional-colors,accented,idle,0,pass,5.162312272573353,"[82.000095, 174.000015, 255, 1]","[45.099963, 54.299929500000005, 62.399928, 1]",
baseline,dark,Alert,,info,soft,title,/__functional-colors,accented,idle,0,pass,5.162312272573353,"[82.000095, 174.000015, 255, 1]","[45.099963, 54.299929500000005, 62.399928, 1]",
baseline,dark,Alert,,info,soft,description,/__functional-colors,accented,idle,0,fail,4.490781674202881,"[78.3100818, 162.03000644999997, 235.7399928, 1]","[45.099963, 54.299929500000005, 62.399928, 1]",
baseline,dark,Badge,,info,subtle,base,/__functional-colors,accented,idle,0,pass,5.162312272573353,"[82.000095, 174.000015, 255, 1]","[45.099963, 54.299929500000005, 62.399928, 1]",
baseline,dark,Alert,,info,subtle,title,/__functional-colors,accented,idle,0,pass,5.162312272573353,"[82.000095, 174.000015, 255, 1]","[45.099963, 54.299929500000005, 62.399928, 1]",
baseline,dark,Alert,,info,subtle,description,/__functional-colors,accented,idle,0,fail,4.490781674202881,"[78.3100818, 162.03000644999997, 235.7399928, 1]","[45.099963, 54.299929500000005, 62.399928, 1]",
baseline,dark,Button,,info,solid,base/label,/__functional-colors,accented,idle,0,pass,7.555341088832712,"[23.079922500000002, 23.0863485, 23.086935, 1]","[82.000095, 174.000015, 255, 1]",
baseline,dark,Button,,info,solid,base/label,/__functional-colors,accented,hover,0,pass,5.047282324924733,"[23.079922500000002, 23.0863485, 23.086935, 1]","[71.75024250000001, 140.74999125, 201.49998, 1]",
baseline,dark,Button,,info,solid,base/label,/__functional-colors,accented,active+hover,0,pass,5.047282324924733,"[23.079922500000002, 23.0863485, 23.086935, 1]","[71.75024250000001, 140.74999125, 201.49998, 1]",
baseline,dark,Button,,info,solid,base/label,/__functional-colors,accented,keyboard-focus,0,pass,7.555341088832712,"[23.079922500000002, 23.0863485, 23.086935, 1]","[82.000095, 174.000015, 255, 1]",
baseline,dark,Button,,info,solid,base/label,/__functional-colors,accented,keyboard-active+focus,0,pass,5.047282324924733,"[23.079922500000002, 23.0863485, 23.086935, 1]","[71.75024250000001, 140.74999125, 201.49998, 1]",
baseline,dark,Button,,info,solid,base/label,/__functional-colors,accented,focus+hover,0,pass,5.047282324924733,"[23.079922500000002, 23.0863485, 23.086935, 1]","[71.75024250000001, 140.74999125, 201.49998, 1]",
baseline,dark,Button,,info,link,base/label,/__functional-colors,accented,idle,0,pass,6.1360143869647,"[82.000095, 174.000015, 255, 1]","[40.99992, 40.99992, 40.99992, 1]",
baseline,dark,Button,,info,link,base/label,/__functional-colors,accented,hover,0,fail,4.09911301113682,"[71.75024250000001, 140.74999125, 201.49998, 1]","[40.99992, 40.99992, 40.99992, 1]",
baseline,dark,Button,,info,link,base/label,/__functional-colors,accented,active+hover,0,fail,4.09911301113682,"[71.75024250000001, 140.74999125, 201.49998, 1]","[40.99992, 40.99992, 40.99992, 1]",
baseline,dark,Button,,info,link,base/label,/__functional-colors,accented,keyboard-focus,0,pass,6.1360143869647,"[82.000095, 174.000015, 255, 1]","[40.99992, 40.99992, 40.99992, 1]",
baseline,dark,Button,,info,link,base/label,/__functional-colors,accented,keyboard-active+focus,0,fail,4.09911301113682,"[71.75024250000001, 140.74999125, 201.49998, 1]","[40.99992, 40.99992, 40.99992, 1]",
baseline,dark,Button,,info,link,base/label,/__functional-colors,accented,focus+hover,0,fail,4.09911301113682,"[71.75024250000001, 140.74999125, 201.49998, 1]","[40.99992, 40.99992, 40.99992, 1]",
baseline,dark,semantic text,,warning,,text,/__functional-colors,accented,idle,0,pass,8.101310025316701,"[244.000065, 182.999985, 63.9999, 1]","[40.99992, 40.99992, 40.99992, 1]",
baseline,dark,Badge,,warning,solid,base,/__functional-colors,accented,idle,0,pass,9.975230931282981,"[23.079922500000002, 23.0863485, 23.086935, 1]","[244.000065, 182.999985, 63.9999, 1]",
baseline,dark,Alert,,warning,solid,title,/__functional-colors,accented,idle,0,pass,9.975230931282981,"[23.079922500000002, 23.0863485, 23.086935, 1]","[244.000065, 182.999985, 63.9999, 1]",
baseline,dark,Alert,,warning,solid,description,/__functional-colors,accented,idle,0,pass,8.237677744473642,"[45.17193675, 39.077712149999996, 27.1782315, 1]","[244.000065, 182.999985, 63.9999, 1]",
baseline,dark,Badge,,warning,outline,base,/__functional-colors,accented,idle,0,pass,8.101310025316701,"[244.000065, 182.999985, 63.9999, 1]","[40.99992, 40.99992, 40.99992, 1]",
baseline,dark,Alert,,warning,outline,title,/__functional-colors,accented,idle,0,pass,8.101310025316701,"[244.000065, 182.999985, 63.9999, 1]","[40.99992, 40.99992, 40.99992, 1]",
baseline,dark,Alert,,warning,outline,description,/__functional-colors,accented,idle,0,pass,6.850890716008415,"[223.7000505, 168.7999785, 61.699902, 1]","[40.99992, 40.99992, 40.99992, 1]",
baseline,dark,Badge,,warning,soft,base,/__functional-colors,accented,idle,0,pass,6.547852437480224,"[244.000065, 182.999985, 63.9999, 1]","[61.299909, 55.199926500000004, 43.299969000000004, 1]",
baseline,dark,Alert,,warning,soft,title,/__functional-colors,accented,idle,0,pass,6.547852437480224,"[244.000065, 182.999985, 63.9999, 1]","[61.299909, 55.199926500000004, 43.299969000000004, 1]",
baseline,dark,Alert,,warning,soft,description,/__functional-colors,accented,idle,0,pass,5.633366773788774,"[225.7300494, 170.21997915000003, 61.9299069, 1]","[61.299909, 55.199926500000004, 43.299969000000004, 1]",
baseline,dark,Badge,,warning,subtle,base,/__functional-colors,accented,idle,0,pass,6.547852437480224,"[244.000065, 182.999985, 63.9999, 1]","[61.299909, 55.199926500000004, 43.299969000000004, 1]",
baseline,dark,Alert,,warning,subtle,title,/__functional-colors,accented,idle,0,pass,6.547852437480224,"[244.000065, 182.999985, 63.9999, 1]","[61.299909, 55.199926500000004, 43.299969000000004, 1]",
baseline,dark,Alert,,warning,subtle,description,/__functional-colors,accented,idle,0,pass,5.633366773788774,"[225.7300494, 170.21997915000003, 61.9299069, 1]","[61.299909, 55.199926500000004, 43.299969000000004, 1]",
baseline,dark,Button,,warning,solid,base/label,/__functional-colors,accented,idle,0,pass,9.975230931282981,"[23.079922500000002, 23.0863485, 23.086935, 1]","[244.000065, 182.999985, 63.9999, 1]",
baseline,dark,Button,,warning,solid,base/label,/__functional-colors,accented,hover,0,pass,6.432033689704777,"[23.079922500000002, 23.0863485, 23.086935, 1]","[193.24983749999998, 147.49996875, 58.250287500000006, 1]",
baseline,dark,Button,,warning,solid,base/label,/__functional-colors,accented,active+hover,0,pass,6.432033689704777,"[23.079922500000002, 23.0863485, 23.086935, 1]","[193.24983749999998, 147.49996875, 58.250287500000006, 1]",
baseline,dark,Button,,warning,solid,base/label,/__functional-colors,accented,keyboard-focus,0,pass,9.975230931282981,"[23.079922500000002, 23.0863485, 23.086935, 1]","[244.000065, 182.999985, 63.9999, 1]",
baseline,dark,Button,,warning,solid,base/label,/__functional-colors,accented,keyboard-active+focus,0,pass,6.432033689704777,"[23.079922500000002, 23.0863485, 23.086935, 1]","[193.24983749999998, 147.49996875, 58.250287500000006, 1]",
baseline,dark,Button,,warning,solid,base/label,/__functional-colors,accented,focus+hover,0,pass,6.432033689704777,"[23.079922500000002, 23.0863485, 23.086935, 1]","[193.24983749999998, 147.49996875, 58.250287500000006, 1]",
baseline,dark,Button,,warning,link,base/label,/__functional-colors,accented,idle,0,pass,8.101310025316701,"[244.000065, 182.999985, 63.9999, 1]","[40.99992, 40.99992, 40.99992, 1]",
baseline,dark,Button,,warning,link,base/label,/__functional-colors,accented,hover,0,pass,5.223728590599971,"[193.24983749999998, 147.49996875, 58.250287500000006, 1]","[40.99992, 40.99992, 40.99992, 1]",
baseline,dark,Button,,warning,link,base/label,/__functional-colors,accented,active+hover,0,pass,5.223728590599971,"[193.24983749999998, 147.49996875, 58.250287500000006, 1]","[40.99992, 40.99992, 40.99992, 1]",
baseline,dark,Button,,warning,link,base/label,/__functional-colors,accented,keyboard-focus,0,pass,8.101310025316701,"[244.000065, 182.999985, 63.9999, 1]","[40.99992, 40.99992, 40.99992, 1]",
baseline,dark,Button,,warning,link,base/label,/__functional-colors,accented,keyboard-active+focus,0,pass,5.223728590599971,"[193.24983749999998, 147.49996875, 58.250287500000006, 1]","[40.99992, 40.99992, 40.99992, 1]",
baseline,dark,Button,,warning,link,base/label,/__functional-colors,accented,focus+hover,0,pass,5.223728590599971,"[193.24983749999998, 147.49996875, 58.250287500000006, 1]","[40.99992, 40.99992, 40.99992, 1]",
baseline,dark,semantic text,,error,,text,/__functional-colors,accented,idle,0,pass,5.303233109174645,"[247.999995, 114.000045, 117.00012, 1]","[40.99992, 40.99992, 40.99992, 1]",
baseline,dark,Badge,,error,solid,base,/__functional-colors,accented,idle,0,pass,6.529928466029159,"[23.079922500000002, 23.0863485, 23.086935, 1]","[247.999995, 114.000045, 117.00012, 1]",
baseline,dark,Alert,,error,solid,title,/__functional-colors,accented,idle,0,pass,6.529928466029159,"[23.079922500000002, 23.0863485, 23.086935, 1]","[247.999995, 114.000045, 117.00012, 1]",
baseline,dark,Alert,,error,solid,description,/__functional-colors,accented,idle,0,pass,5.6953473468139215,"[45.571929749999995, 32.17771815, 32.478253499999994, 1]","[247.999995, 114.000045, 117.00012, 1]",
baseline,dark,Badge,,error,outline,base,/__functional-colors,accented,idle,0,pass,5.303233109174645,"[247.999995, 114.000045, 117.00012, 1]","[40.99992, 40.99992, 40.99992, 1]",
baseline,dark,Alert,,error,outline,title,/__functional-colors,accented,idle,0,pass,5.303233109174645,"[247.999995, 114.000045, 117.00012, 1]","[40.99992, 40.99992, 40.99992, 1]",
baseline,dark,Alert,,error,outline,description,/__functional-colors,accented,idle,0,pass,4.564734932548682,"[227.29998750000001, 106.7000325, 109.4001, 1]","[40.99992, 40.99992, 40.99992, 1]",
baseline,dark,Badge,,error,soft,base,/__functional-colors,accented,idle,0,pass,4.572187817715733,"[247.999995, 114.000045, 117.00012, 1]","[61.6999275, 48.299907000000005, 48.599914500000004, 1]",
baseline,dark,Alert,,error,soft,title,/__functional-colors,accented,idle,0,pass,4.572187817715733,"[247.999995, 114.000045, 117.00012, 1]","[61.6999275, 48.299907000000005, 48.599914500000004, 1]",
baseline,dark,Alert,,error,soft,description,/__functional-colors,accented,idle,0,fail,3.9961834838561403,"[229.36998825000003, 107.4300312, 110.16009944999999, 1]","[61.6999275, 48.299907000000005, 48.599914500000004, 1]",
baseline,dark,Badge,,error,subtle,base,/__functional-colors,accented,idle,0,pass,4.572187817715733,"[247.999995, 114.000045, 117.00012, 1]","[61.6999275, 48.299907000000005, 48.599914500000004, 1]",
baseline,dark,Alert,,error,subtle,title,/__functional-colors,accented,idle,0,pass,4.572187817715733,"[247.999995, 114.000045, 117.00012, 1]","[61.6999275, 48.299907000000005, 48.599914500000004, 1]",
baseline,dark,Alert,,error,subtle,description,/__functional-colors,accented,idle,0,fail,3.9961834838561403,"[229.36998825000003, 107.4300312, 110.16009944999999, 1]","[61.6999275, 48.299907000000005, 48.599914500000004, 1]",
baseline,dark,Button,,error,solid,base/label,/__functional-colors,accented,idle,0,pass,6.529928466029159,"[23.079922500000002, 23.0863485, 23.086935, 1]","[247.999995, 114.000045, 117.00012, 1]",
baseline,dark,Button,,error,solid,base/label,/__functional-colors,accented,hover,0,fail,4.430798802609946,"[23.079922500000002, 23.0863485, 23.086935, 1]","[196.24997625, 95.7498225, 97.99987875, 1]",
baseline,dark,Button,,error,solid,base/label,/__functional-colors,accented,active+hover,0,fail,4.430798802609946,"[23.079922500000002, 23.0863485, 23.086935, 1]","[196.24997625, 95.7498225, 97.99987875, 1]",
baseline,dark,Button,,error,solid,base/label,/__functional-colors,accented,keyboard-focus,0,pass,6.529928466029159,"[23.079922500000002, 23.0863485, 23.086935, 1]","[247.999995, 114.000045, 117.00012, 1]",
baseline,dark,Button,,error,solid,base/label,/__functional-colors,accented,keyboard-active+focus,0,fail,4.430798802609946,"[23.079922500000002, 23.0863485, 23.086935, 1]","[196.24997625, 95.7498225, 97.99987875, 1]",
baseline,dark,Button,,error,solid,base/label,/__functional-colors,accented,focus+hover,0,fail,4.430798802609946,"[23.079922500000002, 23.0863485, 23.086935, 1]","[196.24997625, 95.7498225, 97.99987875, 1]",
baseline,dark,Button,,error,link,base/label,/__functional-colors,accented,idle,0,pass,5.303233109174645,"[247.999995, 114.000045, 117.00012, 1]","[40.99992, 40.99992, 40.99992, 1]",
baseline,dark,Button,,error,link,base/label,/__functional-colors,accented,hover,0,fail,3.598440477921693,"[196.24997625, 95.7498225, 97.99987875, 1]","[40.99992, 40.99992, 40.99992, 1]",
baseline,dark,Button,,error,link,base/label,/__functional-colors,accented,active+hover,0,fail,3.598440477921693,"[196.24997625, 95.7498225, 97.99987875, 1]","[40.99992, 40.99992, 40.99992, 1]",
baseline,dark,Button,,error,link,base/label,/__functional-colors,accented,keyboard-focus,0,pass,5.303233109174645,"[247.999995, 114.000045, 117.00012, 1]","[40.99992, 40.99992, 40.99992, 1]",
baseline,dark,Button,,error,link,base/label,/__functional-colors,accented,keyboard-active+focus,0,fail,3.598440477921693,"[196.24997625, 95.7498225, 97.99987875, 1]","[40.99992, 40.99992, 40.99992, 1]",
baseline,dark,Button,,error,link,base/label,/__functional-colors,accented,focus+hover,0,fail,3.598440477921693,"[196.24997625, 95.7498225, 97.99987875, 1]","[40.99992, 40.99992, 40.99992, 1]",
baseline,dark,FormField,,error,,error,,accented,visible,0,pass,5.303233109174645,"[247.999995, 114.000045, 117.00012, 1]","[40.99992, 40.99992, 40.99992, 1]",
baseline,dark,API fixture,F1,,,,,accented,idle,0,pass,5.303233109174645,"[247.999995, 114.000045, 117.00012, 1]","[40.99992, 40.99992, 40.99992, 1]",
baseline,dark,API fixture,F2,,,,,accented,idle,0,pass,8.101310025316701,"[244.000065, 182.999985, 63.9999, 1]","[40.99992, 40.99992, 40.99992, 1]",
baseline,dark,API fixture,F5-field-caveat,,,,,accented,idle,0,pass,6.547852437480224,"[244.000065, 182.999985, 63.9999, 1]","[61.299909, 55.199926500000004, 43.299969000000004, 1]",
baseline,dark,API fixture,F5-field-caveat,,,,,accented,idle,1,pass,4.551121906832344,"[161.000115, 161.000115, 161.000115, 1]","[61.299909, 55.199926500000004, 43.299969000000004, 1]",
baseline,dark,API fixture,value-caveat,,,,,accented,idle,0,pass,6.547852437480224,"[244.000065, 182.999985, 63.9999, 1]","[61.299909, 55.199926500000004, 43.299969000000004, 1]",
baseline,dark,API fixture,value-caveat,,,,,accented,idle,1,pass,4.551121906832344,"[161.000115, 161.000115, 161.000115, 1]","[61.299909, 55.199926500000004, 43.299969000000004, 1]",
baseline,dark,ResponseExample,,,,status/statusText,,accented,single status visible,0,pass,7.9054395961421475,"[107.999895, 218.00001, 117.00012, 1]","[36.0000534, 47.0000649, 36.9000759, 1]",
baseline,dark,ResponseExample,,,,status/statusText,,accented,single status visible,1,pass,7.9054395961421475,"[107.999895, 218.00001, 117.00012, 1]","[36.0000534, 47.0000649, 36.9000759, 1]",
baseline,dark,ResponseExample,,,,status/statusText,,accented,single status visible,2,pass,6.095653619441885,"[82.000095, 174.000015, 255, 1]","[33.4000989, 42.6000654, 50.700063899999996, 1]",
baseline,dark,ResponseExample,,,,status/statusText,,accented,single status visible,3,pass,6.095653619441885,"[82.000095, 174.000015, 255, 1]","[33.4000989, 42.6000654, 50.700063899999996, 1]",
baseline,dark,ResponseExample,,,,status/statusText,,accented,single status visible,4,pass,7.760385422077901,"[244.000065, 182.999985, 63.9999, 1]","[49.6000449, 43.5000624, 31.600104899999998, 1]",
baseline,dark,ResponseExample,,,,status/statusText,,accented,single status visible,5,pass,7.760385422077901,"[244.000065, 182.999985, 63.9999, 1]","[49.6000449, 43.5000624, 31.600104899999998, 1]",
baseline,dark,ResponseExample,,,,status/statusText,,accented,single status visible,6,pass,5.383753158172216,"[247.999995, 114.000045, 117.00012, 1]","[50.0000634, 36.6000429, 36.9000504, 1]",
baseline,dark,ResponseExample,,,,status/statusText,,accented,single status visible,7,pass,5.383753158172216,"[247.999995, 114.000045, 117.00012, 1]","[50.0000634, 36.6000429, 36.9000504, 1]",
baseline,dark,LifecycleNotice,,,,,,accented,idle,0,pass,6.547852437480224,"[244.000065, 182.999985, 63.9999, 1]","[61.299909, 55.199926500000004, 43.299969000000004, 1]",
baseline,dark,LifecycleNotice,,,,,,accented,idle,1,pass,5.633366773788774,"[225.7300494, 170.21997915000003, 61.9299069, 1]","[61.299909, 55.199926500000004, 43.299969000000004, 1]",
baseline,dark,LifecycleNotice,,,,,,accented,idle,2,pass,6.670867594290186,"[107.999895, 218.00001, 117.00012, 1]","[47.699917500000005, 58.699929000000004, 48.599940000000004, 1]",
baseline,dark,LifecycleNotice,,,,,,accented,idle,3,pass,5.732140655392523,"[101.96989725, 202.0700019, 110.160102, 1]","[47.699917500000005, 58.699929000000004, 48.599940000000004, 1]",
baseline,dark,LifecycleNotice,,,,,,accented,idle,4,pass,6.547852437480224,"[244.000065, 182.999985, 63.9999, 1]","[61.299909, 55.199926500000004, 43.299969000000004, 1]",
baseline,dark,LifecycleNotice,,,,,,accented,idle,5,pass,5.633366773788774,"[225.7300494, 170.21997915000003, 61.9299069, 1]","[61.299909, 55.199926500000004, 43.299969000000004, 1]",
baseline,dark,LifecycleNotice,,,,,,accented,idle,6,pass,15.52290896091668,"[255, 255, 255, 1]","[36.0000075, 36.0000075, 36.0000075, 1]",
baseline,dark,LifecycleNotice,,,,,,accented,idle,7,pass,12.797359293406371,"[233.10000075, 233.10000075, 233.10000075, 1]","[36.0000075, 36.0000075, 36.0000075, 1]",
baseline,dark,LifecycleNotice,,,,,,accented,idle,8,pass,4.572187817715733,"[247.999995, 114.000045, 117.00012, 1]","[61.6999275, 48.299907000000005, 48.599914500000004, 1]",
baseline,dark,LifecycleNotice,,,,,,accented,idle,9,fail,3.9961834838561403,"[229.36998825000003, 107.4300312, 110.16009944999999, 1]","[61.6999275, 48.299907000000005, 48.599914500000004, 1]",
baseline,dark,FieldAnnotation,,,,required,,portal own bg-default,open,0,pass,7.216980674443314,"[247.999995, 114.000045, 117.00012, 1]","[10.0000035, 10.0000035, 10.0000035, 1]",
baseline,dark,FieldAnnotation,,,,conditional,,portal own bg-default,open,0,pass,11.024783690770832,"[244.000065, 182.999985, 63.9999, 1]","[10.0000035, 10.0000035, 10.0000035, 1]",
baseline,dark,FormField,,error,,required ::after,,default,,,unverified,,,,Existing measure has no generated-content glyph geometry; computed pseudo retained without claiming ratio.
baseline,dark,FormField required+error,,,,error,,default,required marker present,0,unresolved,,,,"Error: locator.evaluate: Error: unresolved: unmodeled ::after on LABEL
    at fail (eval at evaluate (:311:30), <anonymous>:152:13)
    at supportedPseudos (eval at evaluate (:311:30), <anonymous>:395:475)
    at eval (eval at evaluate (:311:30), <anonymous>:493:13)
    at UtilityScript.evaluate (<anonymous>:313:16)
    at UtilityScript.<anonymous> (<anonymous>:1:44)"
baseline,dark,FormField,,error,,required ::after,,muted,,,unverified,,,,Existing measure has no generated-content glyph geometry; computed pseudo retained without claiming ratio.
baseline,dark,FormField required+error,,,,error,,muted,required marker present,0,unresolved,,,,"Error: locator.evaluate: Error: unresolved: unmodeled ::after on LABEL
    at fail (eval at evaluate (:311:30), <anonymous>:152:13)
    at supportedPseudos (eval at evaluate (:311:30), <anonymous>:395:475)
    at eval (eval at evaluate (:311:30), <anonymous>:493:13)
    at UtilityScript.evaluate (<anonymous>:313:16)
    at UtilityScript.<anonymous> (<anonymous>:1:44)"
baseline,dark,FormField,,error,,required ::after,,elevated,,,unverified,,,,Existing measure has no generated-content glyph geometry; computed pseudo retained without claiming ratio.
baseline,dark,FormField required+error,,,,error,,elevated,required marker present,0,unresolved,,,,"Error: locator.evaluate: Error: unresolved: unmodeled ::after on LABEL
    at fail (eval at evaluate (:311:30), <anonymous>:152:13)
    at supportedPseudos (eval at evaluate (:311:30), <anonymous>:395:475)
    at eval (eval at evaluate (:311:30), <anonymous>:493:13)
    at UtilityScript.evaluate (<anonymous>:313:16)
    at UtilityScript.<anonymous> (<anonymous>:1:44)"
baseline,dark,FormField,,error,,required ::after,,accented,,,unverified,,,,Existing measure has no generated-content glyph geometry; computed pseudo retained without claiming ratio.
baseline,dark,FormField required+error,,,,error,,accented,required marker present,0,unresolved,,,,"Error: locator.evaluate: Error: unresolved: unmodeled ::after on LABEL
    at fail (eval at evaluate (:311:30), <anonymous>:152:13)
    at supportedPseudos (eval at evaluate (:311:30), <anonymous>:395:475)
    at eval (eval at evaluate (:311:30), <anonymous>:493:13)
    at UtilityScript.evaluate (<anonymous>:313:16)
    at UtilityScript.<anonymous> (<anonymous>:1:44)"
baseline,dark,,F1,error,,,/kits/api-docs,actual page layers,visible idle,0,pass,7.216980674443314,"[247.999995, 114.000045, 117.00012, 1]","[10.0000035, 10.0000035, 10.0000035, 1]",
baseline,dark,,F1,error,,,/kits/api-docs,actual page layers,visible idle,1,pass,7.216980674443314,"[247.999995, 114.000045, 117.00012, 1]","[10.0000035, 10.0000035, 10.0000035, 1]",
baseline,dark,,F1,error,,,/kits/api-docs,actual page layers,visible idle,2,pass,7.216980674443314,"[247.999995, 114.000045, 117.00012, 1]","[10.0000035, 10.0000035, 10.0000035, 1]",
baseline,dark,,F2,warning,,,/kits/api-docs,actual page layers,visible idle,0,pass,11.024783690770832,"[244.000065, 182.999985, 63.9999, 1]","[10.0000035, 10.0000035, 10.0000035, 1]",
baseline,dark,,F2,warning,,,/kits/api-docs,actual page layers,visible idle,1,pass,11.024783690770832,"[244.000065, 182.999985, 63.9999, 1]","[10.0000035, 10.0000035, 10.0000035, 1]",
baseline,dark,,F2,warning,,,/kits/api-docs,actual page layers,visible idle,2,pass,11.024783690770832,"[244.000065, 182.999985, 63.9999, 1]","[10.0000035, 10.0000035, 10.0000035, 1]",
baseline,dark,,F3,info,,,/kits/api-docs,actual page layers,visible idle,0,pass,7.385846572542687,"[82.000095, 174.000015, 255, 1]","[17.20003815, 26.40000465, 34.50000315, 1]",
baseline,dark,,F4,success,,,/kits/api-docs,actual page layers,visible idle,0,pass,9.663333524293087,"[107.999895, 218.00001, 117.00012, 1]","[19.79999265, 30.80000415, 20.70001515, 1]",
baseline,dark,,F4,success,,,/kits/api-docs,actual page layers,visible idle,1,pass,9.663333524293087,"[107.999895, 218.00001, 117.00012, 1]","[19.79999265, 30.80000415, 20.70001515, 1]",
baseline,dark,,F4,success,,,/kits/api-docs,actual page layers,visible idle,2,pass,9.663333524293087,"[107.999895, 218.00001, 117.00012, 1]","[19.79999265, 30.80000415, 20.70001515, 1]",
baseline,dark,,F4,success,,,/kits/api-docs,actual page layers,visible idle,3,pass,9.663333524293087,"[107.999895, 218.00001, 117.00012, 1]","[19.79999265, 30.80000415, 20.70001515, 1]",
baseline,dark,,F4,success,,,/kits/api-docs,actual page layers,visible idle,4,pass,9.663333524293087,"[107.999895, 218.00001, 117.00012, 1]","[19.79999265, 30.80000415, 20.70001515, 1]",
baseline,dark,,F4,success,,,/kits/api-docs,actual page layers,visible idle,5,pass,9.663333524293087,"[107.999895, 218.00001, 117.00012, 1]","[19.79999265, 30.80000415, 20.70001515, 1]",
baseline,dark,,F4,success,,,/kits/api-docs,actual page layers,visible idle,6,pass,9.663333524293087,"[107.999895, 218.00001, 117.00012, 1]","[19.79999265, 30.80000415, 20.70001515, 1]",
baseline,dark,,F5,warning,,,/kits/api-docs,actual page layers,visible idle,0,pass,9.48682753567006,"[244.000065, 182.999985, 63.9999, 1]","[33.39998415, 27.30000165, 15.40004415, 1]",
baseline,dark,,F5,warning,,,/kits/api-docs,actual page layers,visible idle,1,pass,9.48682753567006,"[244.000065, 182.999985, 63.9999, 1]","[33.39998415, 27.30000165, 15.40004415, 1]",
baseline,dark,,F5,warning,,,/kits/api-docs,actual page layers,visible idle,2,pass,9.48682753567006,"[244.000065, 182.999985, 63.9999, 1]","[33.39998415, 27.30000165, 15.40004415, 1]",
baseline,dark,,F5,warning,,,/kits/api-docs,actual page layers,visible idle,3,pass,9.48682753567006,"[244.000065, 182.999985, 63.9999, 1]","[33.39998415, 27.30000165, 15.40004415, 1]",
baseline,dark,,F5,warning,,,/kits/api-docs,actual page layers,visible idle,4,pass,9.48682753567006,"[244.000065, 182.999985, 63.9999, 1]","[33.39998415, 27.30000165, 15.40004415, 1]",
baseline,dark,,F6,secondary,,,/kits/api-docs,actual page layers,visible idle,0,pass,10.108178889571581,"[68.99994, 221.99994, 196.999995, 1]","[15.90002265, 31.19999715, 28.700002650000002, 1]",
baseline,dark,,F7,error,,,/kits/api-docs,actual page layers,visible idle,0,pass,6.4826706645512076,"[247.999995, 114.000045, 117.00012, 1]","[33.80000265, 20.39998215, 20.69998965, 1]",
baseline,dark,,F8,error,,,/kits/api-docs,actual page layers,visible idle,0,pass,6.529928466029159,"[23.079922500000002, 23.0863485, 23.086935, 1]","[247.999995, 114.000045, 117.00012, 1]",
baseline,dark,,F9,success,,,/kits/api-docs,actual page layers,visible idle,0,pass,7.9054395961421475,"[107.999895, 218.00001, 117.00012, 1]","[36.0000534, 47.0000649, 36.9000759, 1]",
baseline,dark,,F9,success,,,/kits/api-docs,actual page layers,visible idle,1,pass,7.9054395961421475,"[107.999895, 218.00001, 117.00012, 1]","[36.0000534, 47.0000649, 36.9000759, 1]",
baseline,dark,,F9,success,,,/kits/api-docs,actual page layers,visible idle,2,pass,7.9054395961421475,"[107.999895, 218.00001, 117.00012, 1]","[36.0000534, 47.0000649, 36.9000759, 1]",
baseline,dark,,response-statusText,,,,/kits/api-docs,actual page layers,visible idle,0,pass,7.9054395961421475,"[107.999895, 218.00001, 117.00012, 1]","[36.0000534, 47.0000649, 36.9000759, 1]",
baseline,dark,,response-statusText,,,,/kits/api-docs,actual page layers,visible idle,1,pass,7.9054395961421475,"[107.999895, 218.00001, 117.00012, 1]","[36.0000534, 47.0000649, 36.9000759, 1]",
baseline,dark,,actual-page-alert,,,,/kits/api-docs,actual page layers,visible idle,0,pass,18.342311589864977,"[255, 255, 255, 1]","[20.50004925, 20.50004925, 20.50004925, 1]",
baseline,dark,,actual-page-alert,,,,/kits/api-docs,actual page layers,visible idle,1,pass,14.90818494089761,"[231.550004925, 231.550004925, 231.550004925, 1]","[20.50004925, 20.50004925, 20.50004925, 1]",
baseline,dark,,F1,error,,,/kits/api-docs/endpoint-reference,actual page layers,visible idle,0,pass,7.216980674443314,"[247.999995, 114.000045, 117.00012, 1]","[10.0000035, 10.0000035, 10.0000035, 1]",
baseline,dark,,F1,error,,,/kits/api-docs/endpoint-reference,actual page layers,visible idle,1,pass,7.216980674443314,"[247.999995, 114.000045, 117.00012, 1]","[10.0000035, 10.0000035, 10.0000035, 1]",
baseline,dark,,F1,error,,,/kits/api-docs/endpoint-reference,actual page layers,visible idle,2,pass,7.216980674443314,"[247.999995, 114.000045, 117.00012, 1]","[10.0000035, 10.0000035, 10.0000035, 1]",
baseline,dark,,F1,error,,,/kits/api-docs/endpoint-reference,actual page layers,visible idle,3,pass,7.216980674443314,"[247.999995, 114.000045, 117.00012, 1]","[10.0000035, 10.0000035, 10.0000035, 1]",
baseline,dark,,F1,error,,,/kits/api-docs/endpoint-reference,actual page layers,visible idle,4,pass,7.216980674443314,"[247.999995, 114.000045, 117.00012, 1]","[10.0000035, 10.0000035, 10.0000035, 1]",
baseline,dark,,F1,error,,,/kits/api-docs/endpoint-reference,actual page layers,visible idle,5,pass,7.216980674443314,"[247.999995, 114.000045, 117.00012, 1]","[10.0000035, 10.0000035, 10.0000035, 1]",
baseline,dark,,F1,error,,,/kits/api-docs/endpoint-reference,actual page layers,visible idle,6,pass,7.216980674443314,"[247.999995, 114.000045, 117.00012, 1]","[10.0000035, 10.0000035, 10.0000035, 1]",
baseline,dark,,F1,error,,,/kits/api-docs/endpoint-reference,actual page layers,visible idle,7,pass,7.216980674443314,"[247.999995, 114.000045, 117.00012, 1]","[10.0000035, 10.0000035, 10.0000035, 1]",
baseline,dark,,F1,error,,,/kits/api-docs/endpoint-reference,actual page layers,visible idle,8,pass,7.216980674443314,"[247.999995, 114.000045, 117.00012, 1]","[10.0000035, 10.0000035, 10.0000035, 1]",
baseline,dark,,F2,warning,,,/kits/api-docs/endpoint-reference,actual page layers,visible idle,0,pass,11.024783690770832,"[244.000065, 182.999985, 63.9999, 1]","[10.0000035, 10.0000035, 10.0000035, 1]",
baseline,dark,,F2,warning,,,/kits/api-docs/endpoint-reference,actual page layers,visible idle,1,pass,11.024783690770832,"[244.000065, 182.999985, 63.9999, 1]","[10.0000035, 10.0000035, 10.0000035, 1]",
baseline,dark,,F3,info,,,/kits/api-docs/endpoint-reference,actual page layers,visible idle,0,pass,7.385846572542687,"[82.000095, 174.000015, 255, 1]","[17.20003815, 26.40000465, 34.50000315, 1]",
baseline,dark,,F3,info,,,/kits/api-docs/endpoint-reference,actual page layers,visible idle,1,pass,7.385846572542687,"[82.000095, 174.000015, 255, 1]","[17.20003815, 26.40000465, 34.50000315, 1]",
baseline,dark,,F4,success,,,/kits/api-docs/endpoint-reference,actual page layers,visible idle,0,pass,9.663333524293087,"[107.999895, 218.00001, 117.00012, 1]","[19.79999265, 30.80000415, 20.70001515, 1]",
baseline,dark,,F4,success,,,/kits/api-docs/endpoint-reference,actual page layers,visible idle,1,pass,9.663333524293087,"[107.999895, 218.00001, 117.00012, 1]","[19.79999265, 30.80000415, 20.70001515, 1]",
baseline,dark,,F5,warning,,,/kits/api-docs/endpoint-reference,actual page layers,visible idle,0,pass,9.48682753567006,"[244.000065, 182.999985, 63.9999, 1]","[33.39998415, 27.30000165, 15.40004415, 1]",
baseline,dark,,F5-field-caveat,warning,,,/kits/api-docs/endpoint-reference,actual page layers,visible idle,0,pass,9.48682753567006,"[244.000065, 182.999985, 63.9999, 1]","[33.39998415, 27.30000165, 15.40004415, 1]",
baseline,dark,,F5-field-caveat,warning,,,/kits/api-docs/endpoint-reference,actual page layers,visible idle,1,pass,6.593873187610103,"[161.000115, 161.000115, 161.000115, 1]","[33.39998415, 27.30000165, 15.40004415, 1]",
baseline,dark,,F9,success,,,/kits/api-docs/endpoint-reference,actual page layers,visible idle,0,pass,7.9054395961421475,"[107.999895, 218.00001, 117.00012, 1]","[36.0000534, 47.0000649, 36.9000759, 1]",
baseline,dark,,F1,error,,,/kits/api-docs/webhook-reference,actual page layers,visible idle,0,pass,7.216980674443314,"[247.999995, 114.000045, 117.00012, 1]","[10.0000035, 10.0000035, 10.0000035, 1]",
baseline,dark,,F1,error,,,/kits/api-docs/webhook-reference,actual page layers,visible idle,1,pass,7.216980674443314,"[247.999995, 114.000045, 117.00012, 1]","[10.0000035, 10.0000035, 10.0000035, 1]",
baseline,dark,,F1,error,,,/kits/api-docs/webhook-reference,actual page layers,visible idle,2,pass,7.216980674443314,"[247.999995, 114.000045, 117.00012, 1]","[10.0000035, 10.0000035, 10.0000035, 1]",
baseline,dark,,F1,error,,,/kits/api-docs/webhook-reference,actual page layers,visible idle,3,pass,7.216980674443314,"[247.999995, 114.000045, 117.00012, 1]","[10.0000035, 10.0000035, 10.0000035, 1]",
baseline,dark,,F1,error,,,/kits/api-docs/webhook-reference,actual page layers,visible idle,4,pass,7.216980674443314,"[247.999995, 114.000045, 117.00012, 1]","[10.0000035, 10.0000035, 10.0000035, 1]",
baseline,dark,,F1,error,,,/kits/api-docs/webhook-reference,actual page layers,visible idle,5,pass,7.216980674443314,"[247.999995, 114.000045, 117.00012, 1]","[10.0000035, 10.0000035, 10.0000035, 1]",
baseline,dark,,F1,error,,,/kits/api-docs/webhook-reference,actual page layers,visible idle,6,pass,7.216980674443314,"[247.999995, 114.000045, 117.00012, 1]","[10.0000035, 10.0000035, 10.0000035, 1]",
baseline,dark,,F1,error,,,/kits/api-docs/webhook-reference,actual page layers,visible idle,7,pass,7.216980674443314,"[247.999995, 114.000045, 117.00012, 1]","[10.0000035, 10.0000035, 10.0000035, 1]",
baseline,dark,,F1,error,,,/kits/api-docs/webhook-reference,actual page layers,visible idle,8,pass,7.216980674443314,"[247.999995, 114.000045, 117.00012, 1]","[10.0000035, 10.0000035, 10.0000035, 1]",
baseline,dark,,F9,success,,,/kits/api-docs/webhook-reference,actual page layers,visible idle,,unverified,,,,required selector matched zero nodes
recommended,light,semantic text,,primary,,text,/__functional-colors,default,idle,0,pass,7.121203584676938,"[107.00004, 47.999925000000005, 207.00007499999998, 1]","[255, 255, 255, 1]",
recommended,light,Badge,,primary,solid,base,/__functional-colors,default,idle,0,pass,7.121203584676938,"[255, 255, 255, 1]","[107.00004, 47.999925000000005, 207.00007499999998, 1]",
recommended,light,Alert,,primary,solid,title,/__functional-colors,default,idle,0,pass,7.121203584676938,"[255, 255, 255, 1]","[107.00004, 47.999925000000005, 207.00007499999998, 1]",
recommended,light,Alert,,primary,solid,description,/__functional-colors,default,idle,0,pass,7.121203584676938,"[255, 255, 255, 1]","[107.00004, 47.999925000000005, 207.00007499999998, 1]",
recommended,light,Badge,,primary,outline,base,/__functional-colors,default,idle,0,pass,7.121203584676938,"[107.00004, 47.999925000000005, 207.00007499999998, 1]","[255, 255, 255, 1]",
recommended,light,Alert,,primary,outline,title,/__functional-colors,default,idle,0,pass,7.121203584676938,"[107.00004, 47.999925000000005, 207.00007499999998, 1]","[255, 255, 255, 1]",
recommended,light,Alert,,primary,outline,description,/__functional-colors,default,idle,0,pass,7.121203584676938,"[107.00004, 47.999925000000005, 207.00007499999998, 1]","[255, 255, 255, 1]",
recommended,light,Badge,,primary,soft,base,/__functional-colors,default,idle,0,pass,6.069406917846665,"[107.00004, 47.999925000000005, 207.00007499999998, 1]","[240.200004, 234.2999925, 250.2000075, 1]",
recommended,light,Alert,,primary,soft,title,/__functional-colors,default,idle,0,pass,6.069406917846665,"[107.00004, 47.999925000000005, 207.00007499999998, 1]","[240.200004, 234.2999925, 250.2000075, 1]",
recommended,light,Alert,,primary,soft,description,/__functional-colors,default,idle,0,pass,6.069406917846665,"[107.00004, 47.999925000000005, 207.00007499999998, 1]","[240.200004, 234.2999925, 250.2000075, 1]",
recommended,light,Badge,,primary,subtle,base,/__functional-colors,default,idle,0,pass,6.069406917846665,"[107.00004, 47.999925000000005, 207.00007499999998, 1]","[240.200004, 234.2999925, 250.2000075, 1]",
recommended,light,Alert,,primary,subtle,title,/__functional-colors,default,idle,0,pass,6.069406917846665,"[107.00004, 47.999925000000005, 207.00007499999998, 1]","[240.200004, 234.2999925, 250.2000075, 1]",
recommended,light,Alert,,primary,subtle,description,/__functional-colors,default,idle,0,pass,6.069406917846665,"[107.00004, 47.999925000000005, 207.00007499999998, 1]","[240.200004, 234.2999925, 250.2000075, 1]",
recommended,light,Button,,primary,solid,base/label,/__functional-colors,default,idle,0,pass,7.121203584676938,"[255, 255, 255, 1]","[107.00004, 47.999925000000005, 207.00007499999998, 1]",
recommended,light,Button,,primary,solid,base/label,/__functional-colors,default,hover,0,pass,8.20095964623415,"[255, 255, 255, 1]","[96.299985, 43.20006, 186.29994, 1]",
recommended,light,Button,,primary,solid,base/label,/__functional-colors,default,active+hover,0,pass,9.450985594228746,"[255, 255, 255, 1]","[85.59993, 38.39994, 165.60005999999998, 1]",
recommended,light,Button,,primary,solid,base/label,/__functional-colors,default,keyboard-focus,0,pass,7.121203584676938,"[255, 255, 255, 1]","[107.00004, 47.999925000000005, 207.00007499999998, 1]",
recommended,light,Button,,primary,solid,base/label,/__functional-colors,default,keyboard-active+focus,0,pass,9.450985594228746,"[255, 255, 255, 1]","[85.59993, 38.39994, 165.60005999999998, 1]",
recommended,light,Button,,primary,solid,base/label,/__functional-colors,default,focus+hover,0,pass,8.20095964623415,"[255, 255, 255, 1]","[96.299985, 43.20006, 186.29994, 1]",
recommended,light,Button,,primary,link,base/label,/__functional-colors,default,idle,0,pass,7.121203584676938,"[107.00004, 47.999925000000005, 207.00007499999998, 1]","[255, 255, 255, 1]",
recommended,light,Button,,primary,link,base/label,/__functional-colors,default,hover,0,pass,7.121203584676938,"[107.00004, 47.999925000000005, 207.00007499999998, 1]","[255, 255, 255, 1]",
recommended,light,Button,,primary,link,base/label,/__functional-colors,default,active+hover,0,pass,7.121203584676938,"[107.00004, 47.999925000000005, 207.00007499999998, 1]","[255, 255, 255, 1]",
recommended,light,Button,,primary,link,base/label,/__functional-colors,default,keyboard-focus,0,pass,7.121203584676938,"[107.00004, 47.999925000000005, 207.00007499999998, 1]","[255, 255, 255, 1]",
recommended,light,Button,,primary,link,base/label,/__functional-colors,default,keyboard-active+focus,0,pass,7.121203584676938,"[107.00004, 47.999925000000005, 207.00007499999998, 1]","[255, 255, 255, 1]",
recommended,light,Button,,primary,link,base/label,/__functional-colors,default,focus+hover,0,pass,7.121203584676938,"[107.00004, 47.999925000000005, 207.00007499999998, 1]","[255, 255, 255, 1]",
recommended,light,semantic text,,secondary,,text,/__functional-colors,default,idle,0,pass,6.583058146676685,"[5.999997, 105.000075, 93.99988499999999, 1]","[255, 255, 255, 1]",
recommended,light,Badge,,secondary,solid,base,/__functional-colors,default,idle,0,pass,6.583058146676685,"[255, 255, 255, 1]","[5.999997, 105.000075, 93.99988499999999, 1]",
recommended,light,Alert,,secondary,solid,title,/__functional-colors,default,idle,0,pass,6.583058146676685,"[255, 255, 255, 1]","[5.999997, 105.000075, 93.99988499999999, 1]",
recommended,light,Alert,,secondary,solid,description,/__functional-colors,default,idle,0,pass,6.583058146676685,"[255, 255, 255, 1]","[5.999997, 105.000075, 93.99988499999999, 1]",
recommended,light,Badge,,secondary,outline,base,/__functional-colors,default,idle,0,pass,6.583058146676685,"[5.999997, 105.000075, 93.99988499999999, 1]","[255, 255, 255, 1]",
recommended,light,Alert,,secondary,outline,title,/__functional-colors,default,idle,0,pass,6.583058146676685,"[5.999997, 105.000075, 93.99988499999999, 1]","[255, 255, 255, 1]",
recommended,light,Alert,,secondary,outline,description,/__functional-colors,default,idle,0,pass,6.583058146676685,"[5.999997, 105.000075, 93.99988499999999, 1]","[255, 255, 255, 1]",
recommended,light,Badge,,secondary,soft,base,/__functional-colors,default,idle,0,pass,5.666809152561764,"[5.999997, 105.000075, 93.99988499999999, 1]","[230.100015, 239.999982, 238.8999885, 1]",
recommended,light,Alert,,secondary,soft,title,/__functional-colors,default,idle,0,pass,5.666809152561764,"[5.999997, 105.000075, 93.99988499999999, 1]","[230.100015, 239.999982, 238.8999885, 1]",
recommended,light,Alert,,secondary,soft,description,/__functional-colors,default,idle,0,pass,5.666809152561764,"[5.999997, 105.000075, 93.99988499999999, 1]","[230.100015, 239.999982, 238.8999885, 1]",
recommended,light,Badge,,secondary,subtle,base,/__functional-colors,default,idle,0,pass,5.666809152561764,"[5.999997, 105.000075, 93.99988499999999, 1]","[230.100015, 239.999982, 238.8999885, 1]",
recommended,light,Alert,,secondary,subtle,title,/__functional-colors,default,idle,0,pass,5.666809152561764,"[5.999997, 105.000075, 93.99988499999999, 1]","[230.100015, 239.999982, 238.8999885, 1]",
recommended,light,Alert,,secondary,subtle,description,/__functional-colors,default,idle,0,pass,5.666809152561764,"[5.999997, 105.000075, 93.99988499999999, 1]","[230.100015, 239.999982, 238.8999885, 1]",
recommended,light,Button,,secondary,solid,base/label,/__functional-colors,default,idle,0,pass,6.583058146676685,"[255, 255, 255, 1]","[5.999997, 105.000075, 93.99988499999999, 1]",
recommended,light,Button,,secondary,solid,base/label,/__functional-colors,default,hover,0,pass,7.620293273853335,"[255, 255, 255, 1]","[5.4000075, 94.49994, 84.60007499999999, 1]",
recommended,light,Button,,secondary,solid,base/label,/__functional-colors,default,active+hover,0,pass,8.836617659503887,"[255, 255, 255, 1]","[4.7999925, 84.00005999999999, 75.20001, 1]",
recommended,light,Button,,secondary,solid,base/label,/__functional-colors,default,keyboard-focus,0,pass,6.583058146676685,"[255, 255, 255, 1]","[5.999997, 105.000075, 93.99988499999999, 1]",
recommended,light,Button,,secondary,solid,base/label,/__functional-colors,default,keyboard-active+focus,0,pass,8.836617659503887,"[255, 255, 255, 1]","[4.7999925, 84.00005999999999, 75.20001, 1]",
recommended,light,Button,,secondary,solid,base/label,/__functional-colors,default,focus+hover,0,pass,7.620293273853335,"[255, 255, 255, 1]","[5.4000075, 94.49994, 84.60007499999999, 1]",
recommended,light,Button,,secondary,link,base/label,/__functional-colors,default,idle,0,pass,6.583058146676685,"[5.999997, 105.000075, 93.99988499999999, 1]","[255, 255, 255, 1]",
recommended,light,Button,,secondary,link,base/label,/__functional-colors,default,hover,0,pass,6.583058146676685,"[5.999997, 105.000075, 93.99988499999999, 1]","[255, 255, 255, 1]",
recommended,light,Button,,secondary,link,base/label,/__functional-colors,default,active+hover,0,pass,6.583058146676685,"[5.999997, 105.000075, 93.99988499999999, 1]","[255, 255, 255, 1]",
recommended,light,Button,,secondary,link,base/label,/__functional-colors,default,keyboard-focus,0,pass,6.583058146676685,"[5.999997, 105.000075, 93.99988499999999, 1]","[255, 255, 255, 1]",
recommended,light,Button,,secondary,link,base/label,/__functional-colors,default,keyboard-active+focus,0,pass,6.583058146676685,"[5.999997, 105.000075, 93.99988499999999, 1]","[255, 255, 255, 1]",
recommended,light,Button,,secondary,link,base/label,/__functional-colors,default,focus+hover,0,pass,6.583058146676685,"[5.999997, 105.000075, 93.99988499999999, 1]","[255, 255, 255, 1]",
recommended,light,semantic text,,success,,text,/__functional-colors,default,idle,0,pass,6.598209505797759,"[35.99988, 105.99993, 49.99989, 1]","[255, 255, 255, 1]",
recommended,light,Badge,,success,solid,base,/__functional-colors,default,idle,0,pass,6.598209505797759,"[255, 255, 255, 1]","[35.99988, 105.99993, 49.99989, 1]",
recommended,light,Alert,,success,solid,title,/__functional-colors,default,idle,0,pass,6.598209505797759,"[255, 255, 255, 1]","[35.99988, 105.99993, 49.99989, 1]",
recommended,light,Alert,,success,solid,description,/__functional-colors,default,idle,0,pass,6.598209505797759,"[255, 255, 255, 1]","[35.99988, 105.99993, 49.99989, 1]",
recommended,light,Badge,,success,outline,base,/__functional-colors,default,idle,0,pass,6.598209505797759,"[35.99988, 105.99993, 49.99989, 1]","[255, 255, 255, 1]",
recommended,light,Alert,,success,outline,title,/__functional-colors,default,idle,0,pass,6.598209505797759,"[35.99988, 105.99993, 49.99989, 1]","[255, 255, 255, 1]",
recommended,light,Alert,,success,outline,description,/__functional-colors,default,idle,0,pass,6.598209505797759,"[35.99988, 105.99993, 49.99989, 1]","[255, 255, 255, 1]",
recommended,light,Badge,,success,soft,base,/__functional-colors,default,idle,0,pass,5.6988948297528665,"[35.99988, 105.99993, 49.99989, 1]","[233.1000135, 240.099993, 234.499989, 1]",
recommended,light,Alert,,success,soft,title,/__functional-colors,default,idle,0,pass,5.6988948297528665,"[35.99988, 105.99993, 49.99989, 1]","[233.1000135, 240.099993, 234.499989, 1]",
recommended,light,Alert,,success,soft,description,/__functional-colors,default,idle,0,pass,5.6988948297528665,"[35.99988, 105.99993, 49.99989, 1]","[233.1000135, 240.099993, 234.499989, 1]",
recommended,light,Badge,,success,subtle,base,/__functional-colors,default,idle,0,pass,5.6988948297528665,"[35.99988, 105.99993, 49.99989, 1]","[233.1000135, 240.099993, 234.499989, 1]",
recommended,light,Alert,,success,subtle,title,/__functional-colors,default,idle,0,pass,5.6988948297528665,"[35.99988, 105.99993, 49.99989, 1]","[233.1000135, 240.099993, 234.499989, 1]",
recommended,light,Alert,,success,subtle,description,/__functional-colors,default,idle,0,pass,5.6988948297528665,"[35.99988, 105.99993, 49.99989, 1]","[233.1000135, 240.099993, 234.499989, 1]",
recommended,light,Button,,success,solid,base/label,/__functional-colors,default,idle,0,pass,6.598209505797759,"[255, 255, 255, 1]","[35.99988, 105.99993, 49.99989, 1]",
recommended,light,Button,,success,solid,base/label,/__functional-colors,default,hover,0,pass,7.630997421532101,"[255, 255, 255, 1]","[32.400045, 95.40009, 45.000105, 1]",
recommended,light,Button,,success,solid,base/label,/__functional-colors,default,active+hover,0,pass,8.840573607206386,"[255, 255, 255, 1]","[28.799955, 84.799995, 40.000065, 1]",
recommended,light,Button,,success,solid,base/label,/__functional-colors,default,keyboard-focus,0,pass,6.598209505797759,"[255, 255, 255, 1]","[35.99988, 105.99993, 49.99989, 1]",
recommended,light,Button,,success,solid,base/label,/__functional-colors,default,keyboard-active+focus,0,pass,8.840573607206386,"[255, 255, 255, 1]","[28.799955, 84.799995, 40.000065, 1]",
recommended,light,Button,,success,solid,base/label,/__functional-colors,default,focus+hover,0,pass,7.630997421532101,"[255, 255, 255, 1]","[32.400045, 95.40009, 45.000105, 1]",
recommended,light,Button,,success,link,base/label,/__functional-colors,default,idle,0,pass,6.598209505797759,"[35.99988, 105.99993, 49.99989, 1]","[255, 255, 255, 1]",
recommended,light,Button,,success,link,base/label,/__functional-colors,default,hover,0,pass,6.598209505797759,"[35.99988, 105.99993, 49.99989, 1]","[255, 255, 255, 1]",
recommended,light,Button,,success,link,base/label,/__functional-colors,default,active+hover,0,pass,6.598209505797759,"[35.99988, 105.99993, 49.99989, 1]","[255, 255, 255, 1]",
recommended,light,Button,,success,link,base/label,/__functional-colors,default,keyboard-focus,0,pass,6.598209505797759,"[35.99988, 105.99993, 49.99989, 1]","[255, 255, 255, 1]",
recommended,light,Button,,success,link,base/label,/__functional-colors,default,keyboard-active+focus,0,pass,6.598209505797759,"[35.99988, 105.99993, 49.99989, 1]","[255, 255, 255, 1]",
recommended,light,Button,,success,link,base/label,/__functional-colors,default,focus+hover,0,pass,6.598209505797759,"[35.99988, 105.99993, 49.99989, 1]","[255, 255, 255, 1]",
recommended,light,semantic text,,info,,text,/__functional-colors,default,idle,0,pass,6.70773789005006,"[0, 87.99999000000001, 188.99988, 1]","[255, 255, 255, 1]",
recommended,light,Badge,,info,solid,base,/__functional-colors,default,idle,0,pass,6.70773789005006,"[255, 255, 255, 1]","[0, 87.99999000000001, 188.99988, 1]",
recommended,light,Alert,,info,solid,title,/__functional-colors,default,idle,0,pass,6.70773789005006,"[255, 255, 255, 1]","[0, 87.99999000000001, 188.99988, 1]",
recommended,light,Alert,,info,solid,description,/__functional-colors,default,idle,0,pass,6.70773789005006,"[255, 255, 255, 1]","[0, 87.99999000000001, 188.99988, 1]",
recommended,light,Badge,,info,outline,base,/__functional-colors,default,idle,0,pass,6.70773789005006,"[0, 87.99999000000001, 188.99988, 1]","[255, 255, 255, 1]",
recommended,light,Alert,,info,outline,title,/__functional-colors,default,idle,0,pass,6.70773789005006,"[0, 87.99999000000001, 188.99988, 1]","[255, 255, 255, 1]",
recommended,light,Alert,,info,outline,description,/__functional-colors,default,idle,0,pass,6.70773789005006,"[0, 87.99999000000001, 188.99988, 1]","[255, 255, 255, 1]",
recommended,light,Badge,,info,soft,base,/__functional-colors,default,idle,0,pass,5.740959326668835,"[0, 87.99999000000001, 188.99988, 1]","[229.500054002625, 238.299999, 248.39996250000002, 1]",
recommended,light,Alert,,info,soft,title,/__functional-colors,default,idle,0,pass,5.740959326668835,"[0, 87.99999000000001, 188.99988, 1]","[229.500054002625, 238.299999, 248.39996250000002, 1]",
recommended,light,Alert,,info,soft,description,/__functional-colors,default,idle,0,pass,5.740959326668835,"[0, 87.99999000000001, 188.99988, 1]","[229.500054002625, 238.299999, 248.39996250000002, 1]",
recommended,light,Badge,,info,subtle,base,/__functional-colors,default,idle,0,pass,5.740959326668835,"[0, 87.99999000000001, 188.99988, 1]","[229.500054002625, 238.299999, 248.39996250000002, 1]",
recommended,light,Alert,,info,subtle,title,/__functional-colors,default,idle,0,pass,5.740959326668835,"[0, 87.99999000000001, 188.99988, 1]","[229.500054002625, 238.299999, 248.39996250000002, 1]",
recommended,light,Alert,,info,subtle,description,/__functional-colors,default,idle,0,pass,5.740959326668835,"[0, 87.99999000000001, 188.99988, 1]","[229.500054002625, 238.299999, 248.39996250000002, 1]",
recommended,light,Button,,info,solid,base/label,/__functional-colors,default,idle,0,pass,6.70773789005006,"[255, 255, 255, 1]","[0, 87.99999000000001, 188.99988, 1]",
recommended,light,Button,,info,solid,base/label,/__functional-colors,default,hover,0,pass,7.762298638770592,"[255, 255, 255, 1]","[0, 79.19994, 170.100045, 1]",
recommended,light,Button,,info,solid,base/label,/__functional-colors,default,active+hover,0,pass,8.996361336393038,"[255, 255, 255, 1]","[0, 70.39989, 151.19995500000002, 1]",
recommended,light,Button,,info,solid,base/label,/__functional-colors,default,keyboard-focus,0,pass,6.70773789005006,"[255, 255, 255, 1]","[0, 87.99999000000001, 188.99988, 1]",
recommended,light,Button,,info,solid,base/label,/__functional-colors,default,keyboard-active+focus,0,pass,8.996361336393038,"[255, 255, 255, 1]","[0, 70.39989, 151.19995500000002, 1]",
recommended,light,Button,,info,solid,base/label,/__functional-colors,default,focus+hover,0,pass,7.762298638770592,"[255, 255, 255, 1]","[0, 79.19994, 170.100045, 1]",
recommended,light,Button,,info,link,base/label,/__functional-colors,default,idle,0,pass,6.70773789005006,"[0, 87.99999000000001, 188.99988, 1]","[255, 255, 255, 1]",
recommended,light,Button,,info,link,base/label,/__functional-colors,default,hover,0,pass,6.70773789005006,"[0, 87.99999000000001, 188.99988, 1]","[255, 255, 255, 1]",
recommended,light,Button,,info,link,base/label,/__functional-colors,default,active+hover,0,pass,6.70773789005006,"[0, 87.99999000000001, 188.99988, 1]","[255, 255, 255, 1]",
recommended,light,Button,,info,link,base/label,/__functional-colors,default,keyboard-focus,0,pass,6.70773789005006,"[0, 87.99999000000001, 188.99988, 1]","[255, 255, 255, 1]",
recommended,light,Button,,info,link,base/label,/__functional-colors,default,keyboard-active+focus,0,pass,6.70773789005006,"[0, 87.99999000000001, 188.99988, 1]","[255, 255, 255, 1]",
recommended,light,Button,,info,link,base/label,/__functional-colors,default,focus+hover,0,pass,6.70773789005006,"[0, 87.99999000000001, 188.99988, 1]","[255, 255, 255, 1]",
recommended,light,semantic text,,warning,,text,/__functional-colors,default,idle,0,pass,8.001378676368077,"[123.00001499999999, 66.00012, 7.000005, 1]","[255, 255, 255, 1]",
recommended,light,Badge,,warning,solid,base,/__functional-colors,default,idle,0,pass,8.001378676368077,"[255, 255, 255, 1]","[123.00001499999999, 66.00012, 7.000005, 1]",
recommended,light,Alert,,warning,solid,title,/__functional-colors,default,idle,0,pass,8.001378676368077,"[255, 255, 255, 1]","[123.00001499999999, 66.00012, 7.000005, 1]",
recommended,light,Alert,,warning,solid,description,/__functional-colors,default,idle,0,pass,8.001378676368077,"[255, 255, 255, 1]","[123.00001499999999, 66.00012, 7.000005, 1]",
recommended,light,Badge,,warning,outline,base,/__functional-colors,default,idle,0,pass,8.001378676368077,"[123.00001499999999, 66.00012, 7.000005, 1]","[255, 255, 255, 1]",
recommended,light,Alert,,warning,outline,title,/__functional-colors,default,idle,0,pass,8.001378676368077,"[123.00001499999999, 66.00012, 7.000005, 1]","[255, 255, 255, 1]",
recommended,light,Alert,,warning,outline,description,/__functional-colors,default,idle,0,pass,8.001378676368077,"[123.00001499999999, 66.00012, 7.000005, 1]","[255, 255, 255, 1]",
recommended,light,Badge,,warning,soft,base,/__functional-colors,default,idle,0,pass,6.828971228184585,"[123.00001499999999, 66.00012, 7.000005, 1]","[241.8000015, 236.100012, 230.2000107, 1]",
recommended,light,Alert,,warning,soft,title,/__functional-colors,default,idle,0,pass,6.828971228184585,"[123.00001499999999, 66.00012, 7.000005, 1]","[241.8000015, 236.100012, 230.2000107, 1]",
recommended,light,Alert,,warning,soft,description,/__functional-colors,default,idle,0,pass,6.828971228184585,"[123.00001499999999, 66.00012, 7.000005, 1]","[241.8000015, 236.100012, 230.2000107, 1]",
recommended,light,Badge,,warning,subtle,base,/__functional-colors,default,idle,0,pass,6.828971228184585,"[123.00001499999999, 66.00012, 7.000005, 1]","[241.8000015, 236.100012, 230.2000107, 1]",
recommended,light,Alert,,warning,subtle,title,/__functional-colors,default,idle,0,pass,6.828971228184585,"[123.00001499999999, 66.00012, 7.000005, 1]","[241.8000015, 236.100012, 230.2000107, 1]",
recommended,light,Alert,,warning,subtle,description,/__functional-colors,default,idle,0,pass,6.828971228184585,"[123.00001499999999, 66.00012, 7.000005, 1]","[241.8000015, 236.100012, 230.2000107, 1]",
recommended,light,Button,,warning,solid,base/label,/__functional-colors,default,idle,0,pass,8.001378676368077,"[255, 255, 255, 1]","[123.00001499999999, 66.00012, 7.000005, 1]",
recommended,light,Button,,warning,solid,base/label,/__functional-colors,default,hover,0,pass,9.096348972153493,"[255, 255, 255, 1]","[110.70009, 59.399955000000006, 6.3000045, 1]",
recommended,light,Button,,warning,solid,base/label,/__functional-colors,default,active+hover,0,pass,10.335399608767965,"[255, 255, 255, 1]","[98.39991, 52.800045, 5.600004, 1]",
recommended,light,Button,,warning,solid,base/label,/__functional-colors,default,keyboard-focus,0,pass,8.001378676368077,"[255, 255, 255, 1]","[123.00001499999999, 66.00012, 7.000005, 1]",
recommended,light,Button,,warning,solid,base/label,/__functional-colors,default,keyboard-active+focus,0,pass,10.335399608767965,"[255, 255, 255, 1]","[98.39991, 52.800045, 5.600004, 1]",
recommended,light,Button,,warning,solid,base/label,/__functional-colors,default,focus+hover,0,pass,9.096348972153493,"[255, 255, 255, 1]","[110.70009, 59.399955000000006, 6.3000045, 1]",
recommended,light,Button,,warning,link,base/label,/__functional-colors,default,idle,0,pass,8.001378676368077,"[123.00001499999999, 66.00012, 7.000005, 1]","[255, 255, 255, 1]",
recommended,light,Button,,warning,link,base/label,/__functional-colors,default,hover,0,pass,8.001378676368077,"[123.00001499999999, 66.00012, 7.000005, 1]","[255, 255, 255, 1]",
recommended,light,Button,,warning,link,base/label,/__functional-colors,default,active+hover,0,pass,8.001378676368077,"[123.00001499999999, 66.00012, 7.000005, 1]","[255, 255, 255, 1]",
recommended,light,Button,,warning,link,base/label,/__functional-colors,default,keyboard-focus,0,pass,8.001378676368077,"[123.00001499999999, 66.00012, 7.000005, 1]","[255, 255, 255, 1]",
recommended,light,Button,,warning,link,base/label,/__functional-colors,default,keyboard-active+focus,0,pass,8.001378676368077,"[123.00001499999999, 66.00012, 7.000005, 1]","[255, 255, 255, 1]",
recommended,light,Button,,warning,link,base/label,/__functional-colors,default,focus+hover,0,pass,8.001378676368077,"[123.00001499999999, 66.00012, 7.000005, 1]","[255, 255, 255, 1]",
recommended,light,semantic text,,error,,text,/__functional-colors,default,idle,0,pass,6.487119947951175,"[181.00002, 35.000024999999994, 40.99992, 1]","[255, 255, 255, 1]",
recommended,light,Badge,,error,solid,base,/__functional-colors,default,idle,0,pass,6.487119947951175,"[255, 255, 255, 1]","[181.00002, 35.000024999999994, 40.99992, 1]",
recommended,light,Alert,,error,solid,title,/__functional-colors,default,idle,0,pass,6.487119947951175,"[255, 255, 255, 1]","[181.00002, 35.000024999999994, 40.99992, 1]",
recommended,light,Alert,,error,solid,description,/__functional-colors,default,idle,0,pass,6.487119947951175,"[255, 255, 255, 1]","[181.00002, 35.000024999999994, 40.99992, 1]",
recommended,light,Badge,,error,outline,base,/__functional-colors,default,idle,0,pass,6.487119947951175,"[181.00002, 35.000024999999994, 40.99992, 1]","[255, 255, 255, 1]",
recommended,light,Alert,,error,outline,title,/__functional-colors,default,idle,0,pass,6.487119947951175,"[181.00002, 35.000024999999994, 40.99992, 1]","[255, 255, 255, 1]",
recommended,light,Alert,,error,outline,description,/__functional-colors,default,idle,0,pass,6.487119947951175,"[181.00002, 35.000024999999994, 40.99992, 1]","[255, 255, 255, 1]",
recommended,light,Badge,,error,soft,base,/__functional-colors,default,idle,0,pass,5.503473649450167,"[181.00002, 35.000024999999994, 40.99992, 1]","[247.600002, 232.999977, 233.599992, 1]",
recommended,light,Alert,,error,soft,title,/__functional-colors,default,idle,0,pass,5.503473649450167,"[181.00002, 35.000024999999994, 40.99992, 1]","[247.600002, 232.999977, 233.599992, 1]",
recommended,light,Alert,,error,soft,description,/__functional-colors,default,idle,0,pass,5.503473649450167,"[181.00002, 35.000024999999994, 40.99992, 1]","[247.600002, 232.999977, 233.599992, 1]",
recommended,light,Badge,,error,subtle,base,/__functional-colors,default,idle,0,pass,5.503473649450167,"[181.00002, 35.000024999999994, 40.99992, 1]","[247.600002, 232.999977, 233.599992, 1]",
recommended,light,Alert,,error,subtle,title,/__functional-colors,default,idle,0,pass,5.503473649450167,"[181.00002, 35.000024999999994, 40.99992, 1]","[247.600002, 232.999977, 233.599992, 1]",
recommended,light,Alert,,error,subtle,description,/__functional-colors,default,idle,0,pass,5.503473649450167,"[181.00002, 35.000024999999994, 40.99992, 1]","[247.600002, 232.999977, 233.599992, 1]",
recommended,light,Button,,error,solid,base/label,/__functional-colors,default,idle,0,pass,6.487119947951175,"[255, 255, 255, 1]","[181.00002, 35.000024999999994, 40.99992, 1]",
recommended,light,Button,,error,solid,base/label,/__functional-colors,default,hover,0,pass,7.545692556917561,"[255, 255, 255, 1]","[162.90012, 31.499895, 36.90003, 1]",
recommended,light,Button,,error,solid,base/label,/__functional-colors,default,active+hover,0,pass,8.793394550640816,"[255, 255, 255, 1]","[144.799965, 28.00002, 32.799884999999996, 1]",
recommended,light,Button,,error,solid,base/label,/__functional-colors,default,keyboard-focus,0,pass,6.487119947951175,"[255, 255, 255, 1]","[181.00002, 35.000024999999994, 40.99992, 1]",
recommended,light,Button,,error,solid,base/label,/__functional-colors,default,keyboard-active+focus,0,pass,8.793394550640816,"[255, 255, 255, 1]","[144.799965, 28.00002, 32.799884999999996, 1]",
recommended,light,Button,,error,solid,base/label,/__functional-colors,default,focus+hover,0,pass,7.545692556917561,"[255, 255, 255, 1]","[162.90012, 31.499895, 36.90003, 1]",
recommended,light,Button,,error,link,base/label,/__functional-colors,default,idle,0,pass,6.487119947951175,"[181.00002, 35.000024999999994, 40.99992, 1]","[255, 255, 255, 1]",
recommended,light,Button,,error,link,base/label,/__functional-colors,default,hover,0,pass,6.487119947951175,"[181.00002, 35.000024999999994, 40.99992, 1]","[255, 255, 255, 1]",
recommended,light,Button,,error,link,base/label,/__functional-colors,default,active+hover,0,pass,6.487119947951175,"[181.00002, 35.000024999999994, 40.99992, 1]","[255, 255, 255, 1]",
recommended,light,Button,,error,link,base/label,/__functional-colors,default,keyboard-focus,0,pass,6.487119947951175,"[181.00002, 35.000024999999994, 40.99992, 1]","[255, 255, 255, 1]",
recommended,light,Button,,error,link,base/label,/__functional-colors,default,keyboard-active+focus,0,pass,6.487119947951175,"[181.00002, 35.000024999999994, 40.99992, 1]","[255, 255, 255, 1]",
recommended,light,Button,,error,link,base/label,/__functional-colors,default,focus+hover,0,pass,6.487119947951175,"[181.00002, 35.000024999999994, 40.99992, 1]","[255, 255, 255, 1]",
recommended,light,FormField,,error,,error,,default,visible,0,pass,6.487119947951175,"[181.00002, 35.000024999999994, 40.99992, 1]","[255, 255, 255, 1]",
recommended,light,API fixture,F1,,,,,default,idle,0,pass,6.487119947951175,"[181.00002, 35.000024999999994, 40.99992, 1]","[255, 255, 255, 1]",
recommended,light,API fixture,F2,,,,,default,idle,0,pass,8.001378676368077,"[123.00001499999999, 66.00012, 7.000005, 1]","[255, 255, 255, 1]",
recommended,light,API fixture,F5-field-caveat,,,,,default,idle,0,pass,6.828971228184585,"[123.00001499999999, 66.00012, 7.000005, 1]","[241.8000015, 236.100012, 230.2000107, 1]",
recommended,light,API fixture,F5-field-caveat,,,,,default,idle,1,pass,6.668938572321896,"[82.000095, 82.000095, 82.000095, 1]","[241.8000015, 236.100012, 230.2000107, 1]",
recommended,light,API fixture,value-caveat,,,,,default,idle,0,pass,6.828971228184585,"[123.00001499999999, 66.00012, 7.000005, 1]","[241.8000015, 236.100012, 230.2000107, 1]",
recommended,light,API fixture,value-caveat,,,,,default,idle,1,pass,6.668938572321896,"[82.000095, 82.000095, 82.000095, 1]","[241.8000015, 236.100012, 230.2000107, 1]",
recommended,light,ResponseExample,,,,status/statusText,,default,single status visible,0,pass,5.328570108307233,"[35.99988, 105.99993, 49.99989, 1]","[225.7200279, 232.7201451, 227.12014109999998, 1]",
recommended,light,ResponseExample,,,,status/statusText,,default,single status visible,1,pass,5.328570108307233,"[35.99988, 105.99993, 49.99989, 1]","[225.7200279, 232.7201451, 227.12014109999998, 1]",
recommended,light,ResponseExample,,,,status/statusText,,default,single status visible,2,pass,5.366687132898906,"[0, 87.99999000000001, 188.99988, 1]","[222.120068402625, 230.9201511, 241.02011459999997, 1]",
recommended,light,ResponseExample,,,,status/statusText,,default,single status visible,3,pass,5.366687132898906,"[0, 87.99999000000001, 188.99988, 1]","[222.120068402625, 230.9201511, 241.02011459999997, 1]",
recommended,light,ResponseExample,,,,status/statusText,,default,single status visible,4,pass,6.38323345776271,"[123.00001499999999, 66.00012, 7.000005, 1]","[234.4200159, 228.72016409999998, 222.8201628, 1]",
recommended,light,ResponseExample,,,,status/statusText,,default,single status visible,5,pass,6.38323345776271,"[123.00001499999999, 66.00012, 7.000005, 1]","[234.4200159, 228.72016409999998, 222.8201628, 1]",
recommended,light,ResponseExample,,,,status/statusText,,default,single status visible,6,pass,5.143558260577679,"[181.00002, 35.000024999999994, 40.99992, 1]","[240.2200164, 225.62012909999999, 226.2201441, 1]",
recommended,light,ResponseExample,,,,status/statusText,,default,single status visible,7,pass,5.143558260577679,"[181.00002, 35.000024999999994, 40.99992, 1]","[240.2200164, 225.62012909999999, 226.2201441, 1]",
recommended,light,LifecycleNotice,,,,,,default,idle,0,pass,6.828971228184585,"[123.00001499999999, 66.00012, 7.000005, 1]","[241.8000015, 236.100012, 230.2000107, 1]",
recommended,light,LifecycleNotice,,,,,,default,idle,1,pass,6.828971228184585,"[123.00001499999999, 66.00012, 7.000005, 1]","[241.8000015, 236.100012, 230.2000107, 1]",
recommended,light,LifecycleNotice,,,,,,default,idle,2,pass,5.6988948297528665,"[35.99988, 105.99993, 49.99989, 1]","[233.1000135, 240.099993, 234.499989, 1]",
recommended,light,LifecycleNotice,,,,,,default,idle,3,pass,5.6988948297528665,"[35.99988, 105.99993, 49.99989, 1]","[233.1000135, 240.099993, 234.499989, 1]",
recommended,light,LifecycleNotice,,,,,,default,idle,4,pass,6.828971228184585,"[123.00001499999999, 66.00012, 7.000005, 1]","[241.8000015, 236.100012, 230.2000107, 1]",
recommended,light,LifecycleNotice,,,,,,default,idle,5,pass,6.828971228184585,"[123.00001499999999, 66.00012, 7.000005, 1]","[241.8000015, 236.100012, 230.2000107, 1]",
recommended,light,LifecycleNotice,,,,,,default,idle,6,pass,16.95443819582973,"[23.0000055, 23.0000055, 23.0000055, 1]","[248.4999225, 248.4999225, 248.4999225, 1]",
recommended,light,LifecycleNotice,,,,,,default,idle,7,pass,12.924186297738398,"[45.54999720000001, 45.54999720000001, 45.54999720000001, 1]","[248.4999225, 248.4999225, 248.4999225, 1]",
recommended,light,LifecycleNotice,,,,,,default,idle,8,pass,5.503473649450167,"[181.00002, 35.000024999999994, 40.99992, 1]","[247.600002, 232.999977, 233.599992, 1]",
recommended,light,LifecycleNotice,,,,,,default,idle,9,pass,5.503473649450167,"[181.00002, 35.000024999999994, 40.99992, 1]","[247.600002, 232.999977, 233.599992, 1]",
recommended,light,FieldAnnotation,,,,required,,portal own bg-default,open,0,pass,6.487119947951175,"[181.00002, 35.000024999999994, 40.99992, 1]","[255, 255, 255, 1]",
recommended,light,FieldAnnotation,,,,conditional,,portal own bg-default,open,0,pass,8.001378676368077,"[123.00001499999999, 66.00012, 7.000005, 1]","[255, 255, 255, 1]",
recommended,light,semantic text,,primary,,text,/__functional-colors,muted,idle,0,pass,6.8226081656787105,"[107.00004, 47.999925000000005, 207.00007499999998, 1]","[249.99996000000002, 249.99996000000002, 249.99996000000002, 1]",
recommended,light,Badge,,primary,solid,base,/__functional-colors,muted,idle,0,pass,7.121203584676938,"[255, 255, 255, 1]","[107.00004, 47.999925000000005, 207.00007499999998, 1]",
recommended,light,Alert,,primary,solid,title,/__functional-colors,muted,idle,0,pass,7.121203584676938,"[255, 255, 255, 1]","[107.00004, 47.999925000000005, 207.00007499999998, 1]",
recommended,light,Alert,,primary,solid,description,/__functional-colors,muted,idle,0,pass,7.121203584676938,"[255, 255, 255, 1]","[107.00004, 47.999925000000005, 207.00007499999998, 1]",
recommended,light,Badge,,primary,outline,base,/__functional-colors,muted,idle,0,pass,6.8226081656787105,"[107.00004, 47.999925000000005, 207.00007499999998, 1]","[249.99996000000002, 249.99996000000002, 249.99996000000002, 1]",
recommended,light,Alert,,primary,outline,title,/__functional-colors,muted,idle,0,pass,6.8226081656787105,"[107.00004, 47.999925000000005, 207.00007499999998, 1]","[249.99996000000002, 249.99996000000002, 249.99996000000002, 1]",
recommended,light,Alert,,primary,outline,description,/__functional-colors,muted,idle,0,pass,6.8226081656787105,"[107.00004, 47.999925000000005, 207.00007499999998, 1]","[249.99996000000002, 249.99996000000002, 249.99996000000002, 1]",
recommended,light,Badge,,primary,soft,base,/__functional-colors,muted,idle,0,pass,5.825775885110957,"[107.00004, 47.999925000000005, 207.00007499999998, 1]","[235.699968, 229.7999565, 245.6999715, 1]",
recommended,light,Alert,,primary,soft,title,/__functional-colors,muted,idle,0,pass,5.825775885110957,"[107.00004, 47.999925000000005, 207.00007499999998, 1]","[235.699968, 229.7999565, 245.6999715, 1]",
recommended,light,Alert,,primary,soft,description,/__functional-colors,muted,idle,0,pass,5.825775885110957,"[107.00004, 47.999925000000005, 207.00007499999998, 1]","[235.699968, 229.7999565, 245.6999715, 1]",
recommended,light,Badge,,primary,subtle,base,/__functional-colors,muted,idle,0,pass,5.825775885110957,"[107.00004, 47.999925000000005, 207.00007499999998, 1]","[235.699968, 229.7999565, 245.6999715, 1]",
recommended,light,Alert,,primary,subtle,title,/__functional-colors,muted,idle,0,pass,5.825775885110957,"[107.00004, 47.999925000000005, 207.00007499999998, 1]","[235.699968, 229.7999565, 245.6999715, 1]",
recommended,light,Alert,,primary,subtle,description,/__functional-colors,muted,idle,0,pass,5.825775885110957,"[107.00004, 47.999925000000005, 207.00007499999998, 1]","[235.699968, 229.7999565, 245.6999715, 1]",
recommended,light,Button,,primary,solid,base/label,/__functional-colors,muted,idle,0,pass,7.121203584676938,"[255, 255, 255, 1]","[107.00004, 47.999925000000005, 207.00007499999998, 1]",
recommended,light,Button,,primary,solid,base/label,/__functional-colors,muted,hover,0,pass,8.20095964623415,"[255, 255, 255, 1]","[96.299985, 43.20006, 186.29994, 1]",
recommended,light,Button,,primary,solid,base/label,/__functional-colors,muted,active+hover,0,pass,9.450985594228746,"[255, 255, 255, 1]","[85.59993, 38.39994, 165.60005999999998, 1]",
recommended,light,Button,,primary,solid,base/label,/__functional-colors,muted,keyboard-focus,0,pass,7.121203584676938,"[255, 255, 255, 1]","[107.00004, 47.999925000000005, 207.00007499999998, 1]",
recommended,light,Button,,primary,solid,base/label,/__functional-colors,muted,keyboard-active+focus,0,pass,9.450985594228746,"[255, 255, 255, 1]","[85.59993, 38.39994, 165.60005999999998, 1]",
recommended,light,Button,,primary,solid,base/label,/__functional-colors,muted,focus+hover,0,pass,8.20095964623415,"[255, 255, 255, 1]","[96.299985, 43.20006, 186.29994, 1]",
recommended,light,Button,,primary,link,base/label,/__functional-colors,muted,idle,0,pass,6.8226081656787105,"[107.00004, 47.999925000000005, 207.00007499999998, 1]","[249.99996000000002, 249.99996000000002, 249.99996000000002, 1]",
recommended,light,Button,,primary,link,base/label,/__functional-colors,muted,hover,0,pass,6.8226081656787105,"[107.00004, 47.999925000000005, 207.00007499999998, 1]","[249.99996000000002, 249.99996000000002, 249.99996000000002, 1]",
recommended,light,Button,,primary,link,base/label,/__functional-colors,muted,active+hover,0,pass,6.8226081656787105,"[107.00004, 47.999925000000005, 207.00007499999998, 1]","[249.99996000000002, 249.99996000000002, 249.99996000000002, 1]",
recommended,light,Button,,primary,link,base/label,/__functional-colors,muted,keyboard-focus,0,pass,6.8226081656787105,"[107.00004, 47.999925000000005, 207.00007499999998, 1]","[249.99996000000002, 249.99996000000002, 249.99996000000002, 1]",
recommended,light,Button,,primary,link,base/label,/__functional-colors,muted,keyboard-active+focus,0,pass,6.8226081656787105,"[107.00004, 47.999925000000005, 207.00007499999998, 1]","[249.99996000000002, 249.99996000000002, 249.99996000000002, 1]",
recommended,light,Button,,primary,link,base/label,/__functional-colors,muted,focus+hover,0,pass,6.8226081656787105,"[107.00004, 47.999925000000005, 207.00007499999998, 1]","[249.99996000000002, 249.99996000000002, 249.99996000000002, 1]",
recommended,light,semantic text,,secondary,,text,/__functional-colors,muted,idle,0,pass,6.307027419254952,"[5.999997, 105.000075, 93.99988499999999, 1]","[249.99996000000002, 249.99996000000002, 249.99996000000002, 1]",
recommended,light,Badge,,secondary,solid,base,/__functional-colors,muted,idle,0,pass,6.583058146676685,"[255, 255, 255, 1]","[5.999997, 105.000075, 93.99988499999999, 1]",
recommended,light,Alert,,secondary,solid,title,/__functional-colors,muted,idle,0,pass,6.583058146676685,"[255, 255, 255, 1]","[5.999997, 105.000075, 93.99988499999999, 1]",
recommended,light,Alert,,secondary,solid,description,/__functional-colors,muted,idle,0,pass,6.583058146676685,"[255, 255, 255, 1]","[5.999997, 105.000075, 93.99988499999999, 1]",
recommended,light,Badge,,secondary,outline,base,/__functional-colors,muted,idle,0,pass,6.307027419254952,"[5.999997, 105.000075, 93.99988499999999, 1]","[249.99996000000002, 249.99996000000002, 249.99996000000002, 1]",
recommended,light,Alert,,secondary,outline,title,/__functional-colors,muted,idle,0,pass,6.307027419254952,"[5.999997, 105.000075, 93.99988499999999, 1]","[249.99996000000002, 249.99996000000002, 249.99996000000002, 1]",
recommended,light,Alert,,secondary,outline,description,/__functional-colors,muted,idle,0,pass,6.307027419254952,"[5.999997, 105.000075, 93.99988499999999, 1]","[249.99996000000002, 249.99996000000002, 249.99996000000002, 1]",
recommended,light,Badge,,secondary,soft,base,/__functional-colors,muted,idle,0,pass,5.440178690468687,"[5.999997, 105.000075, 93.99988499999999, 1]","[225.59997900000002, 235.499946, 234.3999525, 1]",
recommended,light,Alert,,secondary,soft,title,/__functional-colors,muted,idle,0,pass,5.440178690468687,"[5.999997, 105.000075, 93.99988499999999, 1]","[225.59997900000002, 235.499946, 234.3999525, 1]",
recommended,light,Alert,,secondary,soft,description,/__functional-colors,muted,idle,0,pass,5.440178690468687,"[5.999997, 105.000075, 93.99988499999999, 1]","[225.59997900000002, 235.499946, 234.3999525, 1]",
recommended,light,Badge,,secondary,subtle,base,/__functional-colors,muted,idle,0,pass,5.440178690468687,"[5.999997, 105.000075, 93.99988499999999, 1]","[225.59997900000002, 235.499946, 234.3999525, 1]",
recommended,light,Alert,,secondary,subtle,title,/__functional-colors,muted,idle,0,pass,5.440178690468687,"[5.999997, 105.000075, 93.99988499999999, 1]","[225.59997900000002, 235.499946, 234.3999525, 1]",
recommended,light,Alert,,secondary,subtle,description,/__functional-colors,muted,idle,0,pass,5.440178690468687,"[5.999997, 105.000075, 93.99988499999999, 1]","[225.59997900000002, 235.499946, 234.3999525, 1]",
recommended,light,Button,,secondary,solid,base/label,/__functional-colors,muted,idle,0,pass,6.583058146676685,"[255, 255, 255, 1]","[5.999997, 105.000075, 93.99988499999999, 1]",
recommended,light,Button,,secondary,solid,base/label,/__functional-colors,muted,hover,0,pass,7.620293273853335,"[255, 255, 255, 1]","[5.4000075, 94.49994, 84.60007499999999, 1]",
recommended,light,Button,,secondary,solid,base/label,/__functional-colors,muted,active+hover,0,pass,8.836617659503887,"[255, 255, 255, 1]","[4.7999925, 84.00005999999999, 75.20001, 1]",
recommended,light,Button,,secondary,solid,base/label,/__functional-colors,muted,keyboard-focus,0,pass,6.583058146676685,"[255, 255, 255, 1]","[5.999997, 105.000075, 93.99988499999999, 1]",
recommended,light,Button,,secondary,solid,base/label,/__functional-colors,muted,keyboard-active+focus,0,pass,8.836617659503887,"[255, 255, 255, 1]","[4.7999925, 84.00005999999999, 75.20001, 1]",
recommended,light,Button,,secondary,solid,base/label,/__functional-colors,muted,focus+hover,0,pass,7.620293273853335,"[255, 255, 255, 1]","[5.4000075, 94.49994, 84.60007499999999, 1]",
recommended,light,Button,,secondary,link,base/label,/__functional-colors,muted,idle,0,pass,6.307027419254952,"[5.999997, 105.000075, 93.99988499999999, 1]","[249.99996000000002, 249.99996000000002, 249.99996000000002, 1]",
recommended,light,Button,,secondary,link,base/label,/__functional-colors,muted,hover,0,pass,6.307027419254952,"[5.999997, 105.000075, 93.99988499999999, 1]","[249.99996000000002, 249.99996000000002, 249.99996000000002, 1]",
recommended,light,Button,,secondary,link,base/label,/__functional-colors,muted,active+hover,0,pass,6.307027419254952,"[5.999997, 105.000075, 93.99988499999999, 1]","[249.99996000000002, 249.99996000000002, 249.99996000000002, 1]",
recommended,light,Button,,secondary,link,base/label,/__functional-colors,muted,keyboard-focus,0,pass,6.307027419254952,"[5.999997, 105.000075, 93.99988499999999, 1]","[249.99996000000002, 249.99996000000002, 249.99996000000002, 1]",
recommended,light,Button,,secondary,link,base/label,/__functional-colors,muted,keyboard-active+focus,0,pass,6.307027419254952,"[5.999997, 105.000075, 93.99988499999999, 1]","[249.99996000000002, 249.99996000000002, 249.99996000000002, 1]",
recommended,light,Button,,secondary,link,base/label,/__functional-colors,muted,focus+hover,0,pass,6.307027419254952,"[5.999997, 105.000075, 93.99988499999999, 1]","[249.99996000000002, 249.99996000000002, 249.99996000000002, 1]",
recommended,light,semantic text,,success,,text,/__functional-colors,muted,idle,0,pass,6.321543474754756,"[35.99988, 105.99993, 49.99989, 1]","[249.99996000000002, 249.99996000000002, 249.99996000000002, 1]",
recommended,light,Badge,,success,solid,base,/__functional-colors,muted,idle,0,pass,6.598209505797759,"[255, 255, 255, 1]","[35.99988, 105.99993, 49.99989, 1]",
recommended,light,Alert,,success,solid,title,/__functional-colors,muted,idle,0,pass,6.598209505797759,"[255, 255, 255, 1]","[35.99988, 105.99993, 49.99989, 1]",
recommended,light,Alert,,success,solid,description,/__functional-colors,muted,idle,0,pass,6.598209505797759,"[255, 255, 255, 1]","[35.99988, 105.99993, 49.99989, 1]",
recommended,light,Badge,,success,outline,base,/__functional-colors,muted,idle,0,pass,6.321543474754756,"[35.99988, 105.99993, 49.99989, 1]","[249.99996000000002, 249.99996000000002, 249.99996000000002, 1]",
recommended,light,Alert,,success,outline,title,/__functional-colors,muted,idle,0,pass,6.321543474754756,"[35.99988, 105.99993, 49.99989, 1]","[249.99996000000002, 249.99996000000002, 249.99996000000002, 1]",
recommended,light,Alert,,success,outline,description,/__functional-colors,muted,idle,0,pass,6.321543474754756,"[35.99988, 105.99993, 49.99989, 1]","[249.99996000000002, 249.99996000000002, 249.99996000000002, 1]",
recommended,light,Badge,,success,soft,base,/__functional-colors,muted,idle,0,pass,5.471250897011913,"[35.99988, 105.99993, 49.99989, 1]","[228.5999775, 235.59995700000002, 229.999953, 1]",
recommended,light,Alert,,success,soft,title,/__functional-colors,muted,idle,0,pass,5.471250897011913,"[35.99988, 105.99993, 49.99989, 1]","[228.5999775, 235.59995700000002, 229.999953, 1]",
recommended,light,Alert,,success,soft,description,/__functional-colors,muted,idle,0,pass,5.471250897011913,"[35.99988, 105.99993, 49.99989, 1]","[228.5999775, 235.59995700000002, 229.999953, 1]",
recommended,light,Badge,,success,subtle,base,/__functional-colors,muted,idle,0,pass,5.471250897011913,"[35.99988, 105.99993, 49.99989, 1]","[228.5999775, 235.59995700000002, 229.999953, 1]",
recommended,light,Alert,,success,subtle,title,/__functional-colors,muted,idle,0,pass,5.471250897011913,"[35.99988, 105.99993, 49.99989, 1]","[228.5999775, 235.59995700000002, 229.999953, 1]",
recommended,light,Alert,,success,subtle,description,/__functional-colors,muted,idle,0,pass,5.471250897011913,"[35.99988, 105.99993, 49.99989, 1]","[228.5999775, 235.59995700000002, 229.999953, 1]",
recommended,light,Button,,success,solid,base/label,/__functional-colors,muted,idle,0,pass,6.598209505797759,"[255, 255, 255, 1]","[35.99988, 105.99993, 49.99989, 1]",
recommended,light,Button,,success,solid,base/label,/__functional-colors,muted,hover,0,pass,7.630997421532101,"[255, 255, 255, 1]","[32.400045, 95.40009, 45.000105, 1]",
recommended,light,Button,,success,solid,base/label,/__functional-colors,muted,active+hover,0,pass,8.840573607206386,"[255, 255, 255, 1]","[28.799955, 84.799995, 40.000065, 1]",
recommended,light,Button,,success,solid,base/label,/__functional-colors,muted,keyboard-focus,0,pass,6.598209505797759,"[255, 255, 255, 1]","[35.99988, 105.99993, 49.99989, 1]",
recommended,light,Button,,success,solid,base/label,/__functional-colors,muted,keyboard-active+focus,0,pass,8.840573607206386,"[255, 255, 255, 1]","[28.799955, 84.799995, 40.000065, 1]",
recommended,light,Button,,success,solid,base/label,/__functional-colors,muted,focus+hover,0,pass,7.630997421532101,"[255, 255, 255, 1]","[32.400045, 95.40009, 45.000105, 1]",
recommended,light,Button,,success,link,base/label,/__functional-colors,muted,idle,0,pass,6.321543474754756,"[35.99988, 105.99993, 49.99989, 1]","[249.99996000000002, 249.99996000000002, 249.99996000000002, 1]",
recommended,light,Button,,success,link,base/label,/__functional-colors,muted,hover,0,pass,6.321543474754756,"[35.99988, 105.99993, 49.99989, 1]","[249.99996000000002, 249.99996000000002, 249.99996000000002, 1]",
recommended,light,Button,,success,link,base/label,/__functional-colors,muted,active+hover,0,pass,6.321543474754756,"[35.99988, 105.99993, 49.99989, 1]","[249.99996000000002, 249.99996000000002, 249.99996000000002, 1]",
recommended,light,Button,,success,link,base/label,/__functional-colors,muted,keyboard-focus,0,pass,6.321543474754756,"[35.99988, 105.99993, 49.99989, 1]","[249.99996000000002, 249.99996000000002, 249.99996000000002, 1]",
recommended,light,Button,,success,link,base/label,/__functional-colors,muted,keyboard-active+focus,0,pass,6.321543474754756,"[35.99988, 105.99993, 49.99989, 1]","[249.99996000000002, 249.99996000000002, 249.99996000000002, 1]",
recommended,light,Button,,success,link,base/label,/__functional-colors,muted,focus+hover,0,pass,6.321543474754756,"[35.99988, 105.99993, 49.99989, 1]","[249.99996000000002, 249.99996000000002, 249.99996000000002, 1]",
recommended,light,semantic text,,info,,text,/__functional-colors,muted,idle,0,pass,6.426479282288932,"[0, 87.99999000000001, 188.99988, 1]","[249.99996000000002, 249.99996000000002, 249.99996000000002, 1]",
recommended,light,Badge,,info,solid,base,/__functional-colors,muted,idle,0,pass,6.70773789005006,"[255, 255, 255, 1]","[0, 87.99999000000001, 188.99988, 1]",
recommended,light,Alert,,info,solid,title,/__functional-colors,muted,idle,0,pass,6.70773789005006,"[255, 255, 255, 1]","[0, 87.99999000000001, 188.99988, 1]",
recommended,light,Alert,,info,solid,description,/__functional-colors,muted,idle,0,pass,6.70773789005006,"[255, 255, 255, 1]","[0, 87.99999000000001, 188.99988, 1]",
recommended,light,Badge,,info,outline,base,/__functional-colors,muted,idle,0,pass,6.426479282288932,"[0, 87.99999000000001, 188.99988, 1]","[249.99996000000002, 249.99996000000002, 249.99996000000002, 1]",
recommended,light,Alert,,info,outline,title,/__functional-colors,muted,idle,0,pass,6.426479282288932,"[0, 87.99999000000001, 188.99988, 1]","[249.99996000000002, 249.99996000000002, 249.99996000000002, 1]",
recommended,light,Alert,,info,outline,description,/__functional-colors,muted,idle,0,pass,6.426479282288932,"[0, 87.99999000000001, 188.99988, 1]","[249.99996000000002, 249.99996000000002, 249.99996000000002, 1]",
recommended,light,Badge,,info,soft,base,/__functional-colors,muted,idle,0,pass,5.510881137474798,"[0, 87.99999000000001, 188.99988, 1]","[225.000018002625, 233.79996300000002, 243.8999265, 1]",
recommended,light,Alert,,info,soft,title,/__functional-colors,muted,idle,0,pass,5.510881137474798,"[0, 87.99999000000001, 188.99988, 1]","[225.000018002625, 233.79996300000002, 243.8999265, 1]",
recommended,light,Alert,,info,soft,description,/__functional-colors,muted,idle,0,pass,5.510881137474798,"[0, 87.99999000000001, 188.99988, 1]","[225.000018002625, 233.79996300000002, 243.8999265, 1]",
recommended,light,Badge,,info,subtle,base,/__functional-colors,muted,idle,0,pass,5.510881137474798,"[0, 87.99999000000001, 188.99988, 1]","[225.000018002625, 233.79996300000002, 243.8999265, 1]",
recommended,light,Alert,,info,subtle,title,/__functional-colors,muted,idle,0,pass,5.510881137474798,"[0, 87.99999000000001, 188.99988, 1]","[225.000018002625, 233.79996300000002, 243.8999265, 1]",
recommended,light,Alert,,info,subtle,description,/__functional-colors,muted,idle,0,pass,5.510881137474798,"[0, 87.99999000000001, 188.99988, 1]","[225.000018002625, 233.79996300000002, 243.8999265, 1]",
recommended,light,Button,,info,solid,base/label,/__functional-colors,muted,idle,0,pass,6.70773789005006,"[255, 255, 255, 1]","[0, 87.99999000000001, 188.99988, 1]",
recommended,light,Button,,info,solid,base/label,/__functional-colors,muted,hover,0,pass,7.762298638770592,"[255, 255, 255, 1]","[0, 79.19994, 170.100045, 1]",
recommended,light,Button,,info,solid,base/label,/__functional-colors,muted,active+hover,0,pass,8.996361336393038,"[255, 255, 255, 1]","[0, 70.39989, 151.19995500000002, 1]",
recommended,light,Button,,info,solid,base/label,/__functional-colors,muted,keyboard-focus,0,pass,6.70773789005006,"[255, 255, 255, 1]","[0, 87.99999000000001, 188.99988, 1]",
recommended,light,Button,,info,solid,base/label,/__functional-colors,muted,keyboard-active+focus,0,pass,8.996361336393038,"[255, 255, 255, 1]","[0, 70.39989, 151.19995500000002, 1]",
recommended,light,Button,,info,solid,base/label,/__functional-colors,muted,focus+hover,0,pass,7.762298638770592,"[255, 255, 255, 1]","[0, 79.19994, 170.100045, 1]",
recommended,light,Button,,info,link,base/label,/__functional-colors,muted,idle,0,pass,6.426479282288932,"[0, 87.99999000000001, 188.99988, 1]","[249.99996000000002, 249.99996000000002, 249.99996000000002, 1]",
recommended,light,Button,,info,link,base/label,/__functional-colors,muted,hover,0,pass,6.426479282288932,"[0, 87.99999000000001, 188.99988, 1]","[249.99996000000002, 249.99996000000002, 249.99996000000002, 1]",
recommended,light,Button,,info,link,base/label,/__functional-colors,muted,active+hover,0,pass,6.426479282288932,"[0, 87.99999000000001, 188.99988, 1]","[249.99996000000002, 249.99996000000002, 249.99996000000002, 1]",
recommended,light,Button,,info,link,base/label,/__functional-colors,muted,keyboard-focus,0,pass,6.426479282288932,"[0, 87.99999000000001, 188.99988, 1]","[249.99996000000002, 249.99996000000002, 249.99996000000002, 1]",
recommended,light,Button,,info,link,base/label,/__functional-colors,muted,keyboard-active+focus,0,pass,6.426479282288932,"[0, 87.99999000000001, 188.99988, 1]","[249.99996000000002, 249.99996000000002, 249.99996000000002, 1]",
recommended,light,Button,,info,link,base/label,/__functional-colors,muted,focus+hover,0,pass,6.426479282288932,"[0, 87.99999000000001, 188.99988, 1]","[249.99996000000002, 249.99996000000002, 249.99996000000002, 1]",
recommended,light,semantic text,,warning,,text,/__functional-colors,muted,idle,0,pass,7.665877101385089,"[123.00001499999999, 66.00012, 7.000005, 1]","[249.99996000000002, 249.99996000000002, 249.99996000000002, 1]",
recommended,light,Badge,,warning,solid,base,/__functional-colors,muted,idle,0,pass,8.001378676368077,"[255, 255, 255, 1]","[123.00001499999999, 66.00012, 7.000005, 1]",
recommended,light,Alert,,warning,solid,title,/__functional-colors,muted,idle,0,pass,8.001378676368077,"[255, 255, 255, 1]","[123.00001499999999, 66.00012, 7.000005, 1]",
recommended,light,Alert,,warning,solid,description,/__functional-colors,muted,idle,0,pass,8.001378676368077,"[255, 255, 255, 1]","[123.00001499999999, 66.00012, 7.000005, 1]",
recommended,light,Badge,,warning,outline,base,/__functional-colors,muted,idle,0,pass,7.665877101385089,"[123.00001499999999, 66.00012, 7.000005, 1]","[249.99996000000002, 249.99996000000002, 249.99996000000002, 1]",
recommended,light,Alert,,warning,outline,title,/__functional-colors,muted,idle,0,pass,7.665877101385089,"[123.00001499999999, 66.00012, 7.000005, 1]","[249.99996000000002, 249.99996000000002, 249.99996000000002, 1]",
recommended,light,Alert,,warning,outline,description,/__functional-colors,muted,idle,0,pass,7.665877101385089,"[123.00001499999999, 66.00012, 7.000005, 1]","[249.99996000000002, 249.99996000000002, 249.99996000000002, 1]",
recommended,light,Badge,,warning,soft,base,/__functional-colors,muted,idle,0,pass,6.554958093952449,"[123.00001499999999, 66.00012, 7.000005, 1]","[237.2999655, 231.599976, 225.6999747, 1]",
recommended,light,Alert,,warning,soft,title,/__functional-colors,muted,idle,0,pass,6.554958093952449,"[123.00001499999999, 66.00012, 7.000005, 1]","[237.2999655, 231.599976, 225.6999747, 1]",
recommended,light,Alert,,warning,soft,description,/__functional-colors,muted,idle,0,pass,6.554958093952449,"[123.00001499999999, 66.00012, 7.000005, 1]","[237.2999655, 231.599976, 225.6999747, 1]",
recommended,light,Badge,,warning,subtle,base,/__functional-colors,muted,idle,0,pass,6.554958093952449,"[123.00001499999999, 66.00012, 7.000005, 1]","[237.2999655, 231.599976, 225.6999747, 1]",
recommended,light,Alert,,warning,subtle,title,/__functional-colors,muted,idle,0,pass,6.554958093952449,"[123.00001499999999, 66.00012, 7.000005, 1]","[237.2999655, 231.599976, 225.6999747, 1]",
recommended,light,Alert,,warning,subtle,description,/__functional-colors,muted,idle,0,pass,6.554958093952449,"[123.00001499999999, 66.00012, 7.000005, 1]","[237.2999655, 231.599976, 225.6999747, 1]",
recommended,light,Button,,warning,solid,base/label,/__functional-colors,muted,idle,0,pass,8.001378676368077,"[255, 255, 255, 1]","[123.00001499999999, 66.00012, 7.000005, 1]",
recommended,light,Button,,warning,solid,base/label,/__functional-colors,muted,hover,0,pass,9.096348972153493,"[255, 255, 255, 1]","[110.70009, 59.399955000000006, 6.3000045, 1]",
recommended,light,Button,,warning,solid,base/label,/__functional-colors,muted,active+hover,0,pass,10.335399608767965,"[255, 255, 255, 1]","[98.39991, 52.800045, 5.600004, 1]",
recommended,light,Button,,warning,solid,base/label,/__functional-colors,muted,keyboard-focus,0,pass,8.001378676368077,"[255, 255, 255, 1]","[123.00001499999999, 66.00012, 7.000005, 1]",
recommended,light,Button,,warning,solid,base/label,/__functional-colors,muted,keyboard-active+focus,0,pass,10.335399608767965,"[255, 255, 255, 1]","[98.39991, 52.800045, 5.600004, 1]",
recommended,light,Button,,warning,solid,base/label,/__functional-colors,muted,focus+hover,0,pass,9.096348972153493,"[255, 255, 255, 1]","[110.70009, 59.399955000000006, 6.3000045, 1]",
recommended,light,Button,,warning,link,base/label,/__functional-colors,muted,idle,0,pass,7.665877101385089,"[123.00001499999999, 66.00012, 7.000005, 1]","[249.99996000000002, 249.99996000000002, 249.99996000000002, 1]",
recommended,light,Button,,warning,link,base/label,/__functional-colors,muted,hover,0,pass,7.665877101385089,"[123.00001499999999, 66.00012, 7.000005, 1]","[249.99996000000002, 249.99996000000002, 249.99996000000002, 1]",
recommended,light,Button,,warning,link,base/label,/__functional-colors,muted,active+hover,0,pass,7.665877101385089,"[123.00001499999999, 66.00012, 7.000005, 1]","[249.99996000000002, 249.99996000000002, 249.99996000000002, 1]",
recommended,light,Button,,warning,link,base/label,/__functional-colors,muted,keyboard-focus,0,pass,7.665877101385089,"[123.00001499999999, 66.00012, 7.000005, 1]","[249.99996000000002, 249.99996000000002, 249.99996000000002, 1]",
recommended,light,Button,,warning,link,base/label,/__functional-colors,muted,keyboard-active+focus,0,pass,7.665877101385089,"[123.00001499999999, 66.00012, 7.000005, 1]","[249.99996000000002, 249.99996000000002, 249.99996000000002, 1]",
recommended,light,Button,,warning,link,base/label,/__functional-colors,muted,focus+hover,0,pass,7.665877101385089,"[123.00001499999999, 66.00012, 7.000005, 1]","[249.99996000000002, 249.99996000000002, 249.99996000000002, 1]",
recommended,light,semantic text,,error,,text,/__functional-colors,muted,idle,0,pass,6.215111954370112,"[181.00002, 35.000024999999994, 40.99992, 1]","[249.99996000000002, 249.99996000000002, 249.99996000000002, 1]",
recommended,light,Badge,,error,solid,base,/__functional-colors,muted,idle,0,pass,6.487119947951175,"[255, 255, 255, 1]","[181.00002, 35.000024999999994, 40.99992, 1]",
recommended,light,Alert,,error,solid,title,/__functional-colors,muted,idle,0,pass,6.487119947951175,"[255, 255, 255, 1]","[181.00002, 35.000024999999994, 40.99992, 1]",
recommended,light,Alert,,error,solid,description,/__functional-colors,muted,idle,0,pass,6.487119947951175,"[255, 255, 255, 1]","[181.00002, 35.000024999999994, 40.99992, 1]",
recommended,light,Badge,,error,outline,base,/__functional-colors,muted,idle,0,pass,6.215111954370112,"[181.00002, 35.000024999999994, 40.99992, 1]","[249.99996000000002, 249.99996000000002, 249.99996000000002, 1]",
recommended,light,Alert,,error,outline,title,/__functional-colors,muted,idle,0,pass,6.215111954370112,"[181.00002, 35.000024999999994, 40.99992, 1]","[249.99996000000002, 249.99996000000002, 249.99996000000002, 1]",
recommended,light,Alert,,error,outline,description,/__functional-colors,muted,idle,0,pass,6.215111954370112,"[181.00002, 35.000024999999994, 40.99992, 1]","[249.99996000000002, 249.99996000000002, 249.99996000000002, 1]",
recommended,light,Badge,,error,soft,base,/__functional-colors,muted,idle,0,pass,5.282214010317145,"[181.00002, 35.000024999999994, 40.99992, 1]","[243.099966, 228.499941, 229.09995600000002, 1]",
recommended,light,Alert,,error,soft,title,/__functional-colors,muted,idle,0,pass,5.282214010317145,"[181.00002, 35.000024999999994, 40.99992, 1]","[243.099966, 228.499941, 229.09995600000002, 1]",
recommended,light,Alert,,error,soft,description,/__functional-colors,muted,idle,0,pass,5.282214010317145,"[181.00002, 35.000024999999994, 40.99992, 1]","[243.099966, 228.499941, 229.09995600000002, 1]",
recommended,light,Badge,,error,subtle,base,/__functional-colors,muted,idle,0,pass,5.282214010317145,"[181.00002, 35.000024999999994, 40.99992, 1]","[243.099966, 228.499941, 229.09995600000002, 1]",
recommended,light,Alert,,error,subtle,title,/__functional-colors,muted,idle,0,pass,5.282214010317145,"[181.00002, 35.000024999999994, 40.99992, 1]","[243.099966, 228.499941, 229.09995600000002, 1]",
recommended,light,Alert,,error,subtle,description,/__functional-colors,muted,idle,0,pass,5.282214010317145,"[181.00002, 35.000024999999994, 40.99992, 1]","[243.099966, 228.499941, 229.09995600000002, 1]",
recommended,light,Button,,error,solid,base/label,/__functional-colors,muted,idle,0,pass,6.487119947951175,"[255, 255, 255, 1]","[181.00002, 35.000024999999994, 40.99992, 1]",
recommended,light,Button,,error,solid,base/label,/__functional-colors,muted,hover,0,pass,7.545692556917561,"[255, 255, 255, 1]","[162.90012, 31.499895, 36.90003, 1]",
recommended,light,Button,,error,solid,base/label,/__functional-colors,muted,active+hover,0,pass,8.793394550640816,"[255, 255, 255, 1]","[144.799965, 28.00002, 32.799884999999996, 1]",
recommended,light,Button,,error,solid,base/label,/__functional-colors,muted,keyboard-focus,0,pass,6.487119947951175,"[255, 255, 255, 1]","[181.00002, 35.000024999999994, 40.99992, 1]",
recommended,light,Button,,error,solid,base/label,/__functional-colors,muted,keyboard-active+focus,0,pass,8.793394550640816,"[255, 255, 255, 1]","[144.799965, 28.00002, 32.799884999999996, 1]",
recommended,light,Button,,error,solid,base/label,/__functional-colors,muted,focus+hover,0,pass,7.545692556917561,"[255, 255, 255, 1]","[162.90012, 31.499895, 36.90003, 1]",
recommended,light,Button,,error,link,base/label,/__functional-colors,muted,idle,0,pass,6.215111954370112,"[181.00002, 35.000024999999994, 40.99992, 1]","[249.99996000000002, 249.99996000000002, 249.99996000000002, 1]",
recommended,light,Button,,error,link,base/label,/__functional-colors,muted,hover,0,pass,6.215111954370112,"[181.00002, 35.000024999999994, 40.99992, 1]","[249.99996000000002, 249.99996000000002, 249.99996000000002, 1]",
recommended,light,Button,,error,link,base/label,/__functional-colors,muted,active+hover,0,pass,6.215111954370112,"[181.00002, 35.000024999999994, 40.99992, 1]","[249.99996000000002, 249.99996000000002, 249.99996000000002, 1]",
recommended,light,Button,,error,link,base/label,/__functional-colors,muted,keyboard-focus,0,pass,6.215111954370112,"[181.00002, 35.000024999999994, 40.99992, 1]","[249.99996000000002, 249.99996000000002, 249.99996000000002, 1]",
recommended,light,Button,,error,link,base/label,/__functional-colors,muted,keyboard-active+focus,0,pass,6.215111954370112,"[181.00002, 35.000024999999994, 40.99992, 1]","[249.99996000000002, 249.99996000000002, 249.99996000000002, 1]",
recommended,light,Button,,error,link,base/label,/__functional-colors,muted,focus+hover,0,pass,6.215111954370112,"[181.00002, 35.000024999999994, 40.99992, 1]","[249.99996000000002, 249.99996000000002, 249.99996000000002, 1]",
recommended,light,FormField,,error,,error,,muted,visible,0,pass,6.215111954370112,"[181.00002, 35.000024999999994, 40.99992, 1]","[249.99996000000002, 249.99996000000002, 249.99996000000002, 1]",
recommended,light,API fixture,F1,,,,,muted,idle,0,pass,6.215111954370112,"[181.00002, 35.000024999999994, 40.99992, 1]","[249.99996000000002, 249.99996000000002, 249.99996000000002, 1]",
recommended,light,API fixture,F2,,,,,muted,idle,0,pass,7.665877101385089,"[123.00001499999999, 66.00012, 7.000005, 1]","[249.99996000000002, 249.99996000000002, 249.99996000000002, 1]",
recommended,light,API fixture,F5-field-caveat,,,,,muted,idle,0,pass,6.554958093952449,"[123.00001499999999, 66.00012, 7.000005, 1]","[237.2999655, 231.599976, 225.6999747, 1]",
recommended,light,API fixture,F5-field-caveat,,,,,muted,idle,1,pass,6.401346763959673,"[82.000095, 82.000095, 82.000095, 1]","[237.2999655, 231.599976, 225.6999747, 1]",
recommended,light,API fixture,value-caveat,,,,,muted,idle,0,pass,6.554958093952449,"[123.00001499999999, 66.00012, 7.000005, 1]","[237.2999655, 231.599976, 225.6999747, 1]",
recommended,light,API fixture,value-caveat,,,,,muted,idle,1,pass,6.401346763959673,"[82.000095, 82.000095, 82.000095, 1]","[237.2999655, 231.599976, 225.6999747, 1]",
recommended,light,ResponseExample,,,,status/statusText,,muted,single status visible,0,pass,5.328570108307233,"[35.99988, 105.99993, 49.99989, 1]","[225.7200279, 232.7201451, 227.12014109999998, 1]",
recommended,light,ResponseExample,,,,status/statusText,,muted,single status visible,1,pass,5.328570108307233,"[35.99988, 105.99993, 49.99989, 1]","[225.7200279, 232.7201451, 227.12014109999998, 1]",
recommended,light,ResponseExample,,,,status/statusText,,muted,single status visible,2,pass,5.366687132898906,"[0, 87.99999000000001, 188.99988, 1]","[222.120068402625, 230.9201511, 241.02011459999997, 1]",
recommended,light,ResponseExample,,,,status/statusText,,muted,single status visible,3,pass,5.366687132898906,"[0, 87.99999000000001, 188.99988, 1]","[222.120068402625, 230.9201511, 241.02011459999997, 1]",
recommended,light,ResponseExample,,,,status/statusText,,muted,single status visible,4,pass,6.38323345776271,"[123.00001499999999, 66.00012, 7.000005, 1]","[234.4200159, 228.72016409999998, 222.8201628, 1]",
recommended,light,ResponseExample,,,,status/statusText,,muted,single status visible,5,pass,6.38323345776271,"[123.00001499999999, 66.00012, 7.000005, 1]","[234.4200159, 228.72016409999998, 222.8201628, 1]",
recommended,light,ResponseExample,,,,status/statusText,,muted,single status visible,6,pass,5.143558260577679,"[181.00002, 35.000024999999994, 40.99992, 1]","[240.2200164, 225.62012909999999, 226.2201441, 1]",
recommended,light,ResponseExample,,,,status/statusText,,muted,single status visible,7,pass,5.143558260577679,"[181.00002, 35.000024999999994, 40.99992, 1]","[240.2200164, 225.62012909999999, 226.2201441, 1]",
recommended,light,LifecycleNotice,,,,,,muted,idle,0,pass,6.554958093952449,"[123.00001499999999, 66.00012, 7.000005, 1]","[237.2999655, 231.599976, 225.6999747, 1]",
recommended,light,LifecycleNotice,,,,,,muted,idle,1,pass,6.554958093952449,"[123.00001499999999, 66.00012, 7.000005, 1]","[237.2999655, 231.599976, 225.6999747, 1]",
recommended,light,LifecycleNotice,,,,,,muted,idle,2,pass,5.471250897011913,"[35.99988, 105.99993, 49.99989, 1]","[228.5999775, 235.59995700000002, 229.999953, 1]",
recommended,light,LifecycleNotice,,,,,,muted,idle,3,pass,5.471250897011913,"[35.99988, 105.99993, 49.99989, 1]","[228.5999775, 235.59995700000002, 229.999953, 1]",
recommended,light,LifecycleNotice,,,,,,muted,idle,4,pass,6.554958093952449,"[123.00001499999999, 66.00012, 7.000005, 1]","[237.2999655, 231.599976, 225.6999747, 1]",
recommended,light,LifecycleNotice,,,,,,muted,idle,5,pass,6.554958093952449,"[123.00001499999999, 66.00012, 7.000005, 1]","[237.2999655, 231.599976, 225.6999747, 1]",
recommended,light,LifecycleNotice,,,,,,muted,idle,6,pass,16.588903366922167,"[23.0000055, 23.0000055, 23.0000055, 1]","[245.99990250000002, 245.99990250000002, 245.99990250000002, 1]",
recommended,light,LifecycleNotice,,,,,,muted,idle,7,pass,12.690045762981567,"[45.299995200000005, 45.299995200000005, 45.299995200000005, 1]","[245.99990250000002, 245.99990250000002, 245.99990250000002, 1]",
recommended,light,LifecycleNotice,,,,,,muted,idle,8,pass,5.282214010317145,"[181.00002, 35.000024999999994, 40.99992, 1]","[243.099966, 228.499941, 229.09995600000002, 1]",
recommended,light,LifecycleNotice,,,,,,muted,idle,9,pass,5.282214010317145,"[181.00002, 35.000024999999994, 40.99992, 1]","[243.099966, 228.499941, 229.09995600000002, 1]",
recommended,light,FieldAnnotation,,,,required,,portal own bg-default,open,0,pass,6.487119947951175,"[181.00002, 35.000024999999994, 40.99992, 1]","[255, 255, 255, 1]",
recommended,light,FieldAnnotation,,,,conditional,,portal own bg-default,open,0,pass,8.001378676368077,"[123.00001499999999, 66.00012, 7.000005, 1]","[255, 255, 255, 1]",
recommended,light,semantic text,,primary,,text,/__functional-colors,elevated,idle,0,pass,6.36109275859421,"[107.00004, 47.999925000000005, 207.00007499999998, 1]","[242.0001, 242.0001, 242.0001, 1]",
recommended,light,Badge,,primary,solid,base,/__functional-colors,elevated,idle,0,pass,7.121203584676938,"[255, 255, 255, 1]","[107.00004, 47.999925000000005, 207.00007499999998, 1]",
recommended,light,Alert,,primary,solid,title,/__functional-colors,elevated,idle,0,pass,7.121203584676938,"[255, 255, 255, 1]","[107.00004, 47.999925000000005, 207.00007499999998, 1]",
recommended,light,Alert,,primary,solid,description,/__functional-colors,elevated,idle,0,pass,7.121203584676938,"[255, 255, 255, 1]","[107.00004, 47.999925000000005, 207.00007499999998, 1]",
recommended,light,Badge,,primary,outline,base,/__functional-colors,elevated,idle,0,pass,6.36109275859421,"[107.00004, 47.999925000000005, 207.00007499999998, 1]","[242.0001, 242.0001, 242.0001, 1]",
recommended,light,Alert,,primary,outline,title,/__functional-colors,elevated,idle,0,pass,6.36109275859421,"[107.00004, 47.999925000000005, 207.00007499999998, 1]","[242.0001, 242.0001, 242.0001, 1]",
recommended,light,Alert,,primary,outline,description,/__functional-colors,elevated,idle,0,pass,6.36109275859421,"[107.00004, 47.999925000000005, 207.00007499999998, 1]","[242.0001, 242.0001, 242.0001, 1]",
recommended,light,Badge,,primary,soft,base,/__functional-colors,elevated,idle,0,pass,5.448756880698112,"[107.00004, 47.999925000000005, 207.00007499999998, 1]","[228.50009400000002, 222.6000825, 238.5000975, 1]",
recommended,light,Alert,,primary,soft,title,/__functional-colors,elevated,idle,0,pass,5.448756880698112,"[107.00004, 47.999925000000005, 207.00007499999998, 1]","[228.50009400000002, 222.6000825, 238.5000975, 1]",
recommended,light,Alert,,primary,soft,description,/__functional-colors,elevated,idle,0,pass,5.448756880698112,"[107.00004, 47.999925000000005, 207.00007499999998, 1]","[228.50009400000002, 222.6000825, 238.5000975, 1]",
recommended,light,Badge,,primary,subtle,base,/__functional-colors,elevated,idle,0,pass,5.448756880698112,"[107.00004, 47.999925000000005, 207.00007499999998, 1]","[228.50009400000002, 222.6000825, 238.5000975, 1]",
recommended,light,Alert,,primary,subtle,title,/__functional-colors,elevated,idle,0,pass,5.448756880698112,"[107.00004, 47.999925000000005, 207.00007499999998, 1]","[228.50009400000002, 222.6000825, 238.5000975, 1]",
recommended,light,Alert,,primary,subtle,description,/__functional-colors,elevated,idle,0,pass,5.448756880698112,"[107.00004, 47.999925000000005, 207.00007499999998, 1]","[228.50009400000002, 222.6000825, 238.5000975, 1]",
recommended,light,Button,,primary,solid,base/label,/__functional-colors,elevated,idle,0,pass,7.121203584676938,"[255, 255, 255, 1]","[107.00004, 47.999925000000005, 207.00007499999998, 1]",
recommended,light,Button,,primary,solid,base/label,/__functional-colors,elevated,hover,0,pass,8.20095964623415,"[255, 255, 255, 1]","[96.299985, 43.20006, 186.29994, 1]",
recommended,light,Button,,primary,solid,base/label,/__functional-colors,elevated,active+hover,0,pass,9.450985594228746,"[255, 255, 255, 1]","[85.59993, 38.39994, 165.60005999999998, 1]",
recommended,light,Button,,primary,solid,base/label,/__functional-colors,elevated,keyboard-focus,0,pass,7.121203584676938,"[255, 255, 255, 1]","[107.00004, 47.999925000000005, 207.00007499999998, 1]",
recommended,light,Button,,primary,solid,base/label,/__functional-colors,elevated,keyboard-active+focus,0,pass,9.450985594228746,"[255, 255, 255, 1]","[85.59993, 38.39994, 165.60005999999998, 1]",
recommended,light,Button,,primary,solid,base/label,/__functional-colors,elevated,focus+hover,0,pass,8.20095964623415,"[255, 255, 255, 1]","[96.299985, 43.20006, 186.29994, 1]",
recommended,light,Button,,primary,link,base/label,/__functional-colors,elevated,idle,0,pass,6.36109275859421,"[107.00004, 47.999925000000005, 207.00007499999998, 1]","[242.0001, 242.0001, 242.0001, 1]",
recommended,light,Button,,primary,link,base/label,/__functional-colors,elevated,hover,0,pass,6.36109275859421,"[107.00004, 47.999925000000005, 207.00007499999998, 1]","[242.0001, 242.0001, 242.0001, 1]",
recommended,light,Button,,primary,link,base/label,/__functional-colors,elevated,active+hover,0,pass,6.36109275859421,"[107.00004, 47.999925000000005, 207.00007499999998, 1]","[242.0001, 242.0001, 242.0001, 1]",
recommended,light,Button,,primary,link,base/label,/__functional-colors,elevated,keyboard-focus,0,pass,6.36109275859421,"[107.00004, 47.999925000000005, 207.00007499999998, 1]","[242.0001, 242.0001, 242.0001, 1]",
recommended,light,Button,,primary,link,base/label,/__functional-colors,elevated,keyboard-active+focus,0,pass,6.36109275859421,"[107.00004, 47.999925000000005, 207.00007499999998, 1]","[242.0001, 242.0001, 242.0001, 1]",
recommended,light,Button,,primary,link,base/label,/__functional-colors,elevated,focus+hover,0,pass,6.36109275859421,"[107.00004, 47.999925000000005, 207.00007499999998, 1]","[242.0001, 242.0001, 242.0001, 1]",
recommended,light,semantic text,,secondary,,text,/__functional-colors,elevated,idle,0,pass,5.880388477635331,"[5.999997, 105.000075, 93.99988499999999, 1]","[242.0001, 242.0001, 242.0001, 1]",
recommended,light,Badge,,secondary,solid,base,/__functional-colors,elevated,idle,0,pass,6.583058146676685,"[255, 255, 255, 1]","[5.999997, 105.000075, 93.99988499999999, 1]",
recommended,light,Alert,,secondary,solid,title,/__functional-colors,elevated,idle,0,pass,6.583058146676685,"[255, 255, 255, 1]","[5.999997, 105.000075, 93.99988499999999, 1]",
recommended,light,Alert,,secondary,solid,description,/__functional-colors,elevated,idle,0,pass,6.583058146676685,"[255, 255, 255, 1]","[5.999997, 105.000075, 93.99988499999999, 1]",
recommended,light,Badge,,secondary,outline,base,/__functional-colors,elevated,idle,0,pass,5.880388477635331,"[5.999997, 105.000075, 93.99988499999999, 1]","[242.0001, 242.0001, 242.0001, 1]",
recommended,light,Alert,,secondary,outline,title,/__functional-colors,elevated,idle,0,pass,5.880388477635331,"[5.999997, 105.000075, 93.99988499999999, 1]","[242.0001, 242.0001, 242.0001, 1]",
recommended,light,Alert,,secondary,outline,description,/__functional-colors,elevated,idle,0,pass,5.880388477635331,"[5.999997, 105.000075, 93.99988499999999, 1]","[242.0001, 242.0001, 242.0001, 1]",
recommended,light,Badge,,secondary,soft,base,/__functional-colors,elevated,idle,0,pass,5.089415575103732,"[5.999997, 105.000075, 93.99988499999999, 1]","[218.40010500000002, 228.300072, 227.20007850000002, 1]",
recommended,light,Alert,,secondary,soft,title,/__functional-colors,elevated,idle,0,pass,5.089415575103732,"[5.999997, 105.000075, 93.99988499999999, 1]","[218.40010500000002, 228.300072, 227.20007850000002, 1]",
recommended,light,Alert,,secondary,soft,description,/__functional-colors,elevated,idle,0,pass,5.089415575103732,"[5.999997, 105.000075, 93.99988499999999, 1]","[218.40010500000002, 228.300072, 227.20007850000002, 1]",
recommended,light,Badge,,secondary,subtle,base,/__functional-colors,elevated,idle,0,pass,5.089415575103732,"[5.999997, 105.000075, 93.99988499999999, 1]","[218.40010500000002, 228.300072, 227.20007850000002, 1]",
recommended,light,Alert,,secondary,subtle,title,/__functional-colors,elevated,idle,0,pass,5.089415575103732,"[5.999997, 105.000075, 93.99988499999999, 1]","[218.40010500000002, 228.300072, 227.20007850000002, 1]",
recommended,light,Alert,,secondary,subtle,description,/__functional-colors,elevated,idle,0,pass,5.089415575103732,"[5.999997, 105.000075, 93.99988499999999, 1]","[218.40010500000002, 228.300072, 227.20007850000002, 1]",
recommended,light,Button,,secondary,solid,base/label,/__functional-colors,elevated,idle,0,pass,6.583058146676685,"[255, 255, 255, 1]","[5.999997, 105.000075, 93.99988499999999, 1]",
recommended,light,Button,,secondary,solid,base/label,/__functional-colors,elevated,hover,0,pass,7.620293273853335,"[255, 255, 255, 1]","[5.4000075, 94.49994, 84.60007499999999, 1]",
recommended,light,Button,,secondary,solid,base/label,/__functional-colors,elevated,active+hover,0,pass,8.836617659503887,"[255, 255, 255, 1]","[4.7999925, 84.00005999999999, 75.20001, 1]",
recommended,light,Button,,secondary,solid,base/label,/__functional-colors,elevated,keyboard-focus,0,pass,6.583058146676685,"[255, 255, 255, 1]","[5.999997, 105.000075, 93.99988499999999, 1]",
recommended,light,Button,,secondary,solid,base/label,/__functional-colors,elevated,keyboard-active+focus,0,pass,8.836617659503887,"[255, 255, 255, 1]","[4.7999925, 84.00005999999999, 75.20001, 1]",
recommended,light,Button,,secondary,solid,base/label,/__functional-colors,elevated,focus+hover,0,pass,7.620293273853335,"[255, 255, 255, 1]","[5.4000075, 94.49994, 84.60007499999999, 1]",
recommended,light,Button,,secondary,link,base/label,/__functional-colors,elevated,idle,0,pass,5.880388477635331,"[5.999997, 105.000075, 93.99988499999999, 1]","[242.0001, 242.0001, 242.0001, 1]",
recommended,light,Button,,secondary,link,base/label,/__functional-colors,elevated,hover,0,pass,5.880388477635331,"[5.999997, 105.000075, 93.99988499999999, 1]","[242.0001, 242.0001, 242.0001, 1]",
recommended,light,Button,,secondary,link,base/label,/__functional-colors,elevated,active+hover,0,pass,5.880388477635331,"[5.999997, 105.000075, 93.99988499999999, 1]","[242.0001, 242.0001, 242.0001, 1]",
recommended,light,Button,,secondary,link,base/label,/__functional-colors,elevated,keyboard-focus,0,pass,5.880388477635331,"[5.999997, 105.000075, 93.99988499999999, 1]","[242.0001, 242.0001, 242.0001, 1]",
recommended,light,Button,,secondary,link,base/label,/__functional-colors,elevated,keyboard-active+focus,0,pass,5.880388477635331,"[5.999997, 105.000075, 93.99988499999999, 1]","[242.0001, 242.0001, 242.0001, 1]",
recommended,light,Button,,secondary,link,base/label,/__functional-colors,elevated,focus+hover,0,pass,5.880388477635331,"[5.999997, 105.000075, 93.99988499999999, 1]","[242.0001, 242.0001, 242.0001, 1]",
recommended,light,semantic text,,success,,text,/__functional-colors,elevated,idle,0,pass,5.893922594395495,"[35.99988, 105.99993, 49.99989, 1]","[242.0001, 242.0001, 242.0001, 1]",
recommended,light,Badge,,success,solid,base,/__functional-colors,elevated,idle,0,pass,6.598209505797759,"[255, 255, 255, 1]","[35.99988, 105.99993, 49.99989, 1]",
recommended,light,Alert,,success,solid,title,/__functional-colors,elevated,idle,0,pass,6.598209505797759,"[255, 255, 255, 1]","[35.99988, 105.99993, 49.99989, 1]",
recommended,light,Alert,,success,solid,description,/__functional-colors,elevated,idle,0,pass,6.598209505797759,"[255, 255, 255, 1]","[35.99988, 105.99993, 49.99989, 1]",
recommended,light,Badge,,success,outline,base,/__functional-colors,elevated,idle,0,pass,5.893922594395495,"[35.99988, 105.99993, 49.99989, 1]","[242.0001, 242.0001, 242.0001, 1]",
recommended,light,Alert,,success,outline,title,/__functional-colors,elevated,idle,0,pass,5.893922594395495,"[35.99988, 105.99993, 49.99989, 1]","[242.0001, 242.0001, 242.0001, 1]",
recommended,light,Alert,,success,outline,description,/__functional-colors,elevated,idle,0,pass,5.893922594395495,"[35.99988, 105.99993, 49.99989, 1]","[242.0001, 242.0001, 242.0001, 1]",
recommended,light,Badge,,success,soft,base,/__functional-colors,elevated,idle,0,pass,5.11890122002593,"[35.99988, 105.99993, 49.99989, 1]","[221.4001035, 228.40008300000002, 222.800079, 1]",
recommended,light,Alert,,success,soft,title,/__functional-colors,elevated,idle,0,pass,5.11890122002593,"[35.99988, 105.99993, 49.99989, 1]","[221.4001035, 228.40008300000002, 222.800079, 1]",
recommended,light,Alert,,success,soft,description,/__functional-colors,elevated,idle,0,pass,5.11890122002593,"[35.99988, 105.99993, 49.99989, 1]","[221.4001035, 228.40008300000002, 222.800079, 1]",
recommended,light,Badge,,success,subtle,base,/__functional-colors,elevated,idle,0,pass,5.11890122002593,"[35.99988, 105.99993, 49.99989, 1]","[221.4001035, 228.40008300000002, 222.800079, 1]",
recommended,light,Alert,,success,subtle,title,/__functional-colors,elevated,idle,0,pass,5.11890122002593,"[35.99988, 105.99993, 49.99989, 1]","[221.4001035, 228.40008300000002, 222.800079, 1]",
recommended,light,Alert,,success,subtle,description,/__functional-colors,elevated,idle,0,pass,5.11890122002593,"[35.99988, 105.99993, 49.99989, 1]","[221.4001035, 228.40008300000002, 222.800079, 1]",
recommended,light,Button,,success,solid,base/label,/__functional-colors,elevated,idle,0,pass,6.598209505797759,"[255, 255, 255, 1]","[35.99988, 105.99993, 49.99989, 1]",
recommended,light,Button,,success,solid,base/label,/__functional-colors,elevated,hover,0,pass,7.630997421532101,"[255, 255, 255, 1]","[32.400045, 95.40009, 45.000105, 1]",
recommended,light,Button,,success,solid,base/label,/__functional-colors,elevated,active+hover,0,pass,8.840573607206386,"[255, 255, 255, 1]","[28.799955, 84.799995, 40.000065, 1]",
recommended,light,Button,,success,solid,base/label,/__functional-colors,elevated,keyboard-focus,0,pass,6.598209505797759,"[255, 255, 255, 1]","[35.99988, 105.99993, 49.99989, 1]",
recommended,light,Button,,success,solid,base/label,/__functional-colors,elevated,keyboard-active+focus,0,pass,8.840573607206386,"[255, 255, 255, 1]","[28.799955, 84.799995, 40.000065, 1]",
recommended,light,Button,,success,solid,base/label,/__functional-colors,elevated,focus+hover,0,pass,7.630997421532101,"[255, 255, 255, 1]","[32.400045, 95.40009, 45.000105, 1]",
recommended,light,Button,,success,link,base/label,/__functional-colors,elevated,idle,0,pass,5.893922594395495,"[35.99988, 105.99993, 49.99989, 1]","[242.0001, 242.0001, 242.0001, 1]",
recommended,light,Button,,success,link,base/label,/__functional-colors,elevated,hover,0,pass,5.893922594395495,"[35.99988, 105.99993, 49.99989, 1]","[242.0001, 242.0001, 242.0001, 1]",
recommended,light,Button,,success,link,base/label,/__functional-colors,elevated,active+hover,0,pass,5.893922594395495,"[35.99988, 105.99993, 49.99989, 1]","[242.0001, 242.0001, 242.0001, 1]",
recommended,light,Button,,success,link,base/label,/__functional-colors,elevated,keyboard-focus,0,pass,5.893922594395495,"[35.99988, 105.99993, 49.99989, 1]","[242.0001, 242.0001, 242.0001, 1]",
recommended,light,Button,,success,link,base/label,/__functional-colors,elevated,keyboard-active+focus,0,pass,5.893922594395495,"[35.99988, 105.99993, 49.99989, 1]","[242.0001, 242.0001, 242.0001, 1]",
recommended,light,Button,,success,link,base/label,/__functional-colors,elevated,focus+hover,0,pass,5.893922594395495,"[35.99988, 105.99993, 49.99989, 1]","[242.0001, 242.0001, 242.0001, 1]",
recommended,light,semantic text,,info,,text,/__functional-colors,elevated,idle,0,pass,5.991760018033686,"[0, 87.99999000000001, 188.99988, 1]","[242.0001, 242.0001, 242.0001, 1]",
recommended,light,Badge,,info,solid,base,/__functional-colors,elevated,idle,0,pass,6.70773789005006,"[255, 255, 255, 1]","[0, 87.99999000000001, 188.99988, 1]",
recommended,light,Alert,,info,solid,title,/__functional-colors,elevated,idle,0,pass,6.70773789005006,"[255, 255, 255, 1]","[0, 87.99999000000001, 188.99988, 1]",
recommended,light,Alert,,info,solid,description,/__functional-colors,elevated,idle,0,pass,6.70773789005006,"[255, 255, 255, 1]","[0, 87.99999000000001, 188.99988, 1]",
recommended,light,Badge,,info,outline,base,/__functional-colors,elevated,idle,0,pass,5.991760018033686,"[0, 87.99999000000001, 188.99988, 1]","[242.0001, 242.0001, 242.0001, 1]",
recommended,light,Alert,,info,outline,title,/__functional-colors,elevated,idle,0,pass,5.991760018033686,"[0, 87.99999000000001, 188.99988, 1]","[242.0001, 242.0001, 242.0001, 1]",
recommended,light,Alert,,info,outline,description,/__functional-colors,elevated,idle,0,pass,5.991760018033686,"[0, 87.99999000000001, 188.99988, 1]","[242.0001, 242.0001, 242.0001, 1]",
recommended,light,Badge,,info,soft,base,/__functional-colors,elevated,idle,0,pass,5.154812943032272,"[0, 87.99999000000001, 188.99988, 1]","[217.80014400262502, 226.60008900000003, 236.70005250000003, 1]",
recommended,light,Alert,,info,soft,title,/__functional-colors,elevated,idle,0,pass,5.154812943032272,"[0, 87.99999000000001, 188.99988, 1]","[217.80014400262502, 226.60008900000003, 236.70005250000003, 1]",
recommended,light,Alert,,info,soft,description,/__functional-colors,elevated,idle,0,pass,5.154812943032272,"[0, 87.99999000000001, 188.99988, 1]","[217.80014400262502, 226.60008900000003, 236.70005250000003, 1]",
recommended,light,Badge,,info,subtle,base,/__functional-colors,elevated,idle,0,pass,5.154812943032272,"[0, 87.99999000000001, 188.99988, 1]","[217.80014400262502, 226.60008900000003, 236.70005250000003, 1]",
recommended,light,Alert,,info,subtle,title,/__functional-colors,elevated,idle,0,pass,5.154812943032272,"[0, 87.99999000000001, 188.99988, 1]","[217.80014400262502, 226.60008900000003, 236.70005250000003, 1]",
recommended,light,Alert,,info,subtle,description,/__functional-colors,elevated,idle,0,pass,5.154812943032272,"[0, 87.99999000000001, 188.99988, 1]","[217.80014400262502, 226.60008900000003, 236.70005250000003, 1]",
recommended,light,Button,,info,solid,base/label,/__functional-colors,elevated,idle,0,pass,6.70773789005006,"[255, 255, 255, 1]","[0, 87.99999000000001, 188.99988, 1]",
recommended,light,Button,,info,solid,base/label,/__functional-colors,elevated,hover,0,pass,7.762298638770592,"[255, 255, 255, 1]","[0, 79.19994, 170.100045, 1]",
recommended,light,Button,,info,solid,base/label,/__functional-colors,elevated,active+hover,0,pass,8.996361336393038,"[255, 255, 255, 1]","[0, 70.39989, 151.19995500000002, 1]",
recommended,light,Button,,info,solid,base/label,/__functional-colors,elevated,keyboard-focus,0,pass,6.70773789005006,"[255, 255, 255, 1]","[0, 87.99999000000001, 188.99988, 1]",
recommended,light,Button,,info,solid,base/label,/__functional-colors,elevated,keyboard-active+focus,0,pass,8.996361336393038,"[255, 255, 255, 1]","[0, 70.39989, 151.19995500000002, 1]",
recommended,light,Button,,info,solid,base/label,/__functional-colors,elevated,focus+hover,0,pass,7.762298638770592,"[255, 255, 255, 1]","[0, 79.19994, 170.100045, 1]",
recommended,light,Button,,info,link,base/label,/__functional-colors,elevated,idle,0,pass,5.991760018033686,"[0, 87.99999000000001, 188.99988, 1]","[242.0001, 242.0001, 242.0001, 1]",
recommended,light,Button,,info,link,base/label,/__functional-colors,elevated,hover,0,pass,5.991760018033686,"[0, 87.99999000000001, 188.99988, 1]","[242.0001, 242.0001, 242.0001, 1]",
recommended,light,Button,,info,link,base/label,/__functional-colors,elevated,active+hover,0,pass,5.991760018033686,"[0, 87.99999000000001, 188.99988, 1]","[242.0001, 242.0001, 242.0001, 1]",
recommended,light,Button,,info,link,base/label,/__functional-colors,elevated,keyboard-focus,0,pass,5.991760018033686,"[0, 87.99999000000001, 188.99988, 1]","[242.0001, 242.0001, 242.0001, 1]",
recommended,light,Button,,info,link,base/label,/__functional-colors,elevated,keyboard-active+focus,0,pass,5.991760018033686,"[0, 87.99999000000001, 188.99988, 1]","[242.0001, 242.0001, 242.0001, 1]",
recommended,light,Button,,info,link,base/label,/__functional-colors,elevated,focus+hover,0,pass,5.991760018033686,"[0, 87.99999000000001, 188.99988, 1]","[242.0001, 242.0001, 242.0001, 1]",
recommended,light,semantic text,,warning,,text,/__functional-colors,elevated,idle,0,pass,7.147318757538951,"[123.00001499999999, 66.00012, 7.000005, 1]","[242.0001, 242.0001, 242.0001, 1]",
recommended,light,Badge,,warning,solid,base,/__functional-colors,elevated,idle,0,pass,8.001378676368077,"[255, 255, 255, 1]","[123.00001499999999, 66.00012, 7.000005, 1]",
recommended,light,Alert,,warning,solid,title,/__functional-colors,elevated,idle,0,pass,8.001378676368077,"[255, 255, 255, 1]","[123.00001499999999, 66.00012, 7.000005, 1]",
recommended,light,Alert,,warning,solid,description,/__functional-colors,elevated,idle,0,pass,8.001378676368077,"[255, 255, 255, 1]","[123.00001499999999, 66.00012, 7.000005, 1]",
recommended,light,Badge,,warning,outline,base,/__functional-colors,elevated,idle,0,pass,7.147318757538951,"[123.00001499999999, 66.00012, 7.000005, 1]","[242.0001, 242.0001, 242.0001, 1]",
recommended,light,Alert,,warning,outline,title,/__functional-colors,elevated,idle,0,pass,7.147318757538951,"[123.00001499999999, 66.00012, 7.000005, 1]","[242.0001, 242.0001, 242.0001, 1]",
recommended,light,Alert,,warning,outline,description,/__functional-colors,elevated,idle,0,pass,7.147318757538951,"[123.00001499999999, 66.00012, 7.000005, 1]","[242.0001, 242.0001, 242.0001, 1]",
recommended,light,Badge,,warning,soft,base,/__functional-colors,elevated,idle,0,pass,6.130913255950162,"[123.00001499999999, 66.00012, 7.000005, 1]","[230.10009150000002, 224.400102, 218.50010070000002, 1]",
recommended,light,Alert,,warning,soft,title,/__functional-colors,elevated,idle,0,pass,6.130913255950162,"[123.00001499999999, 66.00012, 7.000005, 1]","[230.10009150000002, 224.400102, 218.50010070000002, 1]",
recommended,light,Alert,,warning,soft,description,/__functional-colors,elevated,idle,0,pass,6.130913255950162,"[123.00001499999999, 66.00012, 7.000005, 1]","[230.10009150000002, 224.400102, 218.50010070000002, 1]",
recommended,light,Badge,,warning,subtle,base,/__functional-colors,elevated,idle,0,pass,6.130913255950162,"[123.00001499999999, 66.00012, 7.000005, 1]","[230.10009150000002, 224.400102, 218.50010070000002, 1]",
recommended,light,Alert,,warning,subtle,title,/__functional-colors,elevated,idle,0,pass,6.130913255950162,"[123.00001499999999, 66.00012, 7.000005, 1]","[230.10009150000002, 224.400102, 218.50010070000002, 1]",
recommended,light,Alert,,warning,subtle,description,/__functional-colors,elevated,idle,0,pass,6.130913255950162,"[123.00001499999999, 66.00012, 7.000005, 1]","[230.10009150000002, 224.400102, 218.50010070000002, 1]",
recommended,light,Button,,warning,solid,base/label,/__functional-colors,elevated,idle,0,pass,8.001378676368077,"[255, 255, 255, 1]","[123.00001499999999, 66.00012, 7.000005, 1]",
recommended,light,Button,,warning,solid,base/label,/__functional-colors,elevated,hover,0,pass,9.096348972153493,"[255, 255, 255, 1]","[110.70009, 59.399955000000006, 6.3000045, 1]",
recommended,light,Button,,warning,solid,base/label,/__functional-colors,elevated,active+hover,0,pass,10.335399608767965,"[255, 255, 255, 1]","[98.39991, 52.800045, 5.600004, 1]",
recommended,light,Button,,warning,solid,base/label,/__functional-colors,elevated,keyboard-focus,0,pass,8.001378676368077,"[255, 255, 255, 1]","[123.00001499999999, 66.00012, 7.000005, 1]",
recommended,light,Button,,warning,solid,base/label,/__functional-colors,elevated,keyboard-active+focus,0,pass,10.335399608767965,"[255, 255, 255, 1]","[98.39991, 52.800045, 5.600004, 1]",
recommended,light,Button,,warning,solid,base/label,/__functional-colors,elevated,focus+hover,0,pass,9.096348972153493,"[255, 255, 255, 1]","[110.70009, 59.399955000000006, 6.3000045, 1]",
recommended,light,Button,,warning,link,base/label,/__functional-colors,elevated,idle,0,pass,7.147318757538951,"[123.00001499999999, 66.00012, 7.000005, 1]","[242.0001, 242.0001, 242.0001, 1]",
recommended,light,Button,,warning,link,base/label,/__functional-colors,elevated,hover,0,pass,7.147318757538951,"[123.00001499999999, 66.00012, 7.000005, 1]","[242.0001, 242.0001, 242.0001, 1]",
recommended,light,Button,,warning,link,base/label,/__functional-colors,elevated,active+hover,0,pass,7.147318757538951,"[123.00001499999999, 66.00012, 7.000005, 1]","[242.0001, 242.0001, 242.0001, 1]",
recommended,light,Button,,warning,link,base/label,/__functional-colors,elevated,keyboard-focus,0,pass,7.147318757538951,"[123.00001499999999, 66.00012, 7.000005, 1]","[242.0001, 242.0001, 242.0001, 1]",
recommended,light,Button,,warning,link,base/label,/__functional-colors,elevated,keyboard-active+focus,0,pass,7.147318757538951,"[123.00001499999999, 66.00012, 7.000005, 1]","[242.0001, 242.0001, 242.0001, 1]",
recommended,light,Button,,warning,link,base/label,/__functional-colors,elevated,focus+hover,0,pass,7.147318757538951,"[123.00001499999999, 66.00012, 7.000005, 1]","[242.0001, 242.0001, 242.0001, 1]",
recommended,light,semantic text,,error,,text,/__functional-colors,elevated,idle,0,pass,5.794690635419646,"[181.00002, 35.000024999999994, 40.99992, 1]","[242.0001, 242.0001, 242.0001, 1]",
recommended,light,Badge,,error,solid,base,/__functional-colors,elevated,idle,0,pass,6.487119947951175,"[255, 255, 255, 1]","[181.00002, 35.000024999999994, 40.99992, 1]",
recommended,light,Alert,,error,solid,title,/__functional-colors,elevated,idle,0,pass,6.487119947951175,"[255, 255, 255, 1]","[181.00002, 35.000024999999994, 40.99992, 1]",
recommended,light,Alert,,error,solid,description,/__functional-colors,elevated,idle,0,pass,6.487119947951175,"[255, 255, 255, 1]","[181.00002, 35.000024999999994, 40.99992, 1]",
recommended,light,Badge,,error,outline,base,/__functional-colors,elevated,idle,0,pass,5.794690635419646,"[181.00002, 35.000024999999994, 40.99992, 1]","[242.0001, 242.0001, 242.0001, 1]",
recommended,light,Alert,,error,outline,title,/__functional-colors,elevated,idle,0,pass,5.794690635419646,"[181.00002, 35.000024999999994, 40.99992, 1]","[242.0001, 242.0001, 242.0001, 1]",
recommended,light,Alert,,error,outline,description,/__functional-colors,elevated,idle,0,pass,5.794690635419646,"[181.00002, 35.000024999999994, 40.99992, 1]","[242.0001, 242.0001, 242.0001, 1]",
recommended,light,Badge,,error,soft,base,/__functional-colors,elevated,idle,0,pass,4.939839404675609,"[181.00002, 35.000024999999994, 40.99992, 1]","[235.900092, 221.300067, 221.900082, 1]",
recommended,light,Alert,,error,soft,title,/__functional-colors,elevated,idle,0,pass,4.939839404675609,"[181.00002, 35.000024999999994, 40.99992, 1]","[235.900092, 221.300067, 221.900082, 1]",
recommended,light,Alert,,error,soft,description,/__functional-colors,elevated,idle,0,pass,4.939839404675609,"[181.00002, 35.000024999999994, 40.99992, 1]","[235.900092, 221.300067, 221.900082, 1]",
recommended,light,Badge,,error,subtle,base,/__functional-colors,elevated,idle,0,pass,4.939839404675609,"[181.00002, 35.000024999999994, 40.99992, 1]","[235.900092, 221.300067, 221.900082, 1]",
recommended,light,Alert,,error,subtle,title,/__functional-colors,elevated,idle,0,pass,4.939839404675609,"[181.00002, 35.000024999999994, 40.99992, 1]","[235.900092, 221.300067, 221.900082, 1]",
recommended,light,Alert,,error,subtle,description,/__functional-colors,elevated,idle,0,pass,4.939839404675609,"[181.00002, 35.000024999999994, 40.99992, 1]","[235.900092, 221.300067, 221.900082, 1]",
recommended,light,Button,,error,solid,base/label,/__functional-colors,elevated,idle,0,pass,6.487119947951175,"[255, 255, 255, 1]","[181.00002, 35.000024999999994, 40.99992, 1]",
recommended,light,Button,,error,solid,base/label,/__functional-colors,elevated,hover,0,pass,7.545692556917561,"[255, 255, 255, 1]","[162.90012, 31.499895, 36.90003, 1]",
recommended,light,Button,,error,solid,base/label,/__functional-colors,elevated,active+hover,0,pass,8.793394550640816,"[255, 255, 255, 1]","[144.799965, 28.00002, 32.799884999999996, 1]",
recommended,light,Button,,error,solid,base/label,/__functional-colors,elevated,keyboard-focus,0,pass,6.487119947951175,"[255, 255, 255, 1]","[181.00002, 35.000024999999994, 40.99992, 1]",
recommended,light,Button,,error,solid,base/label,/__functional-colors,elevated,keyboard-active+focus,0,pass,8.793394550640816,"[255, 255, 255, 1]","[144.799965, 28.00002, 32.799884999999996, 1]",
recommended,light,Button,,error,solid,base/label,/__functional-colors,elevated,focus+hover,0,pass,7.545692556917561,"[255, 255, 255, 1]","[162.90012, 31.499895, 36.90003, 1]",
recommended,light,Button,,error,link,base/label,/__functional-colors,elevated,idle,0,pass,5.794690635419646,"[181.00002, 35.000024999999994, 40.99992, 1]","[242.0001, 242.0001, 242.0001, 1]",
recommended,light,Button,,error,link,base/label,/__functional-colors,elevated,hover,0,pass,5.794690635419646,"[181.00002, 35.000024999999994, 40.99992, 1]","[242.0001, 242.0001, 242.0001, 1]",
recommended,light,Button,,error,link,base/label,/__functional-colors,elevated,active+hover,0,pass,5.794690635419646,"[181.00002, 35.000024999999994, 40.99992, 1]","[242.0001, 242.0001, 242.0001, 1]",
recommended,light,Button,,error,link,base/label,/__functional-colors,elevated,keyboard-focus,0,pass,5.794690635419646,"[181.00002, 35.000024999999994, 40.99992, 1]","[242.0001, 242.0001, 242.0001, 1]",
recommended,light,Button,,error,link,base/label,/__functional-colors,elevated,keyboard-active+focus,0,pass,5.794690635419646,"[181.00002, 35.000024999999994, 40.99992, 1]","[242.0001, 242.0001, 242.0001, 1]",
recommended,light,Button,,error,link,base/label,/__functional-colors,elevated,focus+hover,0,pass,5.794690635419646,"[181.00002, 35.000024999999994, 40.99992, 1]","[242.0001, 242.0001, 242.0001, 1]",
recommended,light,FormField,,error,,error,,elevated,visible,0,pass,5.794690635419646,"[181.00002, 35.000024999999994, 40.99992, 1]","[242.0001, 242.0001, 242.0001, 1]",
recommended,light,API fixture,F1,,,,,elevated,idle,0,pass,5.794690635419646,"[181.00002, 35.000024999999994, 40.99992, 1]","[242.0001, 242.0001, 242.0001, 1]",
recommended,light,API fixture,F2,,,,,elevated,idle,0,pass,7.147318757538951,"[123.00001499999999, 66.00012, 7.000005, 1]","[242.0001, 242.0001, 242.0001, 1]",
recommended,light,API fixture,F5-field-caveat,,,,,elevated,idle,0,pass,6.130913255950162,"[123.00001499999999, 66.00012, 7.000005, 1]","[230.10009150000002, 224.400102, 218.50010070000002, 1]",
recommended,light,API fixture,F5-field-caveat,,,,,elevated,idle,1,pass,5.98723915066706,"[82.000095, 82.000095, 82.000095, 1]","[230.10009150000002, 224.400102, 218.50010070000002, 1]",
recommended,light,API fixture,value-caveat,,,,,elevated,idle,0,pass,6.130913255950162,"[123.00001499999999, 66.00012, 7.000005, 1]","[230.10009150000002, 224.400102, 218.50010070000002, 1]",
recommended,light,API fixture,value-caveat,,,,,elevated,idle,1,pass,5.98723915066706,"[82.000095, 82.000095, 82.000095, 1]","[230.10009150000002, 224.400102, 218.50010070000002, 1]",
recommended,light,ResponseExample,,,,status/statusText,,elevated,single status visible,0,pass,5.328570108307233,"[35.99988, 105.99993, 49.99989, 1]","[225.7200279, 232.7201451, 227.12014109999998, 1]",
recommended,light,ResponseExample,,,,status/statusText,,elevated,single status visible,1,pass,5.328570108307233,"[35.99988, 105.99993, 49.99989, 1]","[225.7200279, 232.7201451, 227.12014109999998, 1]",
recommended,light,ResponseExample,,,,status/statusText,,elevated,single status visible,2,pass,5.366687132898906,"[0, 87.99999000000001, 188.99988, 1]","[222.120068402625, 230.9201511, 241.02011459999997, 1]",
recommended,light,ResponseExample,,,,status/statusText,,elevated,single status visible,3,pass,5.366687132898906,"[0, 87.99999000000001, 188.99988, 1]","[222.120068402625, 230.9201511, 241.02011459999997, 1]",
recommended,light,ResponseExample,,,,status/statusText,,elevated,single status visible,4,pass,6.38323345776271,"[123.00001499999999, 66.00012, 7.000005, 1]","[234.4200159, 228.72016409999998, 222.8201628, 1]",
recommended,light,ResponseExample,,,,status/statusText,,elevated,single status visible,5,pass,6.38323345776271,"[123.00001499999999, 66.00012, 7.000005, 1]","[234.4200159, 228.72016409999998, 222.8201628, 1]",
recommended,light,ResponseExample,,,,status/statusText,,elevated,single status visible,6,pass,5.143558260577679,"[181.00002, 35.000024999999994, 40.99992, 1]","[240.2200164, 225.62012909999999, 226.2201441, 1]",
recommended,light,ResponseExample,,,,status/statusText,,elevated,single status visible,7,pass,5.143558260577679,"[181.00002, 35.000024999999994, 40.99992, 1]","[240.2200164, 225.62012909999999, 226.2201441, 1]",
recommended,light,LifecycleNotice,,,,,,elevated,idle,0,pass,6.130913255950162,"[123.00001499999999, 66.00012, 7.000005, 1]","[230.10009150000002, 224.400102, 218.50010070000002, 1]",
recommended,light,LifecycleNotice,,,,,,elevated,idle,1,pass,6.130913255950162,"[123.00001499999999, 66.00012, 7.000005, 1]","[230.10009150000002, 224.400102, 218.50010070000002, 1]",
recommended,light,LifecycleNotice,,,,,,elevated,idle,2,pass,5.11890122002593,"[35.99988, 105.99993, 49.99989, 1]","[221.4001035, 228.40008300000002, 222.800079, 1]",
recommended,light,LifecycleNotice,,,,,,elevated,idle,3,pass,5.11890122002593,"[35.99988, 105.99993, 49.99989, 1]","[221.4001035, 228.40008300000002, 222.800079, 1]",
recommended,light,LifecycleNotice,,,,,,elevated,idle,4,pass,6.130913255950162,"[123.00001499999999, 66.00012, 7.000005, 1]","[230.10009150000002, 224.400102, 218.50010070000002, 1]",
recommended,light,LifecycleNotice,,,,,,elevated,idle,5,pass,6.130913255950162,"[123.00001499999999, 66.00012, 7.000005, 1]","[230.10009150000002, 224.400102, 218.50010070000002, 1]",
recommended,light,LifecycleNotice,,,,,,elevated,idle,6,pass,16.01421985372683,"[23.0000055, 23.0000055, 23.0000055, 1]","[241.9999725, 241.9999725, 241.9999725, 1]",
recommended,light,LifecycleNotice,,,,,,elevated,idle,7,pass,12.319264149745326,"[44.9000022, 44.9000022, 44.9000022, 1]","[241.9999725, 241.9999725, 241.9999725, 1]",
recommended,light,LifecycleNotice,,,,,,elevated,idle,8,pass,4.939839404675609,"[181.00002, 35.000024999999994, 40.99992, 1]","[235.900092, 221.300067, 221.900082, 1]",
recommended,light,LifecycleNotice,,,,,,elevated,idle,9,pass,4.939839404675609,"[181.00002, 35.000024999999994, 40.99992, 1]","[235.900092, 221.300067, 221.900082, 1]",
recommended,light,FieldAnnotation,,,,required,,portal own bg-default,open,0,pass,6.487119947951175,"[181.00002, 35.000024999999994, 40.99992, 1]","[255, 255, 255, 1]",
recommended,light,FieldAnnotation,,,,conditional,,portal own bg-default,open,0,pass,8.001378676368077,"[123.00001499999999, 66.00012, 7.000005, 1]","[255, 255, 255, 1]",
recommended,light,semantic text,,primary,,text,/__functional-colors,accented,idle,0,pass,5.9734733527195685,"[107.00004, 47.999925000000005, 207.00007499999998, 1]","[235.000095, 235.000095, 235.000095, 1]",
recommended,light,Badge,,primary,solid,base,/__functional-colors,accented,idle,0,pass,7.121203584676938,"[255, 255, 255, 1]","[107.00004, 47.999925000000005, 207.00007499999998, 1]",
recommended,light,Alert,,primary,solid,title,/__functional-colors,accented,idle,0,pass,7.121203584676938,"[255, 255, 255, 1]","[107.00004, 47.999925000000005, 207.00007499999998, 1]",
recommended,light,Alert,,primary,solid,description,/__functional-colors,accented,idle,0,pass,7.121203584676938,"[255, 255, 255, 1]","[107.00004, 47.999925000000005, 207.00007499999998, 1]",
recommended,light,Badge,,primary,outline,base,/__functional-colors,accented,idle,0,pass,5.9734733527195685,"[107.00004, 47.999925000000005, 207.00007499999998, 1]","[235.000095, 235.000095, 235.000095, 1]",
recommended,light,Alert,,primary,outline,title,/__functional-colors,accented,idle,0,pass,5.9734733527195685,"[107.00004, 47.999925000000005, 207.00007499999998, 1]","[235.000095, 235.000095, 235.000095, 1]",
recommended,light,Alert,,primary,outline,description,/__functional-colors,accented,idle,0,pass,5.9734733527195685,"[107.00004, 47.999925000000005, 207.00007499999998, 1]","[235.000095, 235.000095, 235.000095, 1]",
recommended,light,Badge,,primary,soft,base,/__functional-colors,accented,idle,0,pass,5.131635806016833,"[107.00004, 47.999925000000005, 207.00007499999998, 1]","[222.2000895, 216.30007799999998, 232.20009299999998, 1]",
recommended,light,Alert,,primary,soft,title,/__functional-colors,accented,idle,0,pass,5.131635806016833,"[107.00004, 47.999925000000005, 207.00007499999998, 1]","[222.2000895, 216.30007799999998, 232.20009299999998, 1]",
recommended,light,Alert,,primary,soft,description,/__functional-colors,accented,idle,0,pass,5.131635806016833,"[107.00004, 47.999925000000005, 207.00007499999998, 1]","[222.2000895, 216.30007799999998, 232.20009299999998, 1]",
recommended,light,Badge,,primary,subtle,base,/__functional-colors,accented,idle,0,pass,5.131635806016833,"[107.00004, 47.999925000000005, 207.00007499999998, 1]","[222.2000895, 216.30007799999998, 232.20009299999998, 1]",
recommended,light,Alert,,primary,subtle,title,/__functional-colors,accented,idle,0,pass,5.131635806016833,"[107.00004, 47.999925000000005, 207.00007499999998, 1]","[222.2000895, 216.30007799999998, 232.20009299999998, 1]",
recommended,light,Alert,,primary,subtle,description,/__functional-colors,accented,idle,0,pass,5.131635806016833,"[107.00004, 47.999925000000005, 207.00007499999998, 1]","[222.2000895, 216.30007799999998, 232.20009299999998, 1]",
recommended,light,Button,,primary,solid,base/label,/__functional-colors,accented,idle,0,pass,7.121203584676938,"[255, 255, 255, 1]","[107.00004, 47.999925000000005, 207.00007499999998, 1]",
recommended,light,Button,,primary,solid,base/label,/__functional-colors,accented,hover,0,pass,8.20095964623415,"[255, 255, 255, 1]","[96.299985, 43.20006, 186.29994, 1]",
recommended,light,Button,,primary,solid,base/label,/__functional-colors,accented,active+hover,0,pass,9.450985594228746,"[255, 255, 255, 1]","[85.59993, 38.39994, 165.60005999999998, 1]",
recommended,light,Button,,primary,solid,base/label,/__functional-colors,accented,keyboard-focus,0,pass,7.121203584676938,"[255, 255, 255, 1]","[107.00004, 47.999925000000005, 207.00007499999998, 1]",
recommended,light,Button,,primary,solid,base/label,/__functional-colors,accented,keyboard-active+focus,0,pass,9.450985594228746,"[255, 255, 255, 1]","[85.59993, 38.39994, 165.60005999999998, 1]",
recommended,light,Button,,primary,solid,base/label,/__functional-colors,accented,focus+hover,0,pass,8.20095964623415,"[255, 255, 255, 1]","[96.299985, 43.20006, 186.29994, 1]",
recommended,light,Button,,primary,link,base/label,/__functional-colors,accented,idle,0,pass,5.9734733527195685,"[107.00004, 47.999925000000005, 207.00007499999998, 1]","[235.000095, 235.000095, 235.000095, 1]",
recommended,light,Button,,primary,link,base/label,/__functional-colors,accented,hover,0,pass,5.9734733527195685,"[107.00004, 47.999925000000005, 207.00007499999998, 1]","[235.000095, 235.000095, 235.000095, 1]",
recommended,light,Button,,primary,link,base/label,/__functional-colors,accented,active+hover,0,pass,5.9734733527195685,"[107.00004, 47.999925000000005, 207.00007499999998, 1]","[235.000095, 235.000095, 235.000095, 1]",
recommended,light,Button,,primary,link,base/label,/__functional-colors,accented,keyboard-focus,0,pass,5.9734733527195685,"[107.00004, 47.999925000000005, 207.00007499999998, 1]","[235.000095, 235.000095, 235.000095, 1]",
recommended,light,Button,,primary,link,base/label,/__functional-colors,accented,keyboard-active+focus,0,pass,5.9734733527195685,"[107.00004, 47.999925000000005, 207.00007499999998, 1]","[235.000095, 235.000095, 235.000095, 1]",
recommended,light,Button,,primary,link,base/label,/__functional-colors,accented,focus+hover,0,pass,5.9734733527195685,"[107.00004, 47.999925000000005, 207.00007499999998, 1]","[235.000095, 235.000095, 235.000095, 1]",
recommended,light,semantic text,,secondary,,text,/__functional-colors,accented,idle,0,pass,5.522061257059345,"[5.999997, 105.000075, 93.99988499999999, 1]","[235.000095, 235.000095, 235.000095, 1]",
recommended,light,Badge,,secondary,solid,base,/__functional-colors,accented,idle,0,pass,6.583058146676685,"[255, 255, 255, 1]","[5.999997, 105.000075, 93.99988499999999, 1]",
recommended,light,Alert,,secondary,solid,title,/__functional-colors,accented,idle,0,pass,6.583058146676685,"[255, 255, 255, 1]","[5.999997, 105.000075, 93.99988499999999, 1]",
recommended,light,Alert,,secondary,solid,description,/__functional-colors,accented,idle,0,pass,6.583058146676685,"[255, 255, 255, 1]","[5.999997, 105.000075, 93.99988499999999, 1]",
recommended,light,Badge,,secondary,outline,base,/__functional-colors,accented,idle,0,pass,5.522061257059345,"[5.999997, 105.000075, 93.99988499999999, 1]","[235.000095, 235.000095, 235.000095, 1]",
recommended,light,Alert,,secondary,outline,title,/__functional-colors,accented,idle,0,pass,5.522061257059345,"[5.999997, 105.000075, 93.99988499999999, 1]","[235.000095, 235.000095, 235.000095, 1]",
recommended,light,Alert,,secondary,outline,description,/__functional-colors,accented,idle,0,pass,5.522061257059345,"[5.999997, 105.000075, 93.99988499999999, 1]","[235.000095, 235.000095, 235.000095, 1]",
recommended,light,Badge,,secondary,soft,base,/__functional-colors,accented,idle,0,pass,4.794325338025732,"[5.999997, 105.000075, 93.99988499999999, 1]","[212.1001005, 222.00006749999997, 220.900074, 1]",
recommended,light,Alert,,secondary,soft,title,/__functional-colors,accented,idle,0,pass,4.794325338025732,"[5.999997, 105.000075, 93.99988499999999, 1]","[212.1001005, 222.00006749999997, 220.900074, 1]",
recommended,light,Alert,,secondary,soft,description,/__functional-colors,accented,idle,0,pass,4.794325338025732,"[5.999997, 105.000075, 93.99988499999999, 1]","[212.1001005, 222.00006749999997, 220.900074, 1]",
recommended,light,Badge,,secondary,subtle,base,/__functional-colors,accented,idle,0,pass,4.794325338025732,"[5.999997, 105.000075, 93.99988499999999, 1]","[212.1001005, 222.00006749999997, 220.900074, 1]",
recommended,light,Alert,,secondary,subtle,title,/__functional-colors,accented,idle,0,pass,4.794325338025732,"[5.999997, 105.000075, 93.99988499999999, 1]","[212.1001005, 222.00006749999997, 220.900074, 1]",
recommended,light,Alert,,secondary,subtle,description,/__functional-colors,accented,idle,0,pass,4.794325338025732,"[5.999997, 105.000075, 93.99988499999999, 1]","[212.1001005, 222.00006749999997, 220.900074, 1]",
recommended,light,Button,,secondary,solid,base/label,/__functional-colors,accented,idle,0,pass,6.583058146676685,"[255, 255, 255, 1]","[5.999997, 105.000075, 93.99988499999999, 1]",
recommended,light,Button,,secondary,solid,base/label,/__functional-colors,accented,hover,0,pass,7.620293273853335,"[255, 255, 255, 1]","[5.4000075, 94.49994, 84.60007499999999, 1]",
recommended,light,Button,,secondary,solid,base/label,/__functional-colors,accented,active+hover,0,pass,8.836617659503887,"[255, 255, 255, 1]","[4.7999925, 84.00005999999999, 75.20001, 1]",
recommended,light,Button,,secondary,solid,base/label,/__functional-colors,accented,keyboard-focus,0,pass,6.583058146676685,"[255, 255, 255, 1]","[5.999997, 105.000075, 93.99988499999999, 1]",
recommended,light,Button,,secondary,solid,base/label,/__functional-colors,accented,keyboard-active+focus,0,pass,8.836617659503887,"[255, 255, 255, 1]","[4.7999925, 84.00005999999999, 75.20001, 1]",
recommended,light,Button,,secondary,solid,base/label,/__functional-colors,accented,focus+hover,0,pass,7.620293273853335,"[255, 255, 255, 1]","[5.4000075, 94.49994, 84.60007499999999, 1]",
recommended,light,Button,,secondary,link,base/label,/__functional-colors,accented,idle,0,pass,5.522061257059345,"[5.999997, 105.000075, 93.99988499999999, 1]","[235.000095, 235.000095, 235.000095, 1]",
recommended,light,Button,,secondary,link,base/label,/__functional-colors,accented,hover,0,pass,5.522061257059345,"[5.999997, 105.000075, 93.99988499999999, 1]","[235.000095, 235.000095, 235.000095, 1]",
recommended,light,Button,,secondary,link,base/label,/__functional-colors,accented,active+hover,0,pass,5.522061257059345,"[5.999997, 105.000075, 93.99988499999999, 1]","[235.000095, 235.000095, 235.000095, 1]",
recommended,light,Button,,secondary,link,base/label,/__functional-colors,accented,keyboard-focus,0,pass,5.522061257059345,"[5.999997, 105.000075, 93.99988499999999, 1]","[235.000095, 235.000095, 235.000095, 1]",
recommended,light,Button,,secondary,link,base/label,/__functional-colors,accented,keyboard-active+focus,0,pass,5.522061257059345,"[5.999997, 105.000075, 93.99988499999999, 1]","[235.000095, 235.000095, 235.000095, 1]",
recommended,light,Button,,secondary,link,base/label,/__functional-colors,accented,focus+hover,0,pass,5.522061257059345,"[5.999997, 105.000075, 93.99988499999999, 1]","[235.000095, 235.000095, 235.000095, 1]",
recommended,light,semantic text,,success,,text,/__functional-colors,accented,idle,0,pass,5.534770659183723,"[35.99988, 105.99993, 49.99989, 1]","[235.000095, 235.000095, 235.000095, 1]",
recommended,light,Badge,,success,solid,base,/__functional-colors,accented,idle,0,pass,6.598209505797759,"[255, 255, 255, 1]","[35.99988, 105.99993, 49.99989, 1]",
recommended,light,Alert,,success,solid,title,/__functional-colors,accented,idle,0,pass,6.598209505797759,"[255, 255, 255, 1]","[35.99988, 105.99993, 49.99989, 1]",
recommended,light,Alert,,success,solid,description,/__functional-colors,accented,idle,0,pass,6.598209505797759,"[255, 255, 255, 1]","[35.99988, 105.99993, 49.99989, 1]",
recommended,light,Badge,,success,outline,base,/__functional-colors,accented,idle,0,pass,5.534770659183723,"[35.99988, 105.99993, 49.99989, 1]","[235.000095, 235.000095, 235.000095, 1]",
recommended,light,Alert,,success,outline,title,/__functional-colors,accented,idle,0,pass,5.534770659183723,"[35.99988, 105.99993, 49.99989, 1]","[235.000095, 235.000095, 235.000095, 1]",
recommended,light,Alert,,success,outline,description,/__functional-colors,accented,idle,0,pass,5.534770659183723,"[35.99988, 105.99993, 49.99989, 1]","[235.000095, 235.000095, 235.000095, 1]",
recommended,light,Badge,,success,soft,base,/__functional-colors,accented,idle,0,pass,4.8224578533887295,"[35.99988, 105.99993, 49.99989, 1]","[215.10009899999997, 222.1000785, 216.50007449999998, 1]",
recommended,light,Alert,,success,soft,title,/__functional-colors,accented,idle,0,pass,4.8224578533887295,"[35.99988, 105.99993, 49.99989, 1]","[215.10009899999997, 222.1000785, 216.50007449999998, 1]",
recommended,light,Alert,,success,soft,description,/__functional-colors,accented,idle,0,pass,4.8224578533887295,"[35.99988, 105.99993, 49.99989, 1]","[215.10009899999997, 222.1000785, 216.50007449999998, 1]",
recommended,light,Badge,,success,subtle,base,/__functional-colors,accented,idle,0,pass,4.8224578533887295,"[35.99988, 105.99993, 49.99989, 1]","[215.10009899999997, 222.1000785, 216.50007449999998, 1]",
recommended,light,Alert,,success,subtle,title,/__functional-colors,accented,idle,0,pass,4.8224578533887295,"[35.99988, 105.99993, 49.99989, 1]","[215.10009899999997, 222.1000785, 216.50007449999998, 1]",
recommended,light,Alert,,success,subtle,description,/__functional-colors,accented,idle,0,pass,4.8224578533887295,"[35.99988, 105.99993, 49.99989, 1]","[215.10009899999997, 222.1000785, 216.50007449999998, 1]",
recommended,light,Button,,success,solid,base/label,/__functional-colors,accented,idle,0,pass,6.598209505797759,"[255, 255, 255, 1]","[35.99988, 105.99993, 49.99989, 1]",
recommended,light,Button,,success,solid,base/label,/__functional-colors,accented,hover,0,pass,7.630997421532101,"[255, 255, 255, 1]","[32.400045, 95.40009, 45.000105, 1]",
recommended,light,Button,,success,solid,base/label,/__functional-colors,accented,active+hover,0,pass,8.840573607206386,"[255, 255, 255, 1]","[28.799955, 84.799995, 40.000065, 1]",
recommended,light,Button,,success,solid,base/label,/__functional-colors,accented,keyboard-focus,0,pass,6.598209505797759,"[255, 255, 255, 1]","[35.99988, 105.99993, 49.99989, 1]",
recommended,light,Button,,success,solid,base/label,/__functional-colors,accented,keyboard-active+focus,0,pass,8.840573607206386,"[255, 255, 255, 1]","[28.799955, 84.799995, 40.000065, 1]",
recommended,light,Button,,success,solid,base/label,/__functional-colors,accented,focus+hover,0,pass,7.630997421532101,"[255, 255, 255, 1]","[32.400045, 95.40009, 45.000105, 1]",
recommended,light,Button,,success,link,base/label,/__functional-colors,accented,idle,0,pass,5.534770659183723,"[35.99988, 105.99993, 49.99989, 1]","[235.000095, 235.000095, 235.000095, 1]",
recommended,light,Button,,success,link,base/label,/__functional-colors,accented,hover,0,pass,5.534770659183723,"[35.99988, 105.99993, 49.99989, 1]","[235.000095, 235.000095, 235.000095, 1]",
recommended,light,Button,,success,link,base/label,/__functional-colors,accented,active+hover,0,pass,5.534770659183723,"[35.99988, 105.99993, 49.99989, 1]","[235.000095, 235.000095, 235.000095, 1]",
recommended,light,Button,,success,link,base/label,/__functional-colors,accented,keyboard-focus,0,pass,5.534770659183723,"[35.99988, 105.99993, 49.99989, 1]","[235.000095, 235.000095, 235.000095, 1]",
recommended,light,Button,,success,link,base/label,/__functional-colors,accented,keyboard-active+focus,0,pass,5.534770659183723,"[35.99988, 105.99993, 49.99989, 1]","[235.000095, 235.000095, 235.000095, 1]",
recommended,light,Button,,success,link,base/label,/__functional-colors,accented,focus+hover,0,pass,5.534770659183723,"[35.99988, 105.99993, 49.99989, 1]","[235.000095, 235.000095, 235.000095, 1]",
recommended,light,semantic text,,info,,text,/__functional-colors,accented,idle,0,pass,5.626646263766263,"[0, 87.99999000000001, 188.99988, 1]","[235.000095, 235.000095, 235.000095, 1]",
recommended,light,Badge,,info,solid,base,/__functional-colors,accented,idle,0,pass,6.70773789005006,"[255, 255, 255, 1]","[0, 87.99999000000001, 188.99988, 1]",
recommended,light,Alert,,info,solid,title,/__functional-colors,accented,idle,0,pass,6.70773789005006,"[255, 255, 255, 1]","[0, 87.99999000000001, 188.99988, 1]",
recommended,light,Alert,,info,solid,description,/__functional-colors,accented,idle,0,pass,6.70773789005006,"[255, 255, 255, 1]","[0, 87.99999000000001, 188.99988, 1]",
recommended,light,Badge,,info,outline,base,/__functional-colors,accented,idle,0,pass,5.626646263766263,"[0, 87.99999000000001, 188.99988, 1]","[235.000095, 235.000095, 235.000095, 1]",
recommended,light,Alert,,info,outline,title,/__functional-colors,accented,idle,0,pass,5.626646263766263,"[0, 87.99999000000001, 188.99988, 1]","[235.000095, 235.000095, 235.000095, 1]",
recommended,light,Alert,,info,outline,description,/__functional-colors,accented,idle,0,pass,5.626646263766263,"[0, 87.99999000000001, 188.99988, 1]","[235.000095, 235.000095, 235.000095, 1]",
recommended,light,Badge,,info,soft,base,/__functional-colors,accented,idle,0,pass,4.855291432565066,"[0, 87.99999000000001, 188.99988, 1]","[211.500139502625, 220.3000845, 230.40004799999997, 1]",
recommended,light,Alert,,info,soft,title,/__functional-colors,accented,idle,0,pass,4.855291432565066,"[0, 87.99999000000001, 188.99988, 1]","[211.500139502625, 220.3000845, 230.40004799999997, 1]",
recommended,light,Alert,,info,soft,description,/__functional-colors,accented,idle,0,pass,4.855291432565066,"[0, 87.99999000000001, 188.99988, 1]","[211.500139502625, 220.3000845, 230.40004799999997, 1]",
recommended,light,Badge,,info,subtle,base,/__functional-colors,accented,idle,0,pass,4.855291432565066,"[0, 87.99999000000001, 188.99988, 1]","[211.500139502625, 220.3000845, 230.40004799999997, 1]",
recommended,light,Alert,,info,subtle,title,/__functional-colors,accented,idle,0,pass,4.855291432565066,"[0, 87.99999000000001, 188.99988, 1]","[211.500139502625, 220.3000845, 230.40004799999997, 1]",
recommended,light,Alert,,info,subtle,description,/__functional-colors,accented,idle,0,pass,4.855291432565066,"[0, 87.99999000000001, 188.99988, 1]","[211.500139502625, 220.3000845, 230.40004799999997, 1]",
recommended,light,Button,,info,solid,base/label,/__functional-colors,accented,idle,0,pass,6.70773789005006,"[255, 255, 255, 1]","[0, 87.99999000000001, 188.99988, 1]",
recommended,light,Button,,info,solid,base/label,/__functional-colors,accented,hover,0,pass,7.762298638770592,"[255, 255, 255, 1]","[0, 79.19994, 170.100045, 1]",
recommended,light,Button,,info,solid,base/label,/__functional-colors,accented,active+hover,0,pass,8.996361336393038,"[255, 255, 255, 1]","[0, 70.39989, 151.19995500000002, 1]",
recommended,light,Button,,info,solid,base/label,/__functional-colors,accented,keyboard-focus,0,pass,6.70773789005006,"[255, 255, 255, 1]","[0, 87.99999000000001, 188.99988, 1]",
recommended,light,Button,,info,solid,base/label,/__functional-colors,accented,keyboard-active+focus,0,pass,8.996361336393038,"[255, 255, 255, 1]","[0, 70.39989, 151.19995500000002, 1]",
recommended,light,Button,,info,solid,base/label,/__functional-colors,accented,focus+hover,0,pass,7.762298638770592,"[255, 255, 255, 1]","[0, 79.19994, 170.100045, 1]",
recommended,light,Button,,info,link,base/label,/__functional-colors,accented,idle,0,pass,5.626646263766263,"[0, 87.99999000000001, 188.99988, 1]","[235.000095, 235.000095, 235.000095, 1]",
recommended,light,Button,,info,link,base/label,/__functional-colors,accented,hover,0,pass,5.626646263766263,"[0, 87.99999000000001, 188.99988, 1]","[235.000095, 235.000095, 235.000095, 1]",
recommended,light,Button,,info,link,base/label,/__functional-colors,accented,active+hover,0,pass,5.626646263766263,"[0, 87.99999000000001, 188.99988, 1]","[235.000095, 235.000095, 235.000095, 1]",
recommended,light,Button,,info,link,base/label,/__functional-colors,accented,keyboard-focus,0,pass,5.626646263766263,"[0, 87.99999000000001, 188.99988, 1]","[235.000095, 235.000095, 235.000095, 1]",
recommended,light,Button,,info,link,base/label,/__functional-colors,accented,keyboard-active+focus,0,pass,5.626646263766263,"[0, 87.99999000000001, 188.99988, 1]","[235.000095, 235.000095, 235.000095, 1]",
recommended,light,Button,,info,link,base/label,/__functional-colors,accented,focus+hover,0,pass,5.626646263766263,"[0, 87.99999000000001, 188.99988, 1]","[235.000095, 235.000095, 235.000095, 1]",
recommended,light,semantic text,,warning,,text,/__functional-colors,accented,idle,0,pass,6.711789901800933,"[123.00001499999999, 66.00012, 7.000005, 1]","[235.000095, 235.000095, 235.000095, 1]",
recommended,light,Badge,,warning,solid,base,/__functional-colors,accented,idle,0,pass,8.001378676368077,"[255, 255, 255, 1]","[123.00001499999999, 66.00012, 7.000005, 1]",
recommended,light,Alert,,warning,solid,title,/__functional-colors,accented,idle,0,pass,8.001378676368077,"[255, 255, 255, 1]","[123.00001499999999, 66.00012, 7.000005, 1]",
recommended,light,Alert,,warning,solid,description,/__functional-colors,accented,idle,0,pass,8.001378676368077,"[255, 255, 255, 1]","[123.00001499999999, 66.00012, 7.000005, 1]",
recommended,light,Badge,,warning,outline,base,/__functional-colors,accented,idle,0,pass,6.711789901800933,"[123.00001499999999, 66.00012, 7.000005, 1]","[235.000095, 235.000095, 235.000095, 1]",
recommended,light,Alert,,warning,outline,title,/__functional-colors,accented,idle,0,pass,6.711789901800933,"[123.00001499999999, 66.00012, 7.000005, 1]","[235.000095, 235.000095, 235.000095, 1]",
recommended,light,Alert,,warning,outline,description,/__functional-colors,accented,idle,0,pass,6.711789901800933,"[123.00001499999999, 66.00012, 7.000005, 1]","[235.000095, 235.000095, 235.000095, 1]",
recommended,light,Badge,,warning,soft,base,/__functional-colors,accented,idle,0,pass,5.774227725939664,"[123.00001499999999, 66.00012, 7.000005, 1]","[223.800087, 218.10009749999998, 212.2000962, 1]",
recommended,light,Alert,,warning,soft,title,/__functional-colors,accented,idle,0,pass,5.774227725939664,"[123.00001499999999, 66.00012, 7.000005, 1]","[223.800087, 218.10009749999998, 212.2000962, 1]",
recommended,light,Alert,,warning,soft,description,/__functional-colors,accented,idle,0,pass,5.774227725939664,"[123.00001499999999, 66.00012, 7.000005, 1]","[223.800087, 218.10009749999998, 212.2000962, 1]",
recommended,light,Badge,,warning,subtle,base,/__functional-colors,accented,idle,0,pass,5.774227725939664,"[123.00001499999999, 66.00012, 7.000005, 1]","[223.800087, 218.10009749999998, 212.2000962, 1]",
recommended,light,Alert,,warning,subtle,title,/__functional-colors,accented,idle,0,pass,5.774227725939664,"[123.00001499999999, 66.00012, 7.000005, 1]","[223.800087, 218.10009749999998, 212.2000962, 1]",
recommended,light,Alert,,warning,subtle,description,/__functional-colors,accented,idle,0,pass,5.774227725939664,"[123.00001499999999, 66.00012, 7.000005, 1]","[223.800087, 218.10009749999998, 212.2000962, 1]",
recommended,light,Button,,warning,solid,base/label,/__functional-colors,accented,idle,0,pass,8.001378676368077,"[255, 255, 255, 1]","[123.00001499999999, 66.00012, 7.000005, 1]",
recommended,light,Button,,warning,solid,base/label,/__functional-colors,accented,hover,0,pass,9.096348972153493,"[255, 255, 255, 1]","[110.70009, 59.399955000000006, 6.3000045, 1]",
recommended,light,Button,,warning,solid,base/label,/__functional-colors,accented,active+hover,0,pass,10.335399608767965,"[255, 255, 255, 1]","[98.39991, 52.800045, 5.600004, 1]",
recommended,light,Button,,warning,solid,base/label,/__functional-colors,accented,keyboard-focus,0,pass,8.001378676368077,"[255, 255, 255, 1]","[123.00001499999999, 66.00012, 7.000005, 1]",
recommended,light,Button,,warning,solid,base/label,/__functional-colors,accented,keyboard-active+focus,0,pass,10.335399608767965,"[255, 255, 255, 1]","[98.39991, 52.800045, 5.600004, 1]",
recommended,light,Button,,warning,solid,base/label,/__functional-colors,accented,focus+hover,0,pass,9.096348972153493,"[255, 255, 255, 1]","[110.70009, 59.399955000000006, 6.3000045, 1]",
recommended,light,Button,,warning,link,base/label,/__functional-colors,accented,idle,0,pass,6.711789901800933,"[123.00001499999999, 66.00012, 7.000005, 1]","[235.000095, 235.000095, 235.000095, 1]",
recommended,light,Button,,warning,link,base/label,/__functional-colors,accented,hover,0,pass,6.711789901800933,"[123.00001499999999, 66.00012, 7.000005, 1]","[235.000095, 235.000095, 235.000095, 1]",
recommended,light,Button,,warning,link,base/label,/__functional-colors,accented,active+hover,0,pass,6.711789901800933,"[123.00001499999999, 66.00012, 7.000005, 1]","[235.000095, 235.000095, 235.000095, 1]",
recommended,light,Button,,warning,link,base/label,/__functional-colors,accented,keyboard-focus,0,pass,6.711789901800933,"[123.00001499999999, 66.00012, 7.000005, 1]","[235.000095, 235.000095, 235.000095, 1]",
recommended,light,Button,,warning,link,base/label,/__functional-colors,accented,keyboard-active+focus,0,pass,6.711789901800933,"[123.00001499999999, 66.00012, 7.000005, 1]","[235.000095, 235.000095, 235.000095, 1]",
recommended,light,Button,,warning,link,base/label,/__functional-colors,accented,focus+hover,0,pass,6.711789901800933,"[123.00001499999999, 66.00012, 7.000005, 1]","[235.000095, 235.000095, 235.000095, 1]",
recommended,light,semantic text,,error,,text,/__functional-colors,accented,idle,0,pass,5.441585496637626,"[181.00002, 35.000024999999994, 40.99992, 1]","[235.000095, 235.000095, 235.000095, 1]",
recommended,light,Badge,,error,solid,base,/__functional-colors,accented,idle,0,pass,6.487119947951175,"[255, 255, 255, 1]","[181.00002, 35.000024999999994, 40.99992, 1]",
recommended,light,Alert,,error,solid,title,/__functional-colors,accented,idle,0,pass,6.487119947951175,"[255, 255, 255, 1]","[181.00002, 35.000024999999994, 40.99992, 1]",
recommended,light,Alert,,error,solid,description,/__functional-colors,accented,idle,0,pass,6.487119947951175,"[255, 255, 255, 1]","[181.00002, 35.000024999999994, 40.99992, 1]",
recommended,light,Badge,,error,outline,base,/__functional-colors,accented,idle,0,pass,5.441585496637626,"[181.00002, 35.000024999999994, 40.99992, 1]","[235.000095, 235.000095, 235.000095, 1]",
recommended,light,Alert,,error,outline,title,/__functional-colors,accented,idle,0,pass,5.441585496637626,"[181.00002, 35.000024999999994, 40.99992, 1]","[235.000095, 235.000095, 235.000095, 1]",
recommended,light,Alert,,error,outline,description,/__functional-colors,accented,idle,0,pass,5.441585496637626,"[181.00002, 35.000024999999994, 40.99992, 1]","[235.000095, 235.000095, 235.000095, 1]",
recommended,light,Badge,,error,soft,base,/__functional-colors,accented,idle,0,pass,4.651883902576909,"[181.00002, 35.000024999999994, 40.99992, 1]","[229.60008749999997, 215.00006249999998, 215.6000775, 1]",
recommended,light,Alert,,error,soft,title,/__functional-colors,accented,idle,0,pass,4.651883902576909,"[181.00002, 35.000024999999994, 40.99992, 1]","[229.60008749999997, 215.00006249999998, 215.6000775, 1]",
recommended,light,Alert,,error,soft,description,/__functional-colors,accented,idle,0,pass,4.651883902576909,"[181.00002, 35.000024999999994, 40.99992, 1]","[229.60008749999997, 215.00006249999998, 215.6000775, 1]",
recommended,light,Badge,,error,subtle,base,/__functional-colors,accented,idle,0,pass,4.651883902576909,"[181.00002, 35.000024999999994, 40.99992, 1]","[229.60008749999997, 215.00006249999998, 215.6000775, 1]",
recommended,light,Alert,,error,subtle,title,/__functional-colors,accented,idle,0,pass,4.651883902576909,"[181.00002, 35.000024999999994, 40.99992, 1]","[229.60008749999997, 215.00006249999998, 215.6000775, 1]",
recommended,light,Alert,,error,subtle,description,/__functional-colors,accented,idle,0,pass,4.651883902576909,"[181.00002, 35.000024999999994, 40.99992, 1]","[229.60008749999997, 215.00006249999998, 215.6000775, 1]",
recommended,light,Button,,error,solid,base/label,/__functional-colors,accented,idle,0,pass,6.487119947951175,"[255, 255, 255, 1]","[181.00002, 35.000024999999994, 40.99992, 1]",
recommended,light,Button,,error,solid,base/label,/__functional-colors,accented,hover,0,pass,7.545692556917561,"[255, 255, 255, 1]","[162.90012, 31.499895, 36.90003, 1]",
recommended,light,Button,,error,solid,base/label,/__functional-colors,accented,active+hover,0,pass,8.793394550640816,"[255, 255, 255, 1]","[144.799965, 28.00002, 32.799884999999996, 1]",
recommended,light,Button,,error,solid,base/label,/__functional-colors,accented,keyboard-focus,0,pass,6.487119947951175,"[255, 255, 255, 1]","[181.00002, 35.000024999999994, 40.99992, 1]",
recommended,light,Button,,error,solid,base/label,/__functional-colors,accented,keyboard-active+focus,0,pass,8.793394550640816,"[255, 255, 255, 1]","[144.799965, 28.00002, 32.799884999999996, 1]",
recommended,light,Button,,error,solid,base/label,/__functional-colors,accented,focus+hover,0,pass,7.545692556917561,"[255, 255, 255, 1]","[162.90012, 31.499895, 36.90003, 1]",
recommended,light,Button,,error,link,base/label,/__functional-colors,accented,idle,0,pass,5.441585496637626,"[181.00002, 35.000024999999994, 40.99992, 1]","[235.000095, 235.000095, 235.000095, 1]",
recommended,light,Button,,error,link,base/label,/__functional-colors,accented,hover,0,pass,5.441585496637626,"[181.00002, 35.000024999999994, 40.99992, 1]","[235.000095, 235.000095, 235.000095, 1]",
recommended,light,Button,,error,link,base/label,/__functional-colors,accented,active+hover,0,pass,5.441585496637626,"[181.00002, 35.000024999999994, 40.99992, 1]","[235.000095, 235.000095, 235.000095, 1]",
recommended,light,Button,,error,link,base/label,/__functional-colors,accented,keyboard-focus,0,pass,5.441585496637626,"[181.00002, 35.000024999999994, 40.99992, 1]","[235.000095, 235.000095, 235.000095, 1]",
recommended,light,Button,,error,link,base/label,/__functional-colors,accented,keyboard-active+focus,0,pass,5.441585496637626,"[181.00002, 35.000024999999994, 40.99992, 1]","[235.000095, 235.000095, 235.000095, 1]",
recommended,light,Button,,error,link,base/label,/__functional-colors,accented,focus+hover,0,pass,5.441585496637626,"[181.00002, 35.000024999999994, 40.99992, 1]","[235.000095, 235.000095, 235.000095, 1]",
recommended,light,FormField,,error,,error,,accented,visible,0,pass,5.441585496637626,"[181.00002, 35.000024999999994, 40.99992, 1]","[235.000095, 235.000095, 235.000095, 1]",
recommended,light,API fixture,F1,,,,,accented,idle,0,pass,5.441585496637626,"[181.00002, 35.000024999999994, 40.99992, 1]","[235.000095, 235.000095, 235.000095, 1]",
recommended,light,API fixture,F2,,,,,accented,idle,0,pass,6.711789901800933,"[123.00001499999999, 66.00012, 7.000005, 1]","[235.000095, 235.000095, 235.000095, 1]",
recommended,light,API fixture,F5-field-caveat,,,,,accented,idle,0,pass,5.774227725939664,"[123.00001499999999, 66.00012, 7.000005, 1]","[223.800087, 218.10009749999998, 212.2000962, 1]",
recommended,light,API fixture,F5-field-caveat,,,,,accented,idle,1,pass,5.638912322248359,"[82.000095, 82.000095, 82.000095, 1]","[223.800087, 218.10009749999998, 212.2000962, 1]",
recommended,light,API fixture,value-caveat,,,,,accented,idle,0,pass,5.774227725939664,"[123.00001499999999, 66.00012, 7.000005, 1]","[223.800087, 218.10009749999998, 212.2000962, 1]",
recommended,light,API fixture,value-caveat,,,,,accented,idle,1,pass,5.638912322248359,"[82.000095, 82.000095, 82.000095, 1]","[223.800087, 218.10009749999998, 212.2000962, 1]",
recommended,light,ResponseExample,,,,status/statusText,,accented,single status visible,0,pass,5.328570108307233,"[35.99988, 105.99993, 49.99989, 1]","[225.7200279, 232.7201451, 227.12014109999998, 1]",
recommended,light,ResponseExample,,,,status/statusText,,accented,single status visible,1,pass,5.328570108307233,"[35.99988, 105.99993, 49.99989, 1]","[225.7200279, 232.7201451, 227.12014109999998, 1]",
recommended,light,ResponseExample,,,,status/statusText,,accented,single status visible,2,pass,5.366687132898906,"[0, 87.99999000000001, 188.99988, 1]","[222.120068402625, 230.9201511, 241.02011459999997, 1]",
recommended,light,ResponseExample,,,,status/statusText,,accented,single status visible,3,pass,5.366687132898906,"[0, 87.99999000000001, 188.99988, 1]","[222.120068402625, 230.9201511, 241.02011459999997, 1]",
recommended,light,ResponseExample,,,,status/statusText,,accented,single status visible,4,pass,6.38323345776271,"[123.00001499999999, 66.00012, 7.000005, 1]","[234.4200159, 228.72016409999998, 222.8201628, 1]",
recommended,light,ResponseExample,,,,status/statusText,,accented,single status visible,5,pass,6.38323345776271,"[123.00001499999999, 66.00012, 7.000005, 1]","[234.4200159, 228.72016409999998, 222.8201628, 1]",
recommended,light,ResponseExample,,,,status/statusText,,accented,single status visible,6,pass,5.143558260577679,"[181.00002, 35.000024999999994, 40.99992, 1]","[240.2200164, 225.62012909999999, 226.2201441, 1]",
recommended,light,ResponseExample,,,,status/statusText,,accented,single status visible,7,pass,5.143558260577679,"[181.00002, 35.000024999999994, 40.99992, 1]","[240.2200164, 225.62012909999999, 226.2201441, 1]",
recommended,light,LifecycleNotice,,,,,,accented,idle,0,pass,5.774227725939664,"[123.00001499999999, 66.00012, 7.000005, 1]","[223.800087, 218.10009749999998, 212.2000962, 1]",
recommended,light,LifecycleNotice,,,,,,accented,idle,1,pass,5.774227725939664,"[123.00001499999999, 66.00012, 7.000005, 1]","[223.800087, 218.10009749999998, 212.2000962, 1]",
recommended,light,LifecycleNotice,,,,,,accented,idle,2,pass,4.8224578533887295,"[35.99988, 105.99993, 49.99989, 1]","[215.10009899999997, 222.1000785, 216.50007449999998, 1]",
recommended,light,LifecycleNotice,,,,,,accented,idle,3,pass,4.8224578533887295,"[35.99988, 105.99993, 49.99989, 1]","[215.10009899999997, 222.1000785, 216.50007449999998, 1]",
recommended,light,LifecycleNotice,,,,,,accented,idle,4,pass,5.774227725939664,"[123.00001499999999, 66.00012, 7.000005, 1]","[223.800087, 218.10009749999998, 212.2000962, 1]",
recommended,light,LifecycleNotice,,,,,,accented,idle,5,pass,5.774227725939664,"[123.00001499999999, 66.00012, 7.000005, 1]","[223.800087, 218.10009749999998, 212.2000962, 1]",
recommended,light,LifecycleNotice,,,,,,accented,idle,6,pass,15.521564857501781,"[23.0000055, 23.0000055, 23.0000055, 1]","[238.49997, 238.49997, 238.49997, 1]",
recommended,light,LifecycleNotice,,,,,,accented,idle,7,pass,11.998750521270905,"[44.55000195, 44.55000195, 44.55000195, 1]","[238.49997, 238.49997, 238.49997, 1]",
recommended,light,LifecycleNotice,,,,,,accented,idle,8,pass,4.651883902576909,"[181.00002, 35.000024999999994, 40.99992, 1]","[229.60008749999997, 215.00006249999998, 215.6000775, 1]",
recommended,light,LifecycleNotice,,,,,,accented,idle,9,pass,4.651883902576909,"[181.00002, 35.000024999999994, 40.99992, 1]","[229.60008749999997, 215.00006249999998, 215.6000775, 1]",
recommended,light,FieldAnnotation,,,,required,,portal own bg-default,open,0,pass,6.487119947951175,"[181.00002, 35.000024999999994, 40.99992, 1]","[255, 255, 255, 1]",
recommended,light,FieldAnnotation,,,,conditional,,portal own bg-default,open,0,pass,8.001378676368077,"[123.00001499999999, 66.00012, 7.000005, 1]","[255, 255, 255, 1]",
recommended,light,FormField,,error,,required ::after,,default,,,unverified,,,,Existing measure has no generated-content glyph geometry; computed pseudo retained without claiming ratio.
recommended,light,FormField required+error,,,,error,,default,required marker present,0,unresolved,,,,"Error: locator.evaluate: Error: unresolved: unmodeled ::after on LABEL
    at fail (eval at evaluate (:311:30), <anonymous>:152:13)
    at supportedPseudos (eval at evaluate (:311:30), <anonymous>:395:475)
    at eval (eval at evaluate (:311:30), <anonymous>:493:13)
    at UtilityScript.evaluate (<anonymous>:313:16)
    at UtilityScript.<anonymous> (<anonymous>:1:44)"
recommended,light,FormField,,error,,required ::after,,muted,,,unverified,,,,Existing measure has no generated-content glyph geometry; computed pseudo retained without claiming ratio.
recommended,light,FormField required+error,,,,error,,muted,required marker present,0,unresolved,,,,"Error: locator.evaluate: Error: unresolved: unmodeled ::after on LABEL
    at fail (eval at evaluate (:311:30), <anonymous>:152:13)
    at supportedPseudos (eval at evaluate (:311:30), <anonymous>:395:475)
    at eval (eval at evaluate (:311:30), <anonymous>:493:13)
    at UtilityScript.evaluate (<anonymous>:313:16)
    at UtilityScript.<anonymous> (<anonymous>:1:44)"
recommended,light,FormField,,error,,required ::after,,elevated,,,unverified,,,,Existing measure has no generated-content glyph geometry; computed pseudo retained without claiming ratio.
recommended,light,FormField required+error,,,,error,,elevated,required marker present,0,unresolved,,,,"Error: locator.evaluate: Error: unresolved: unmodeled ::after on LABEL
    at fail (eval at evaluate (:311:30), <anonymous>:152:13)
    at supportedPseudos (eval at evaluate (:311:30), <anonymous>:395:475)
    at eval (eval at evaluate (:311:30), <anonymous>:493:13)
    at UtilityScript.evaluate (<anonymous>:313:16)
    at UtilityScript.<anonymous> (<anonymous>:1:44)"
recommended,light,FormField,,error,,required ::after,,accented,,,unverified,,,,Existing measure has no generated-content glyph geometry; computed pseudo retained without claiming ratio.
recommended,light,FormField required+error,,,,error,,accented,required marker present,0,unresolved,,,,"Error: locator.evaluate: Error: unresolved: unmodeled ::after on LABEL
    at fail (eval at evaluate (:311:30), <anonymous>:152:13)
    at supportedPseudos (eval at evaluate (:311:30), <anonymous>:395:475)
    at eval (eval at evaluate (:311:30), <anonymous>:493:13)
    at UtilityScript.evaluate (<anonymous>:313:16)
    at UtilityScript.<anonymous> (<anonymous>:1:44)"
recommended,light,,F1,error,,,/kits/api-docs,actual page layers,visible idle,0,pass,6.487119947951175,"[181.00002, 35.000024999999994, 40.99992, 1]","[255, 255, 255, 1]",
recommended,light,,F1,error,,,/kits/api-docs,actual page layers,visible idle,1,pass,6.487119947951175,"[181.00002, 35.000024999999994, 40.99992, 1]","[255, 255, 255, 1]",
recommended,light,,F1,error,,,/kits/api-docs,actual page layers,visible idle,2,pass,6.487119947951175,"[181.00002, 35.000024999999994, 40.99992, 1]","[255, 255, 255, 1]",
recommended,light,,F2,warning,,,/kits/api-docs,actual page layers,visible idle,0,pass,8.001378676368077,"[123.00001499999999, 66.00012, 7.000005, 1]","[255, 255, 255, 1]",
recommended,light,,F2,warning,,,/kits/api-docs,actual page layers,visible idle,1,pass,8.001378676368077,"[123.00001499999999, 66.00012, 7.000005, 1]","[255, 255, 255, 1]",
recommended,light,,F2,warning,,,/kits/api-docs,actual page layers,visible idle,2,pass,8.001378676368077,"[123.00001499999999, 66.00012, 7.000005, 1]","[255, 255, 255, 1]",
recommended,light,,F3,info,,,/kits/api-docs,actual page layers,visible idle,0,pass,5.740959326668835,"[0, 87.99999000000001, 188.99988, 1]","[229.500054002625, 238.299999, 248.39996250000002, 1]",
recommended,light,,F4,success,,,/kits/api-docs,actual page layers,visible idle,0,pass,5.6988948297528665,"[35.99988, 105.99993, 49.99989, 1]","[233.1000135, 240.099993, 234.499989, 1]",
recommended,light,,F4,success,,,/kits/api-docs,actual page layers,visible idle,1,pass,5.6988948297528665,"[35.99988, 105.99993, 49.99989, 1]","[233.1000135, 240.099993, 234.499989, 1]",
recommended,light,,F4,success,,,/kits/api-docs,actual page layers,visible idle,2,pass,5.6988948297528665,"[35.99988, 105.99993, 49.99989, 1]","[233.1000135, 240.099993, 234.499989, 1]",
recommended,light,,F4,success,,,/kits/api-docs,actual page layers,visible idle,3,pass,5.6988948297528665,"[35.99988, 105.99993, 49.99989, 1]","[233.1000135, 240.099993, 234.499989, 1]",
recommended,light,,F4,success,,,/kits/api-docs,actual page layers,visible idle,4,pass,5.6988948297528665,"[35.99988, 105.99993, 49.99989, 1]","[233.1000135, 240.099993, 234.499989, 1]",
recommended,light,,F4,success,,,/kits/api-docs,actual page layers,visible idle,5,pass,5.6988948297528665,"[35.99988, 105.99993, 49.99989, 1]","[233.1000135, 240.099993, 234.499989, 1]",
recommended,light,,F4,success,,,/kits/api-docs,actual page layers,visible idle,6,pass,5.6988948297528665,"[35.99988, 105.99993, 49.99989, 1]","[233.1000135, 240.099993, 234.499989, 1]",
recommended,light,,F5,warning,,,/kits/api-docs,actual page layers,visible idle,0,pass,6.828971228184585,"[123.00001499999999, 66.00012, 7.000005, 1]","[241.8000015, 236.100012, 230.2000107, 1]",
recommended,light,,F5,warning,,,/kits/api-docs,actual page layers,visible idle,1,pass,6.828971228184585,"[123.00001499999999, 66.00012, 7.000005, 1]","[241.8000015, 236.100012, 230.2000107, 1]",
recommended,light,,F5,warning,,,/kits/api-docs,actual page layers,visible idle,2,pass,6.828971228184585,"[123.00001499999999, 66.00012, 7.000005, 1]","[241.8000015, 236.100012, 230.2000107, 1]",
recommended,light,,F5,warning,,,/kits/api-docs,actual page layers,visible idle,3,pass,6.828971228184585,"[123.00001499999999, 66.00012, 7.000005, 1]","[241.8000015, 236.100012, 230.2000107, 1]",
recommended,light,,F5,warning,,,/kits/api-docs,actual page layers,visible idle,4,pass,6.828971228184585,"[123.00001499999999, 66.00012, 7.000005, 1]","[241.8000015, 236.100012, 230.2000107, 1]",
recommended,light,,F6,secondary,,,/kits/api-docs,actual page layers,visible idle,0,pass,5.666809152561764,"[5.999997, 105.000075, 93.99988499999999, 1]","[230.100015, 239.999982, 238.8999885, 1]",
recommended,light,,F7,error,,,/kits/api-docs,actual page layers,visible idle,0,pass,5.503473649450167,"[181.00002, 35.000024999999994, 40.99992, 1]","[247.600002, 232.999977, 233.599992, 1]",
recommended,light,,F8,error,,,/kits/api-docs,actual page layers,visible idle,0,pass,6.487119947951175,"[255, 255, 255, 1]","[181.00002, 35.000024999999994, 40.99992, 1]",
recommended,light,,F9,success,,,/kits/api-docs,actual page layers,visible idle,0,pass,5.328570108307233,"[35.99988, 105.99993, 49.99989, 1]","[225.7200279, 232.7201451, 227.12014109999998, 1]",
recommended,light,,F9,success,,,/kits/api-docs,actual page layers,visible idle,1,pass,5.328570108307233,"[35.99988, 105.99993, 49.99989, 1]","[225.7200279, 232.7201451, 227.12014109999998, 1]",
recommended,light,,F9,success,,,/kits/api-docs,actual page layers,visible idle,2,pass,5.328570108307233,"[35.99988, 105.99993, 49.99989, 1]","[225.7200279, 232.7201451, 227.12014109999998, 1]",
recommended,light,,response-statusText,,,,/kits/api-docs,actual page layers,visible idle,0,pass,5.328570108307233,"[35.99988, 105.99993, 49.99989, 1]","[225.7200279, 232.7201451, 227.12014109999998, 1]",
recommended,light,,response-statusText,,,,/kits/api-docs,actual page layers,visible idle,1,pass,5.328570108307233,"[35.99988, 105.99993, 49.99989, 1]","[225.7200279, 232.7201451, 227.12014109999998, 1]",
recommended,light,,actual-page-alert,,,,/kits/api-docs,actual page layers,visible idle,0,pass,16.95443819582973,"[23.0000055, 23.0000055, 23.0000055, 1]","[248.4999225, 248.4999225, 248.4999225, 1]",
recommended,light,,actual-page-alert,,,,/kits/api-docs,actual page layers,visible idle,1,pass,12.924186297738398,"[45.54999720000001, 45.54999720000001, 45.54999720000001, 1]","[248.4999225, 248.4999225, 248.4999225, 1]",
recommended,light,,F1,error,,,/kits/api-docs/endpoint-reference,actual page layers,visible idle,0,pass,6.487119947951175,"[181.00002, 35.000024999999994, 40.99992, 1]","[255, 255, 255, 1]",
recommended,light,,F1,error,,,/kits/api-docs/endpoint-reference,actual page layers,visible idle,1,pass,6.487119947951175,"[181.00002, 35.000024999999994, 40.99992, 1]","[255, 255, 255, 1]",
recommended,light,,F1,error,,,/kits/api-docs/endpoint-reference,actual page layers,visible idle,2,pass,6.487119947951175,"[181.00002, 35.000024999999994, 40.99992, 1]","[255, 255, 255, 1]",
recommended,light,,F1,error,,,/kits/api-docs/endpoint-reference,actual page layers,visible idle,3,pass,6.487119947951175,"[181.00002, 35.000024999999994, 40.99992, 1]","[255, 255, 255, 1]",
recommended,light,,F1,error,,,/kits/api-docs/endpoint-reference,actual page layers,visible idle,4,pass,6.487119947951175,"[181.00002, 35.000024999999994, 40.99992, 1]","[255, 255, 255, 1]",
recommended,light,,F1,error,,,/kits/api-docs/endpoint-reference,actual page layers,visible idle,5,pass,6.487119947951175,"[181.00002, 35.000024999999994, 40.99992, 1]","[255, 255, 255, 1]",
recommended,light,,F1,error,,,/kits/api-docs/endpoint-reference,actual page layers,visible idle,6,pass,6.487119947951175,"[181.00002, 35.000024999999994, 40.99992, 1]","[255, 255, 255, 1]",
recommended,light,,F1,error,,,/kits/api-docs/endpoint-reference,actual page layers,visible idle,7,pass,6.487119947951175,"[181.00002, 35.000024999999994, 40.99992, 1]","[255, 255, 255, 1]",
recommended,light,,F1,error,,,/kits/api-docs/endpoint-reference,actual page layers,visible idle,8,pass,6.487119947951175,"[181.00002, 35.000024999999994, 40.99992, 1]","[255, 255, 255, 1]",
recommended,light,,F2,warning,,,/kits/api-docs/endpoint-reference,actual page layers,visible idle,0,pass,8.001378676368077,"[123.00001499999999, 66.00012, 7.000005, 1]","[255, 255, 255, 1]",
recommended,light,,F2,warning,,,/kits/api-docs/endpoint-reference,actual page layers,visible idle,1,pass,8.001378676368077,"[123.00001499999999, 66.00012, 7.000005, 1]","[255, 255, 255, 1]",
recommended,light,,F3,info,,,/kits/api-docs/endpoint-reference,actual page layers,visible idle,0,pass,5.740959326668835,"[0, 87.99999000000001, 188.99988, 1]","[229.500054002625, 238.299999, 248.39996250000002, 1]",
recommended,light,,F3,info,,,/kits/api-docs/endpoint-reference,actual page layers,visible idle,1,pass,5.740959326668835,"[0, 87.99999000000001, 188.99988, 1]","[229.500054002625, 238.299999, 248.39996250000002, 1]",
recommended,light,,F4,success,,,/kits/api-docs/endpoint-reference,actual page layers,visible idle,0,pass,5.6988948297528665,"[35.99988, 105.99993, 49.99989, 1]","[233.1000135, 240.099993, 234.499989, 1]",
recommended,light,,F4,success,,,/kits/api-docs/endpoint-reference,actual page layers,visible idle,1,pass,5.6988948297528665,"[35.99988, 105.99993, 49.99989, 1]","[233.1000135, 240.099993, 234.499989, 1]",
recommended,light,,F5,warning,,,/kits/api-docs/endpoint-reference,actual page layers,visible idle,0,pass,6.828971228184585,"[123.00001499999999, 66.00012, 7.000005, 1]","[241.8000015, 236.100012, 230.2000107, 1]",
recommended,light,,F5-field-caveat,warning,,,/kits/api-docs/endpoint-reference,actual page layers,visible idle,0,pass,6.828971228184585,"[123.00001499999999, 66.00012, 7.000005, 1]","[241.8000015, 236.100012, 230.2000107, 1]",
recommended,light,,F5-field-caveat,warning,,,/kits/api-docs/endpoint-reference,actual page layers,visible idle,1,pass,6.668938572321896,"[82.000095, 82.000095, 82.000095, 1]","[241.8000015, 236.100012, 230.2000107, 1]",
recommended,light,,F9,success,,,/kits/api-docs/endpoint-reference,actual page layers,visible idle,0,pass,5.328570108307233,"[35.99988, 105.99993, 49.99989, 1]","[225.7200279, 232.7201451, 227.12014109999998, 1]",
recommended,light,,F1,error,,,/kits/api-docs/webhook-reference,actual page layers,visible idle,0,pass,6.487119947951175,"[181.00002, 35.000024999999994, 40.99992, 1]","[255, 255, 255, 1]",
recommended,light,,F1,error,,,/kits/api-docs/webhook-reference,actual page layers,visible idle,1,pass,6.487119947951175,"[181.00002, 35.000024999999994, 40.99992, 1]","[255, 255, 255, 1]",
recommended,light,,F1,error,,,/kits/api-docs/webhook-reference,actual page layers,visible idle,2,pass,6.487119947951175,"[181.00002, 35.000024999999994, 40.99992, 1]","[255, 255, 255, 1]",
recommended,light,,F1,error,,,/kits/api-docs/webhook-reference,actual page layers,visible idle,3,pass,6.487119947951175,"[181.00002, 35.000024999999994, 40.99992, 1]","[255, 255, 255, 1]",
recommended,light,,F1,error,,,/kits/api-docs/webhook-reference,actual page layers,visible idle,4,pass,6.487119947951175,"[181.00002, 35.000024999999994, 40.99992, 1]","[255, 255, 255, 1]",
recommended,light,,F1,error,,,/kits/api-docs/webhook-reference,actual page layers,visible idle,5,pass,6.487119947951175,"[181.00002, 35.000024999999994, 40.99992, 1]","[255, 255, 255, 1]",
recommended,light,,F1,error,,,/kits/api-docs/webhook-reference,actual page layers,visible idle,6,pass,6.487119947951175,"[181.00002, 35.000024999999994, 40.99992, 1]","[255, 255, 255, 1]",
recommended,light,,F1,error,,,/kits/api-docs/webhook-reference,actual page layers,visible idle,7,pass,6.487119947951175,"[181.00002, 35.000024999999994, 40.99992, 1]","[255, 255, 255, 1]",
recommended,light,,F1,error,,,/kits/api-docs/webhook-reference,actual page layers,visible idle,8,pass,6.487119947951175,"[181.00002, 35.000024999999994, 40.99992, 1]","[255, 255, 255, 1]",
recommended,light,,F9,success,,,/kits/api-docs/webhook-reference,actual page layers,visible idle,,unverified,,,,required selector matched zero nodes
recommended,dark,semantic text,,primary,,text,/__functional-colors,default,idle,0,pass,7.832708366109646,"[186.99991500000002, 140.00009999999997, 255, 1]","[10.0000035, 10.0000035, 10.0000035, 1]",
recommended,dark,Badge,,primary,solid,base,/__functional-colors,default,idle,0,pass,7.087039252728687,"[23.079922500000002, 23.0863485, 23.086935, 1]","[186.99991500000002, 140.00009999999997, 255, 1]",
recommended,dark,Alert,,primary,solid,title,/__functional-colors,default,idle,0,pass,7.087039252728687,"[23.079922500000002, 23.0863485, 23.086935, 1]","[186.99991500000002, 140.00009999999997, 255, 1]",
recommended,dark,Alert,,primary,solid,description,/__functional-colors,default,idle,0,pass,7.087039252728687,"[23.079922500000002, 23.0863485, 23.086935, 1]","[186.99991500000002, 140.00009999999997, 255, 1]",
recommended,dark,Badge,,primary,outline,base,/__functional-colors,default,idle,0,pass,7.832708366109646,"[186.99991500000002, 140.00009999999997, 255, 1]","[10.0000035, 10.0000035, 10.0000035, 1]",
recommended,dark,Alert,,primary,outline,title,/__functional-colors,default,idle,0,pass,7.832708366109646,"[186.99991500000002, 140.00009999999997, 255, 1]","[10.0000035, 10.0000035, 10.0000035, 1]",
recommended,dark,Alert,,primary,outline,description,/__functional-colors,default,idle,0,pass,7.832708366109646,"[186.99991500000002, 140.00009999999997, 255, 1]","[10.0000035, 10.0000035, 10.0000035, 1]",
recommended,dark,Badge,,primary,soft,base,/__functional-colors,default,idle,0,pass,6.9537913310649,"[186.99991500000002, 140.00009999999997, 255, 1]","[27.69999465, 23.000013149999997, 34.50000315, 1]",
recommended,dark,Alert,,primary,soft,title,/__functional-colors,default,idle,0,pass,6.9537913310649,"[186.99991500000002, 140.00009999999997, 255, 1]","[27.69999465, 23.000013149999997, 34.50000315, 1]",
recommended,dark,Alert,,primary,soft,description,/__functional-colors,default,idle,0,pass,6.9537913310649,"[186.99991500000002, 140.00009999999997, 255, 1]","[27.69999465, 23.000013149999997, 34.50000315, 1]",
recommended,dark,Badge,,primary,subtle,base,/__functional-colors,default,idle,0,pass,6.9537913310649,"[186.99991500000002, 140.00009999999997, 255, 1]","[27.69999465, 23.000013149999997, 34.50000315, 1]",
recommended,dark,Alert,,primary,subtle,title,/__functional-colors,default,idle,0,pass,6.9537913310649,"[186.99991500000002, 140.00009999999997, 255, 1]","[27.69999465, 23.000013149999997, 34.50000315, 1]",
recommended,dark,Alert,,primary,subtle,description,/__functional-colors,default,idle,0,pass,6.9537913310649,"[186.99991500000002, 140.00009999999997, 255, 1]","[27.69999465, 23.000013149999997, 34.50000315, 1]",
recommended,dark,Button,,primary,solid,base/label,/__functional-colors,default,idle,0,pass,7.087039252728687,"[23.079922500000002, 23.0863485, 23.086935, 1]","[186.99991500000002, 140.00009999999997, 255, 1]",
recommended,dark,Button,,primary,solid,base/label,/__functional-colors,default,hover,0,pass,7.840499406307669,"[23.079922500000002, 23.0863485, 23.086935, 1]","[193.8, 151.50009, 255, 1]",
recommended,dark,Button,,primary,solid,base/label,/__functional-colors,default,active+hover,0,pass,8.662662927621303,"[23.079922500000002, 23.0863485, 23.086935, 1]","[200.600085, 163.00008, 255, 1]",
recommended,dark,Button,,primary,solid,base/label,/__functional-colors,default,keyboard-focus,0,pass,7.087039252728687,"[23.079922500000002, 23.0863485, 23.086935, 1]","[186.99991500000002, 140.00009999999997, 255, 1]",
recommended,dark,Button,,primary,solid,base/label,/__functional-colors,default,keyboard-active+focus,0,pass,8.662662927621303,"[23.079922500000002, 23.0863485, 23.086935, 1]","[200.600085, 163.00008, 255, 1]",
recommended,dark,Button,,primary,solid,base/label,/__functional-colors,default,focus+hover,0,pass,7.840499406307669,"[23.079922500000002, 23.0863485, 23.086935, 1]","[193.8, 151.50009, 255, 1]",
recommended,dark,Button,,primary,link,base/label,/__functional-colors,default,idle,0,pass,7.832708366109646,"[186.99991500000002, 140.00009999999997, 255, 1]","[10.0000035, 10.0000035, 10.0000035, 1]",
recommended,dark,Button,,primary,link,base/label,/__functional-colors,default,hover,0,pass,7.832708366109646,"[186.99991500000002, 140.00009999999997, 255, 1]","[10.0000035, 10.0000035, 10.0000035, 1]",
recommended,dark,Button,,primary,link,base/label,/__functional-colors,default,active+hover,0,pass,7.832708366109646,"[186.99991500000002, 140.00009999999997, 255, 1]","[10.0000035, 10.0000035, 10.0000035, 1]",
recommended,dark,Button,,primary,link,base/label,/__functional-colors,default,keyboard-focus,0,pass,7.832708366109646,"[186.99991500000002, 140.00009999999997, 255, 1]","[10.0000035, 10.0000035, 10.0000035, 1]",
recommended,dark,Button,,primary,link,base/label,/__functional-colors,default,keyboard-active+focus,0,pass,7.832708366109646,"[186.99991500000002, 140.00009999999997, 255, 1]","[10.0000035, 10.0000035, 10.0000035, 1]",
recommended,dark,Button,,primary,link,base/label,/__functional-colors,default,focus+hover,0,pass,7.832708366109646,"[186.99991500000002, 140.00009999999997, 255, 1]","[10.0000035, 10.0000035, 10.0000035, 1]",
recommended,dark,semantic text,,secondary,,text,/__functional-colors,default,idle,0,pass,11.791953413639876,"[68.99994, 221.99994, 196.999995, 1]","[10.0000035, 10.0000035, 10.0000035, 1]",
recommended,dark,Badge,,secondary,solid,base,/__functional-colors,default,idle,0,pass,10.669366559133293,"[23.079922500000002, 23.0863485, 23.086935, 1]","[68.99994, 221.99994, 196.999995, 1]",
recommended,dark,Alert,,secondary,solid,title,/__functional-colors,default,idle,0,pass,10.669366559133293,"[23.079922500000002, 23.0863485, 23.086935, 1]","[68.99994, 221.99994, 196.999995, 1]",
recommended,dark,Alert,,secondary,solid,description,/__functional-colors,default,idle,0,pass,10.669366559133293,"[23.079922500000002, 23.0863485, 23.086935, 1]","[68.99994, 221.99994, 196.999995, 1]",
recommended,dark,Badge,,secondary,outline,base,/__functional-colors,default,idle,0,pass,11.791953413639876,"[68.99994, 221.99994, 196.999995, 1]","[10.0000035, 10.0000035, 10.0000035, 1]",
recommended,dark,Alert,,secondary,outline,title,/__functional-colors,default,idle,0,pass,11.791953413639876,"[68.99994, 221.99994, 196.999995, 1]","[10.0000035, 10.0000035, 10.0000035, 1]",
recommended,dark,Alert,,secondary,outline,description,/__functional-colors,default,idle,0,pass,11.791953413639876,"[68.99994, 221.99994, 196.999995, 1]","[10.0000035, 10.0000035, 10.0000035, 1]",
recommended,dark,Badge,,secondary,soft,base,/__functional-colors,default,idle,0,pass,10.108178889571581,"[68.99994, 221.99994, 196.999995, 1]","[15.90002265, 31.19999715, 28.700002650000002, 1]",
recommended,dark,Alert,,secondary,soft,title,/__functional-colors,default,idle,0,pass,10.108178889571581,"[68.99994, 221.99994, 196.999995, 1]","[15.90002265, 31.19999715, 28.700002650000002, 1]",
recommended,dark,Alert,,secondary,soft,description,/__functional-colors,default,idle,0,pass,10.108178889571581,"[68.99994, 221.99994, 196.999995, 1]","[15.90002265, 31.19999715, 28.700002650000002, 1]",
recommended,dark,Badge,,secondary,subtle,base,/__functional-colors,default,idle,0,pass,10.108178889571581,"[68.99994, 221.99994, 196.999995, 1]","[15.90002265, 31.19999715, 28.700002650000002, 1]",
recommended,dark,Alert,,secondary,subtle,title,/__functional-colors,default,idle,0,pass,10.108178889571581,"[68.99994, 221.99994, 196.999995, 1]","[15.90002265, 31.19999715, 28.700002650000002, 1]",
recommended,dark,Alert,,secondary,subtle,description,/__functional-colors,default,idle,0,pass,10.108178889571581,"[68.99994, 221.99994, 196.999995, 1]","[15.90002265, 31.19999715, 28.700002650000002, 1]",
recommended,dark,Button,,secondary,solid,base/label,/__functional-colors,default,idle,0,pass,10.669366559133293,"[23.079922500000002, 23.0863485, 23.086935, 1]","[68.99994, 221.99994, 196.999995, 1]",
recommended,dark,Button,,secondary,solid,base/label,/__functional-colors,default,hover,0,pass,11.152392597265019,"[23.079922500000002, 23.0863485, 23.086935, 1]","[87.59989499999999, 225.299895, 202.79996999999997, 1]",
recommended,dark,Button,,secondary,solid,base/label,/__functional-colors,default,active+hover,0,pass,11.682534954152242,"[23.079922500000002, 23.0863485, 23.086935, 1]","[106.200105, 228.600105, 208.599945, 1]",
recommended,dark,Button,,secondary,solid,base/label,/__functional-colors,default,keyboard-focus,0,pass,10.669366559133293,"[23.079922500000002, 23.0863485, 23.086935, 1]","[68.99994, 221.99994, 196.999995, 1]",
recommended,dark,Button,,secondary,solid,base/label,/__functional-colors,default,keyboard-active+focus,0,pass,11.682534954152242,"[23.079922500000002, 23.0863485, 23.086935, 1]","[106.200105, 228.600105, 208.599945, 1]",
recommended,dark,Button,,secondary,solid,base/label,/__functional-colors,default,focus+hover,0,pass,11.152392597265019,"[23.079922500000002, 23.0863485, 23.086935, 1]","[87.59989499999999, 225.299895, 202.79996999999997, 1]",
recommended,dark,Button,,secondary,link,base/label,/__functional-colors,default,idle,0,pass,11.791953413639876,"[68.99994, 221.99994, 196.999995, 1]","[10.0000035, 10.0000035, 10.0000035, 1]",
recommended,dark,Button,,secondary,link,base/label,/__functional-colors,default,hover,0,pass,11.791953413639876,"[68.99994, 221.99994, 196.999995, 1]","[10.0000035, 10.0000035, 10.0000035, 1]",
recommended,dark,Button,,secondary,link,base/label,/__functional-colors,default,active+hover,0,pass,11.791953413639876,"[68.99994, 221.99994, 196.999995, 1]","[10.0000035, 10.0000035, 10.0000035, 1]",
recommended,dark,Button,,secondary,link,base/label,/__functional-colors,default,keyboard-focus,0,pass,11.791953413639876,"[68.99994, 221.99994, 196.999995, 1]","[10.0000035, 10.0000035, 10.0000035, 1]",
recommended,dark,Button,,secondary,link,base/label,/__functional-colors,default,keyboard-active+focus,0,pass,11.791953413639876,"[68.99994, 221.99994, 196.999995, 1]","[10.0000035, 10.0000035, 10.0000035, 1]",
recommended,dark,Button,,secondary,link,base/label,/__functional-colors,default,focus+hover,0,pass,11.791953413639876,"[68.99994, 221.99994, 196.999995, 1]","[10.0000035, 10.0000035, 10.0000035, 1]",
recommended,dark,semantic text,,success,,text,/__functional-colors,default,idle,0,pass,11.240690812417794,"[107.999895, 218.00001, 117.00012, 1]","[10.0000035, 10.0000035, 10.0000035, 1]",
recommended,dark,Badge,,success,solid,base,/__functional-colors,default,idle,0,pass,10.170583825139756,"[23.079922500000002, 23.0863485, 23.086935, 1]","[107.999895, 218.00001, 117.00012, 1]",
recommended,dark,Alert,,success,solid,title,/__functional-colors,default,idle,0,pass,10.170583825139756,"[23.079922500000002, 23.0863485, 23.086935, 1]","[107.999895, 218.00001, 117.00012, 1]",
recommended,dark,Alert,,success,solid,description,/__functional-colors,default,idle,0,pass,10.170583825139756,"[23.079922500000002, 23.0863485, 23.086935, 1]","[107.999895, 218.00001, 117.00012, 1]",
recommended,dark,Badge,,success,outline,base,/__functional-colors,default,idle,0,pass,11.240690812417794,"[107.999895, 218.00001, 117.00012, 1]","[10.0000035, 10.0000035, 10.0000035, 1]",
recommended,dark,Alert,,success,outline,title,/__functional-colors,default,idle,0,pass,11.240690812417794,"[107.999895, 218.00001, 117.00012, 1]","[10.0000035, 10.0000035, 10.0000035, 1]",
recommended,dark,Alert,,success,outline,description,/__functional-colors,default,idle,0,pass,11.240690812417794,"[107.999895, 218.00001, 117.00012, 1]","[10.0000035, 10.0000035, 10.0000035, 1]",
recommended,dark,Badge,,success,soft,base,/__functional-colors,default,idle,0,pass,9.663333524293087,"[107.999895, 218.00001, 117.00012, 1]","[19.79999265, 30.80000415, 20.70001515, 1]",
recommended,dark,Alert,,success,soft,title,/__functional-colors,default,idle,0,pass,9.663333524293087,"[107.999895, 218.00001, 117.00012, 1]","[19.79999265, 30.80000415, 20.70001515, 1]",
recommended,dark,Alert,,success,soft,description,/__functional-colors,default,idle,0,pass,9.663333524293087,"[107.999895, 218.00001, 117.00012, 1]","[19.79999265, 30.80000415, 20.70001515, 1]",
recommended,dark,Badge,,success,subtle,base,/__functional-colors,default,idle,0,pass,9.663333524293087,"[107.999895, 218.00001, 117.00012, 1]","[19.79999265, 30.80000415, 20.70001515, 1]",
recommended,dark,Alert,,success,subtle,title,/__functional-colors,default,idle,0,pass,9.663333524293087,"[107.999895, 218.00001, 117.00012, 1]","[19.79999265, 30.80000415, 20.70001515, 1]",
recommended,dark,Alert,,success,subtle,description,/__functional-colors,default,idle,0,pass,9.663333524293087,"[107.999895, 218.00001, 117.00012, 1]","[19.79999265, 30.80000415, 20.70001515, 1]",
recommended,dark,Button,,success,solid,base/label,/__functional-colors,default,idle,0,pass,10.170583825139756,"[23.079922500000002, 23.0863485, 23.086935, 1]","[107.999895, 218.00001, 117.00012, 1]",
recommended,dark,Button,,success,solid,base/label,/__functional-colors,default,hover,0,pass,10.731899652794608,"[23.079922500000002, 23.0863485, 23.086935, 1]","[122.69988, 221.70005999999998, 130.79995499999998, 1]",
recommended,dark,Button,,success,solid,base/label,/__functional-colors,default,active+hover,0,pass,11.336825127493679,"[23.079922500000002, 23.0863485, 23.086935, 1]","[137.40012, 225.40010999999998, 144.600045, 1]",
recommended,dark,Button,,success,solid,base/label,/__functional-colors,default,keyboard-focus,0,pass,10.170583825139756,"[23.079922500000002, 23.0863485, 23.086935, 1]","[107.999895, 218.00001, 117.00012, 1]",
recommended,dark,Button,,success,solid,base/label,/__functional-colors,default,keyboard-active+focus,0,pass,11.336825127493679,"[23.079922500000002, 23.0863485, 23.086935, 1]","[137.40012, 225.40010999999998, 144.600045, 1]",
recommended,dark,Button,,success,solid,base/label,/__functional-colors,default,focus+hover,0,pass,10.731899652794608,"[23.079922500000002, 23.0863485, 23.086935, 1]","[122.69988, 221.70005999999998, 130.79995499999998, 1]",
recommended,dark,Button,,success,link,base/label,/__functional-colors,default,idle,0,pass,11.240690812417794,"[107.999895, 218.00001, 117.00012, 1]","[10.0000035, 10.0000035, 10.0000035, 1]",
recommended,dark,Button,,success,link,base/label,/__functional-colors,default,hover,0,pass,11.240690812417794,"[107.999895, 218.00001, 117.00012, 1]","[10.0000035, 10.0000035, 10.0000035, 1]",
recommended,dark,Button,,success,link,base/label,/__functional-colors,default,active+hover,0,pass,11.240690812417794,"[107.999895, 218.00001, 117.00012, 1]","[10.0000035, 10.0000035, 10.0000035, 1]",
recommended,dark,Button,,success,link,base/label,/__functional-colors,default,keyboard-focus,0,pass,11.240690812417794,"[107.999895, 218.00001, 117.00012, 1]","[10.0000035, 10.0000035, 10.0000035, 1]",
recommended,dark,Button,,success,link,base/label,/__functional-colors,default,keyboard-active+focus,0,pass,11.240690812417794,"[107.999895, 218.00001, 117.00012, 1]","[10.0000035, 10.0000035, 10.0000035, 1]",
recommended,dark,Button,,success,link,base/label,/__functional-colors,default,focus+hover,0,pass,11.240690812417794,"[107.999895, 218.00001, 117.00012, 1]","[10.0000035, 10.0000035, 10.0000035, 1]",
recommended,dark,semantic text,,info,,text,/__functional-colors,default,idle,0,pass,8.350282994767758,"[82.000095, 174.000015, 255, 1]","[10.0000035, 10.0000035, 10.0000035, 1]",
recommended,dark,Badge,,info,solid,base,/__functional-colors,default,idle,0,pass,7.555341088832712,"[23.079922500000002, 23.0863485, 23.086935, 1]","[82.000095, 174.000015, 255, 1]",
recommended,dark,Alert,,info,solid,title,/__functional-colors,default,idle,0,pass,7.555341088832712,"[23.079922500000002, 23.0863485, 23.086935, 1]","[82.000095, 174.000015, 255, 1]",
recommended,dark,Alert,,info,solid,description,/__functional-colors,default,idle,0,pass,7.555341088832712,"[23.079922500000002, 23.0863485, 23.086935, 1]","[82.000095, 174.000015, 255, 1]",
recommended,dark,Badge,,info,outline,base,/__functional-colors,default,idle,0,pass,8.350282994767758,"[82.000095, 174.000015, 255, 1]","[10.0000035, 10.0000035, 10.0000035, 1]",
recommended,dark,Alert,,info,outline,title,/__functional-colors,default,idle,0,pass,8.350282994767758,"[82.000095, 174.000015, 255, 1]","[10.0000035, 10.0000035, 10.0000035, 1]",
recommended,dark,Alert,,info,outline,description,/__functional-colors,default,idle,0,pass,8.350282994767758,"[82.000095, 174.000015, 255, 1]","[10.0000035, 10.0000035, 10.0000035, 1]",
recommended,dark,Badge,,info,soft,base,/__functional-colors,default,idle,0,pass,7.385846572542687,"[82.000095, 174.000015, 255, 1]","[17.20003815, 26.40000465, 34.50000315, 1]",
recommended,dark,Alert,,info,soft,title,/__functional-colors,default,idle,0,pass,7.385846572542687,"[82.000095, 174.000015, 255, 1]","[17.20003815, 26.40000465, 34.50000315, 1]",
recommended,dark,Alert,,info,soft,description,/__functional-colors,default,idle,0,pass,7.385846572542687,"[82.000095, 174.000015, 255, 1]","[17.20003815, 26.40000465, 34.50000315, 1]",
recommended,dark,Badge,,info,subtle,base,/__functional-colors,default,idle,0,pass,7.385846572542687,"[82.000095, 174.000015, 255, 1]","[17.20003815, 26.40000465, 34.50000315, 1]",
recommended,dark,Alert,,info,subtle,title,/__functional-colors,default,idle,0,pass,7.385846572542687,"[82.000095, 174.000015, 255, 1]","[17.20003815, 26.40000465, 34.50000315, 1]",
recommended,dark,Alert,,info,subtle,description,/__functional-colors,default,idle,0,pass,7.385846572542687,"[82.000095, 174.000015, 255, 1]","[17.20003815, 26.40000465, 34.50000315, 1]",
recommended,dark,Button,,info,solid,base/label,/__functional-colors,default,idle,0,pass,7.555341088832712,"[23.079922500000002, 23.0863485, 23.086935, 1]","[82.000095, 174.000015, 255, 1]",
recommended,dark,Button,,info,solid,base/label,/__functional-colors,default,hover,0,pass,8.25490771991566,"[23.079922500000002, 23.0863485, 23.086935, 1]","[99.30006, 182.10009, 255, 1]",
recommended,dark,Button,,info,solid,base/label,/__functional-colors,default,active+hover,0,pass,9.022852423578826,"[23.079922500000002, 23.0863485, 23.086935, 1]","[116.600025, 190.19991000000002, 255, 1]",
recommended,dark,Button,,info,solid,base/label,/__functional-colors,default,keyboard-focus,0,pass,7.555341088832712,"[23.079922500000002, 23.0863485, 23.086935, 1]","[82.000095, 174.000015, 255, 1]",
recommended,dark,Button,,info,solid,base/label,/__functional-colors,default,keyboard-active+focus,0,pass,9.022852423578826,"[23.079922500000002, 23.0863485, 23.086935, 1]","[116.600025, 190.19991000000002, 255, 1]",
recommended,dark,Button,,info,solid,base/label,/__functional-colors,default,focus+hover,0,pass,8.25490771991566,"[23.079922500000002, 23.0863485, 23.086935, 1]","[99.30006, 182.10009, 255, 1]",
recommended,dark,Button,,info,link,base/label,/__functional-colors,default,idle,0,pass,8.350282994767758,"[82.000095, 174.000015, 255, 1]","[10.0000035, 10.0000035, 10.0000035, 1]",
recommended,dark,Button,,info,link,base/label,/__functional-colors,default,hover,0,pass,8.350282994767758,"[82.000095, 174.000015, 255, 1]","[10.0000035, 10.0000035, 10.0000035, 1]",
recommended,dark,Button,,info,link,base/label,/__functional-colors,default,active+hover,0,pass,8.350282994767758,"[82.000095, 174.000015, 255, 1]","[10.0000035, 10.0000035, 10.0000035, 1]",
recommended,dark,Button,,info,link,base/label,/__functional-colors,default,keyboard-focus,0,pass,8.350282994767758,"[82.000095, 174.000015, 255, 1]","[10.0000035, 10.0000035, 10.0000035, 1]",
recommended,dark,Button,,info,link,base/label,/__functional-colors,default,keyboard-active+focus,0,pass,8.350282994767758,"[82.000095, 174.000015, 255, 1]","[10.0000035, 10.0000035, 10.0000035, 1]",
recommended,dark,Button,,info,link,base/label,/__functional-colors,default,focus+hover,0,pass,8.350282994767758,"[82.000095, 174.000015, 255, 1]","[10.0000035, 10.0000035, 10.0000035, 1]",
recommended,dark,semantic text,,warning,,text,/__functional-colors,default,idle,0,pass,11.024783690770832,"[244.000065, 182.999985, 63.9999, 1]","[10.0000035, 10.0000035, 10.0000035, 1]",
recommended,dark,Badge,,warning,solid,base,/__functional-colors,default,idle,0,pass,9.975230931282981,"[23.079922500000002, 23.0863485, 23.086935, 1]","[244.000065, 182.999985, 63.9999, 1]",
recommended,dark,Alert,,warning,solid,title,/__functional-colors,default,idle,0,pass,9.975230931282981,"[23.079922500000002, 23.0863485, 23.086935, 1]","[244.000065, 182.999985, 63.9999, 1]",
recommended,dark,Alert,,warning,solid,description,/__functional-colors,default,idle,0,pass,9.975230931282981,"[23.079922500000002, 23.0863485, 23.086935, 1]","[244.000065, 182.999985, 63.9999, 1]",
recommended,dark,Badge,,warning,outline,base,/__functional-colors,default,idle,0,pass,11.024783690770832,"[244.000065, 182.999985, 63.9999, 1]","[10.0000035, 10.0000035, 10.0000035, 1]",
recommended,dark,Alert,,warning,outline,title,/__functional-colors,default,idle,0,pass,11.024783690770832,"[244.000065, 182.999985, 63.9999, 1]","[10.0000035, 10.0000035, 10.0000035, 1]",
recommended,dark,Alert,,warning,outline,description,/__functional-colors,default,idle,0,pass,11.024783690770832,"[244.000065, 182.999985, 63.9999, 1]","[10.0000035, 10.0000035, 10.0000035, 1]",
recommended,dark,Badge,,warning,soft,base,/__functional-colors,default,idle,0,pass,9.48682753567006,"[244.000065, 182.999985, 63.9999, 1]","[33.39998415, 27.30000165, 15.40004415, 1]",
recommended,dark,Alert,,warning,soft,title,/__functional-colors,default,idle,0,pass,9.48682753567006,"[244.000065, 182.999985, 63.9999, 1]","[33.39998415, 27.30000165, 15.40004415, 1]",
recommended,dark,Alert,,warning,soft,description,/__functional-colors,default,idle,0,pass,9.48682753567006,"[244.000065, 182.999985, 63.9999, 1]","[33.39998415, 27.30000165, 15.40004415, 1]",
recommended,dark,Badge,,warning,subtle,base,/__functional-colors,default,idle,0,pass,9.48682753567006,"[244.000065, 182.999985, 63.9999, 1]","[33.39998415, 27.30000165, 15.40004415, 1]",
recommended,dark,Alert,,warning,subtle,title,/__functional-colors,default,idle,0,pass,9.48682753567006,"[244.000065, 182.999985, 63.9999, 1]","[33.39998415, 27.30000165, 15.40004415, 1]",
recommended,dark,Alert,,warning,subtle,description,/__functional-colors,default,idle,0,pass,9.48682753567006,"[244.000065, 182.999985, 63.9999, 1]","[33.39998415, 27.30000165, 15.40004415, 1]",
recommended,dark,Button,,warning,solid,base/label,/__functional-colors,default,idle,0,pass,9.975230931282981,"[23.079922500000002, 23.0863485, 23.086935, 1]","[244.000065, 182.999985, 63.9999, 1]",
recommended,dark,Button,,warning,solid,base/label,/__functional-colors,default,hover,0,pass,10.57231933351847,"[23.079922500000002, 23.0863485, 23.086935, 1]","[245.09988, 190.19991000000002, 83.09991, 1]",
recommended,dark,Button,,warning,solid,base/label,/__functional-colors,default,active+hover,0,pass,11.209803503319694,"[23.079922500000002, 23.0863485, 23.086935, 1]","[246.19995, 197.40009, 102.19991999999999, 1]",
recommended,dark,Button,,warning,solid,base/label,/__functional-colors,default,keyboard-focus,0,pass,9.975230931282981,"[23.079922500000002, 23.0863485, 23.086935, 1]","[244.000065, 182.999985, 63.9999, 1]",
recommended,dark,Button,,warning,solid,base/label,/__functional-colors,default,keyboard-active+focus,0,pass,11.209803503319694,"[23.079922500000002, 23.0863485, 23.086935, 1]","[246.19995, 197.40009, 102.19991999999999, 1]",
recommended,dark,Button,,warning,solid,base/label,/__functional-colors,default,focus+hover,0,pass,10.57231933351847,"[23.079922500000002, 23.0863485, 23.086935, 1]","[245.09988, 190.19991000000002, 83.09991, 1]",
recommended,dark,Button,,warning,link,base/label,/__functional-colors,default,idle,0,pass,11.024783690770832,"[244.000065, 182.999985, 63.9999, 1]","[10.0000035, 10.0000035, 10.0000035, 1]",
recommended,dark,Button,,warning,link,base/label,/__functional-colors,default,hover,0,pass,11.024783690770832,"[244.000065, 182.999985, 63.9999, 1]","[10.0000035, 10.0000035, 10.0000035, 1]",
recommended,dark,Button,,warning,link,base/label,/__functional-colors,default,active+hover,0,pass,11.024783690770832,"[244.000065, 182.999985, 63.9999, 1]","[10.0000035, 10.0000035, 10.0000035, 1]",
recommended,dark,Button,,warning,link,base/label,/__functional-colors,default,keyboard-focus,0,pass,11.024783690770832,"[244.000065, 182.999985, 63.9999, 1]","[10.0000035, 10.0000035, 10.0000035, 1]",
recommended,dark,Button,,warning,link,base/label,/__functional-colors,default,keyboard-active+focus,0,pass,11.024783690770832,"[244.000065, 182.999985, 63.9999, 1]","[10.0000035, 10.0000035, 10.0000035, 1]",
recommended,dark,Button,,warning,link,base/label,/__functional-colors,default,focus+hover,0,pass,11.024783690770832,"[244.000065, 182.999985, 63.9999, 1]","[10.0000035, 10.0000035, 10.0000035, 1]",
recommended,dark,semantic text,,error,,text,/__functional-colors,default,idle,0,pass,8.449594779719497,"[255, 133.000095, 135.999915, 1]","[10.0000035, 10.0000035, 10.0000035, 1]",
recommended,dark,Badge,,error,solid,base,/__functional-colors,default,idle,0,pass,7.645198451741413,"[23.079922500000002, 23.0863485, 23.086935, 1]","[255, 133.000095, 135.999915, 1]",
recommended,dark,Alert,,error,solid,title,/__functional-colors,default,idle,0,pass,7.645198451741413,"[23.079922500000002, 23.0863485, 23.086935, 1]","[255, 133.000095, 135.999915, 1]",
recommended,dark,Alert,,error,solid,description,/__functional-colors,default,idle,0,pass,7.645198451741413,"[23.079922500000002, 23.0863485, 23.086935, 1]","[255, 133.000095, 135.999915, 1]",
recommended,dark,Badge,,error,outline,base,/__functional-colors,default,idle,0,pass,8.449594779719497,"[255, 133.000095, 135.999915, 1]","[10.0000035, 10.0000035, 10.0000035, 1]",
recommended,dark,Alert,,error,outline,title,/__functional-colors,default,idle,0,pass,8.449594779719497,"[255, 133.000095, 135.999915, 1]","[10.0000035, 10.0000035, 10.0000035, 1]",
recommended,dark,Alert,,error,outline,description,/__functional-colors,default,idle,0,pass,8.449594779719497,"[255, 133.000095, 135.999915, 1]","[10.0000035, 10.0000035, 10.0000035, 1]",
recommended,dark,Badge,,error,soft,base,/__functional-colors,default,idle,0,pass,7.475920865733439,"[255, 133.000095, 135.999915, 1]","[34.50000315, 22.30001265, 22.60002015, 1]",
recommended,dark,Alert,,error,soft,title,/__functional-colors,default,idle,0,pass,7.475920865733439,"[255, 133.000095, 135.999915, 1]","[34.50000315, 22.30001265, 22.60002015, 1]",
recommended,dark,Alert,,error,soft,description,/__functional-colors,default,idle,0,pass,7.475920865733439,"[255, 133.000095, 135.999915, 1]","[34.50000315, 22.30001265, 22.60002015, 1]",
recommended,dark,Badge,,error,subtle,base,/__functional-colors,default,idle,0,pass,7.475920865733439,"[255, 133.000095, 135.999915, 1]","[34.50000315, 22.30001265, 22.60002015, 1]",
recommended,dark,Alert,,error,subtle,title,/__functional-colors,default,idle,0,pass,7.475920865733439,"[255, 133.000095, 135.999915, 1]","[34.50000315, 22.30001265, 22.60002015, 1]",
recommended,dark,Alert,,error,subtle,description,/__functional-colors,default,idle,0,pass,7.475920865733439,"[255, 133.000095, 135.999915, 1]","[34.50000315, 22.30001265, 22.60002015, 1]",
recommended,dark,Button,,error,solid,base/label,/__functional-colors,default,idle,0,pass,7.645198451741413,"[23.079922500000002, 23.0863485, 23.086935, 1]","[255, 133.000095, 135.999915, 1]",
recommended,dark,Button,,error,solid,base/label,/__functional-colors,default,hover,0,pass,8.30957866051636,"[23.079922500000002, 23.0863485, 23.086935, 1]","[255, 145.20006, 147.89999999999998, 1]",
recommended,dark,Button,,error,solid,base/label,/__functional-colors,default,active+hover,0,pass,9.04891554369144,"[23.079922500000002, 23.0863485, 23.086935, 1]","[255, 157.400025, 159.800085, 1]",
recommended,dark,Button,,error,solid,base/label,/__functional-colors,default,keyboard-focus,0,pass,7.645198451741413,"[23.079922500000002, 23.0863485, 23.086935, 1]","[255, 133.000095, 135.999915, 1]",
recommended,dark,Button,,error,solid,base/label,/__functional-colors,default,keyboard-active+focus,0,pass,9.04891554369144,"[23.079922500000002, 23.0863485, 23.086935, 1]","[255, 157.400025, 159.800085, 1]",
recommended,dark,Button,,error,solid,base/label,/__functional-colors,default,focus+hover,0,pass,8.30957866051636,"[23.079922500000002, 23.0863485, 23.086935, 1]","[255, 145.20006, 147.89999999999998, 1]",
recommended,dark,Button,,error,link,base/label,/__functional-colors,default,idle,0,pass,8.449594779719497,"[255, 133.000095, 135.999915, 1]","[10.0000035, 10.0000035, 10.0000035, 1]",
recommended,dark,Button,,error,link,base/label,/__functional-colors,default,hover,0,pass,8.449594779719497,"[255, 133.000095, 135.999915, 1]","[10.0000035, 10.0000035, 10.0000035, 1]",
recommended,dark,Button,,error,link,base/label,/__functional-colors,default,active+hover,0,pass,8.449594779719497,"[255, 133.000095, 135.999915, 1]","[10.0000035, 10.0000035, 10.0000035, 1]",
recommended,dark,Button,,error,link,base/label,/__functional-colors,default,keyboard-focus,0,pass,8.449594779719497,"[255, 133.000095, 135.999915, 1]","[10.0000035, 10.0000035, 10.0000035, 1]",
recommended,dark,Button,,error,link,base/label,/__functional-colors,default,keyboard-active+focus,0,pass,8.449594779719497,"[255, 133.000095, 135.999915, 1]","[10.0000035, 10.0000035, 10.0000035, 1]",
recommended,dark,Button,,error,link,base/label,/__functional-colors,default,focus+hover,0,pass,8.449594779719497,"[255, 133.000095, 135.999915, 1]","[10.0000035, 10.0000035, 10.0000035, 1]",
recommended,dark,FormField,,error,,error,,default,visible,0,pass,8.449594779719497,"[255, 133.000095, 135.999915, 1]","[10.0000035, 10.0000035, 10.0000035, 1]",
recommended,dark,API fixture,F1,,,,,default,idle,0,pass,8.449594779719497,"[255, 133.000095, 135.999915, 1]","[10.0000035, 10.0000035, 10.0000035, 1]",
recommended,dark,API fixture,F2,,,,,default,idle,0,pass,11.024783690770832,"[244.000065, 182.999985, 63.9999, 1]","[10.0000035, 10.0000035, 10.0000035, 1]",
recommended,dark,API fixture,F5-field-caveat,,,,,default,idle,0,pass,9.48682753567006,"[244.000065, 182.999985, 63.9999, 1]","[33.39998415, 27.30000165, 15.40004415, 1]",
recommended,dark,API fixture,F5-field-caveat,,,,,default,idle,1,pass,6.593873187610103,"[161.000115, 161.000115, 161.000115, 1]","[33.39998415, 27.30000165, 15.40004415, 1]",
recommended,dark,API fixture,value-caveat,,,,,default,idle,0,pass,9.48682753567006,"[244.000065, 182.999985, 63.9999, 1]","[33.39998415, 27.30000165, 15.40004415, 1]",
recommended,dark,API fixture,value-caveat,,,,,default,idle,1,pass,6.593873187610103,"[161.000115, 161.000115, 161.000115, 1]","[33.39998415, 27.30000165, 15.40004415, 1]",
recommended,dark,ResponseExample,,,,status/statusText,,default,single status visible,0,pass,7.9054395961421475,"[107.999895, 218.00001, 117.00012, 1]","[36.0000534, 47.0000649, 36.9000759, 1]",
recommended,dark,ResponseExample,,,,status/statusText,,default,single status visible,1,pass,7.9054395961421475,"[107.999895, 218.00001, 117.00012, 1]","[36.0000534, 47.0000649, 36.9000759, 1]",
recommended,dark,ResponseExample,,,,status/statusText,,default,single status visible,2,pass,6.095653619441885,"[82.000095, 174.000015, 255, 1]","[33.4000989, 42.6000654, 50.700063899999996, 1]",
recommended,dark,ResponseExample,,,,status/statusText,,default,single status visible,3,pass,6.095653619441885,"[82.000095, 174.000015, 255, 1]","[33.4000989, 42.6000654, 50.700063899999996, 1]",
recommended,dark,ResponseExample,,,,status/statusText,,default,single status visible,4,pass,7.760385422077901,"[244.000065, 182.999985, 63.9999, 1]","[49.6000449, 43.5000624, 31.600104899999998, 1]",
recommended,dark,ResponseExample,,,,status/statusText,,default,single status visible,5,pass,7.760385422077901,"[244.000065, 182.999985, 63.9999, 1]","[49.6000449, 43.5000624, 31.600104899999998, 1]",
recommended,dark,ResponseExample,,,,status/statusText,,default,single status visible,6,pass,6.172862001320169,"[255, 133.000095, 135.999915, 1]","[50.700063899999996, 38.500073400000005, 38.8000809, 1]",
recommended,dark,ResponseExample,,,,status/statusText,,default,single status visible,7,pass,6.172862001320169,"[255, 133.000095, 135.999915, 1]","[50.700063899999996, 38.500073400000005, 38.8000809, 1]",
recommended,dark,LifecycleNotice,,,,,,default,idle,0,pass,9.48682753567006,"[244.000065, 182.999985, 63.9999, 1]","[33.39998415, 27.30000165, 15.40004415, 1]",
recommended,dark,LifecycleNotice,,,,,,default,idle,1,pass,9.48682753567006,"[244.000065, 182.999985, 63.9999, 1]","[33.39998415, 27.30000165, 15.40004415, 1]",
recommended,dark,LifecycleNotice,,,,,,default,idle,2,pass,9.663333524293087,"[107.999895, 218.00001, 117.00012, 1]","[19.79999265, 30.80000415, 20.70001515, 1]",
recommended,dark,LifecycleNotice,,,,,,default,idle,3,pass,9.663333524293087,"[107.999895, 218.00001, 117.00012, 1]","[19.79999265, 30.80000415, 20.70001515, 1]",
recommended,dark,LifecycleNotice,,,,,,default,idle,4,pass,9.48682753567006,"[244.000065, 182.999985, 63.9999, 1]","[33.39998415, 27.30000165, 15.40004415, 1]",
recommended,dark,LifecycleNotice,,,,,,default,idle,5,pass,9.48682753567006,"[244.000065, 182.999985, 63.9999, 1]","[33.39998415, 27.30000165, 15.40004415, 1]",
recommended,dark,LifecycleNotice,,,,,,default,idle,6,pass,18.342311589864977,"[255, 255, 255, 1]","[20.50004925, 20.50004925, 20.50004925, 1]",
recommended,dark,LifecycleNotice,,,,,,default,idle,7,pass,14.90818494089761,"[231.550004925, 231.550004925, 231.550004925, 1]","[20.50004925, 20.50004925, 20.50004925, 1]",
recommended,dark,LifecycleNotice,,,,,,default,idle,8,pass,7.475920865733439,"[255, 133.000095, 135.999915, 1]","[34.50000315, 22.30001265, 22.60002015, 1]",
recommended,dark,LifecycleNotice,,,,,,default,idle,9,pass,7.475920865733439,"[255, 133.000095, 135.999915, 1]","[34.50000315, 22.30001265, 22.60002015, 1]",
recommended,dark,FieldAnnotation,,,,required,,portal own bg-default,open,0,pass,8.449594779719497,"[255, 133.000095, 135.999915, 1]","[10.0000035, 10.0000035, 10.0000035, 1]",
recommended,dark,FieldAnnotation,,,,conditional,,portal own bg-default,open,0,pass,11.024783690770832,"[244.000065, 182.999985, 63.9999, 1]","[10.0000035, 10.0000035, 10.0000035, 1]",
recommended,dark,semantic text,,primary,,text,/__functional-colors,muted,idle,0,pass,6.8856422019022565,"[186.99991500000002, 140.00009999999997, 255, 1]","[26.000055, 26.000055, 26.000055, 1]",
recommended,dark,Badge,,primary,solid,base,/__functional-colors,muted,idle,0,pass,7.087039252728687,"[23.079922500000002, 23.0863485, 23.086935, 1]","[186.99991500000002, 140.00009999999997, 255, 1]",
recommended,dark,Alert,,primary,solid,title,/__functional-colors,muted,idle,0,pass,7.087039252728687,"[23.079922500000002, 23.0863485, 23.086935, 1]","[186.99991500000002, 140.00009999999997, 255, 1]",
recommended,dark,Alert,,primary,solid,description,/__functional-colors,muted,idle,0,pass,7.087039252728687,"[23.079922500000002, 23.0863485, 23.086935, 1]","[186.99991500000002, 140.00009999999997, 255, 1]",
recommended,dark,Badge,,primary,outline,base,/__functional-colors,muted,idle,0,pass,6.8856422019022565,"[186.99991500000002, 140.00009999999997, 255, 1]","[26.000055, 26.000055, 26.000055, 1]",
recommended,dark,Alert,,primary,outline,title,/__functional-colors,muted,idle,0,pass,6.8856422019022565,"[186.99991500000002, 140.00009999999997, 255, 1]","[26.000055, 26.000055, 26.000055, 1]",
recommended,dark,Alert,,primary,outline,description,/__functional-colors,muted,idle,0,pass,6.8856422019022565,"[186.99991500000002, 140.00009999999997, 255, 1]","[26.000055, 26.000055, 26.000055, 1]",
recommended,dark,Badge,,primary,soft,base,/__functional-colors,muted,idle,0,pass,5.881133685732555,"[186.99991500000002, 140.00009999999997, 255, 1]","[42.100041000000004, 37.4000595, 48.9000495, 1]",
recommended,dark,Alert,,primary,soft,title,/__functional-colors,muted,idle,0,pass,5.881133685732555,"[186.99991500000002, 140.00009999999997, 255, 1]","[42.100041000000004, 37.4000595, 48.9000495, 1]",
recommended,dark,Alert,,primary,soft,description,/__functional-colors,muted,idle,0,pass,5.881133685732555,"[186.99991500000002, 140.00009999999997, 255, 1]","[42.100041000000004, 37.4000595, 48.9000495, 1]",
recommended,dark,Badge,,primary,subtle,base,/__functional-colors,muted,idle,0,pass,5.881133685732555,"[186.99991500000002, 140.00009999999997, 255, 1]","[42.100041000000004, 37.4000595, 48.9000495, 1]",
recommended,dark,Alert,,primary,subtle,title,/__functional-colors,muted,idle,0,pass,5.881133685732555,"[186.99991500000002, 140.00009999999997, 255, 1]","[42.100041000000004, 37.4000595, 48.9000495, 1]",
recommended,dark,Alert,,primary,subtle,description,/__functional-colors,muted,idle,0,pass,5.881133685732555,"[186.99991500000002, 140.00009999999997, 255, 1]","[42.100041000000004, 37.4000595, 48.9000495, 1]",
recommended,dark,Button,,primary,solid,base/label,/__functional-colors,muted,idle,0,pass,7.087039252728687,"[23.079922500000002, 23.0863485, 23.086935, 1]","[186.99991500000002, 140.00009999999997, 255, 1]",
recommended,dark,Button,,primary,solid,base/label,/__functional-colors,muted,hover,0,pass,7.840499406307669,"[23.079922500000002, 23.0863485, 23.086935, 1]","[193.8, 151.50009, 255, 1]",
recommended,dark,Button,,primary,solid,base/label,/__functional-colors,muted,active+hover,0,pass,8.662662927621303,"[23.079922500000002, 23.0863485, 23.086935, 1]","[200.600085, 163.00008, 255, 1]",
recommended,dark,Button,,primary,solid,base/label,/__functional-colors,muted,keyboard-focus,0,pass,7.087039252728687,"[23.079922500000002, 23.0863485, 23.086935, 1]","[186.99991500000002, 140.00009999999997, 255, 1]",
recommended,dark,Button,,primary,solid,base/label,/__functional-colors,muted,keyboard-active+focus,0,pass,8.662662927621303,"[23.079922500000002, 23.0863485, 23.086935, 1]","[200.600085, 163.00008, 255, 1]",
recommended,dark,Button,,primary,solid,base/label,/__functional-colors,muted,focus+hover,0,pass,7.840499406307669,"[23.079922500000002, 23.0863485, 23.086935, 1]","[193.8, 151.50009, 255, 1]",
recommended,dark,Button,,primary,link,base/label,/__functional-colors,muted,idle,0,pass,6.8856422019022565,"[186.99991500000002, 140.00009999999997, 255, 1]","[26.000055, 26.000055, 26.000055, 1]",
recommended,dark,Button,,primary,link,base/label,/__functional-colors,muted,hover,0,pass,6.8856422019022565,"[186.99991500000002, 140.00009999999997, 255, 1]","[26.000055, 26.000055, 26.000055, 1]",
recommended,dark,Button,,primary,link,base/label,/__functional-colors,muted,active+hover,0,pass,6.8856422019022565,"[186.99991500000002, 140.00009999999997, 255, 1]","[26.000055, 26.000055, 26.000055, 1]",
recommended,dark,Button,,primary,link,base/label,/__functional-colors,muted,keyboard-focus,0,pass,6.8856422019022565,"[186.99991500000002, 140.00009999999997, 255, 1]","[26.000055, 26.000055, 26.000055, 1]",
recommended,dark,Button,,primary,link,base/label,/__functional-colors,muted,keyboard-active+focus,0,pass,6.8856422019022565,"[186.99991500000002, 140.00009999999997, 255, 1]","[26.000055, 26.000055, 26.000055, 1]",
recommended,dark,Button,,primary,link,base/label,/__functional-colors,muted,focus+hover,0,pass,6.8856422019022565,"[186.99991500000002, 140.00009999999997, 255, 1]","[26.000055, 26.000055, 26.000055, 1]",
recommended,dark,semantic text,,secondary,,text,/__functional-colors,muted,idle,0,pass,10.366168159552219,"[68.99994, 221.99994, 196.999995, 1]","[26.000055, 26.000055, 26.000055, 1]",
recommended,dark,Badge,,secondary,solid,base,/__functional-colors,muted,idle,0,pass,10.669366559133293,"[23.079922500000002, 23.0863485, 23.086935, 1]","[68.99994, 221.99994, 196.999995, 1]",
recommended,dark,Alert,,secondary,solid,title,/__functional-colors,muted,idle,0,pass,10.669366559133293,"[23.079922500000002, 23.0863485, 23.086935, 1]","[68.99994, 221.99994, 196.999995, 1]",
recommended,dark,Alert,,secondary,solid,description,/__functional-colors,muted,idle,0,pass,10.669366559133293,"[23.079922500000002, 23.0863485, 23.086935, 1]","[68.99994, 221.99994, 196.999995, 1]",
recommended,dark,Badge,,secondary,outline,base,/__functional-colors,muted,idle,0,pass,10.366168159552219,"[68.99994, 221.99994, 196.999995, 1]","[26.000055, 26.000055, 26.000055, 1]",
recommended,dark,Alert,,secondary,outline,title,/__functional-colors,muted,idle,0,pass,10.366168159552219,"[68.99994, 221.99994, 196.999995, 1]","[26.000055, 26.000055, 26.000055, 1]",
recommended,dark,Alert,,secondary,outline,description,/__functional-colors,muted,idle,0,pass,10.366168159552219,"[68.99994, 221.99994, 196.999995, 1]","[26.000055, 26.000055, 26.000055, 1]",
recommended,dark,Badge,,secondary,soft,base,/__functional-colors,muted,idle,0,pass,8.47572211106268,"[68.99994, 221.99994, 196.999995, 1]","[30.300069, 45.600043500000005, 43.100049000000006, 1]",
recommended,dark,Alert,,secondary,soft,title,/__functional-colors,muted,idle,0,pass,8.47572211106268,"[68.99994, 221.99994, 196.999995, 1]","[30.300069, 45.600043500000005, 43.100049000000006, 1]",
recommended,dark,Alert,,secondary,soft,description,/__functional-colors,muted,idle,0,pass,8.47572211106268,"[68.99994, 221.99994, 196.999995, 1]","[30.300069, 45.600043500000005, 43.100049000000006, 1]",
recommended,dark,Badge,,secondary,subtle,base,/__functional-colors,muted,idle,0,pass,8.47572211106268,"[68.99994, 221.99994, 196.999995, 1]","[30.300069, 45.600043500000005, 43.100049000000006, 1]",
recommended,dark,Alert,,secondary,subtle,title,/__functional-colors,muted,idle,0,pass,8.47572211106268,"[68.99994, 221.99994, 196.999995, 1]","[30.300069, 45.600043500000005, 43.100049000000006, 1]",
recommended,dark,Alert,,secondary,subtle,description,/__functional-colors,muted,idle,0,pass,8.47572211106268,"[68.99994, 221.99994, 196.999995, 1]","[30.300069, 45.600043500000005, 43.100049000000006, 1]",
recommended,dark,Button,,secondary,solid,base/label,/__functional-colors,muted,idle,0,pass,10.669366559133293,"[23.079922500000002, 23.0863485, 23.086935, 1]","[68.99994, 221.99994, 196.999995, 1]",
recommended,dark,Button,,secondary,solid,base/label,/__functional-colors,muted,hover,0,pass,11.152392597265019,"[23.079922500000002, 23.0863485, 23.086935, 1]","[87.59989499999999, 225.299895, 202.79996999999997, 1]",
recommended,dark,Button,,secondary,solid,base/label,/__functional-colors,muted,active+hover,0,pass,11.682534954152242,"[23.079922500000002, 23.0863485, 23.086935, 1]","[106.200105, 228.600105, 208.599945, 1]",
recommended,dark,Button,,secondary,solid,base/label,/__functional-colors,muted,keyboard-focus,0,pass,10.669366559133293,"[23.079922500000002, 23.0863485, 23.086935, 1]","[68.99994, 221.99994, 196.999995, 1]",
recommended,dark,Button,,secondary,solid,base/label,/__functional-colors,muted,keyboard-active+focus,0,pass,11.682534954152242,"[23.079922500000002, 23.0863485, 23.086935, 1]","[106.200105, 228.600105, 208.599945, 1]",
recommended,dark,Button,,secondary,solid,base/label,/__functional-colors,muted,focus+hover,0,pass,11.152392597265019,"[23.079922500000002, 23.0863485, 23.086935, 1]","[87.59989499999999, 225.299895, 202.79996999999997, 1]",
recommended,dark,Button,,secondary,link,base/label,/__functional-colors,muted,idle,0,pass,10.366168159552219,"[68.99994, 221.99994, 196.999995, 1]","[26.000055, 26.000055, 26.000055, 1]",
recommended,dark,Button,,secondary,link,base/label,/__functional-colors,muted,hover,0,pass,10.366168159552219,"[68.99994, 221.99994, 196.999995, 1]","[26.000055, 26.000055, 26.000055, 1]",
recommended,dark,Button,,secondary,link,base/label,/__functional-colors,muted,active+hover,0,pass,10.366168159552219,"[68.99994, 221.99994, 196.999995, 1]","[26.000055, 26.000055, 26.000055, 1]",
recommended,dark,Button,,secondary,link,base/label,/__functional-colors,muted,keyboard-focus,0,pass,10.366168159552219,"[68.99994, 221.99994, 196.999995, 1]","[26.000055, 26.000055, 26.000055, 1]",
recommended,dark,Button,,secondary,link,base/label,/__functional-colors,muted,keyboard-active+focus,0,pass,10.366168159552219,"[68.99994, 221.99994, 196.999995, 1]","[26.000055, 26.000055, 26.000055, 1]",
recommended,dark,Button,,secondary,link,base/label,/__functional-colors,muted,focus+hover,0,pass,10.366168159552219,"[68.99994, 221.99994, 196.999995, 1]","[26.000055, 26.000055, 26.000055, 1]",
recommended,dark,semantic text,,success,,text,/__functional-colors,muted,idle,0,pass,9.881559662224687,"[107.999895, 218.00001, 117.00012, 1]","[26.000055, 26.000055, 26.000055, 1]",
recommended,dark,Badge,,success,solid,base,/__functional-colors,muted,idle,0,pass,10.170583825139756,"[23.079922500000002, 23.0863485, 23.086935, 1]","[107.999895, 218.00001, 117.00012, 1]",
recommended,dark,Alert,,success,solid,title,/__functional-colors,muted,idle,0,pass,10.170583825139756,"[23.079922500000002, 23.0863485, 23.086935, 1]","[107.999895, 218.00001, 117.00012, 1]",
recommended,dark,Alert,,success,solid,description,/__functional-colors,muted,idle,0,pass,10.170583825139756,"[23.079922500000002, 23.0863485, 23.086935, 1]","[107.999895, 218.00001, 117.00012, 1]",
recommended,dark,Badge,,success,outline,base,/__functional-colors,muted,idle,0,pass,9.881559662224687,"[107.999895, 218.00001, 117.00012, 1]","[26.000055, 26.000055, 26.000055, 1]",
recommended,dark,Alert,,success,outline,title,/__functional-colors,muted,idle,0,pass,9.881559662224687,"[107.999895, 218.00001, 117.00012, 1]","[26.000055, 26.000055, 26.000055, 1]",
recommended,dark,Alert,,success,outline,description,/__functional-colors,muted,idle,0,pass,9.881559662224687,"[107.999895, 218.00001, 117.00012, 1]","[26.000055, 26.000055, 26.000055, 1]",
recommended,dark,Badge,,success,soft,base,/__functional-colors,muted,idle,0,pass,8.102647463186113,"[107.999895, 218.00001, 117.00012, 1]","[34.200039000000004, 45.2000505, 35.1000615, 1]",
recommended,dark,Alert,,success,soft,title,/__functional-colors,muted,idle,0,pass,8.102647463186113,"[107.999895, 218.00001, 117.00012, 1]","[34.200039000000004, 45.2000505, 35.1000615, 1]",
recommended,dark,Alert,,success,soft,description,/__functional-colors,muted,idle,0,pass,8.102647463186113,"[107.999895, 218.00001, 117.00012, 1]","[34.200039000000004, 45.2000505, 35.1000615, 1]",
recommended,dark,Badge,,success,subtle,base,/__functional-colors,muted,idle,0,pass,8.102647463186113,"[107.999895, 218.00001, 117.00012, 1]","[34.200039000000004, 45.2000505, 35.1000615, 1]",
recommended,dark,Alert,,success,subtle,title,/__functional-colors,muted,idle,0,pass,8.102647463186113,"[107.999895, 218.00001, 117.00012, 1]","[34.200039000000004, 45.2000505, 35.1000615, 1]",
recommended,dark,Alert,,success,subtle,description,/__functional-colors,muted,idle,0,pass,8.102647463186113,"[107.999895, 218.00001, 117.00012, 1]","[34.200039000000004, 45.2000505, 35.1000615, 1]",
recommended,dark,Button,,success,solid,base/label,/__functional-colors,muted,idle,0,pass,10.170583825139756,"[23.079922500000002, 23.0863485, 23.086935, 1]","[107.999895, 218.00001, 117.00012, 1]",
recommended,dark,Button,,success,solid,base/label,/__functional-colors,muted,hover,0,pass,10.731899652794608,"[23.079922500000002, 23.0863485, 23.086935, 1]","[122.69988, 221.70005999999998, 130.79995499999998, 1]",
recommended,dark,Button,,success,solid,base/label,/__functional-colors,muted,active+hover,0,pass,11.336825127493679,"[23.079922500000002, 23.0863485, 23.086935, 1]","[137.40012, 225.40010999999998, 144.600045, 1]",
recommended,dark,Button,,success,solid,base/label,/__functional-colors,muted,keyboard-focus,0,pass,10.170583825139756,"[23.079922500000002, 23.0863485, 23.086935, 1]","[107.999895, 218.00001, 117.00012, 1]",
recommended,dark,Button,,success,solid,base/label,/__functional-colors,muted,keyboard-active+focus,0,pass,11.336825127493679,"[23.079922500000002, 23.0863485, 23.086935, 1]","[137.40012, 225.40010999999998, 144.600045, 1]",
recommended,dark,Button,,success,solid,base/label,/__functional-colors,muted,focus+hover,0,pass,10.731899652794608,"[23.079922500000002, 23.0863485, 23.086935, 1]","[122.69988, 221.70005999999998, 130.79995499999998, 1]",
recommended,dark,Button,,success,link,base/label,/__functional-colors,muted,idle,0,pass,9.881559662224687,"[107.999895, 218.00001, 117.00012, 1]","[26.000055, 26.000055, 26.000055, 1]",
recommended,dark,Button,,success,link,base/label,/__functional-colors,muted,hover,0,pass,9.881559662224687,"[107.999895, 218.00001, 117.00012, 1]","[26.000055, 26.000055, 26.000055, 1]",
recommended,dark,Button,,success,link,base/label,/__functional-colors,muted,active+hover,0,pass,9.881559662224687,"[107.999895, 218.00001, 117.00012, 1]","[26.000055, 26.000055, 26.000055, 1]",
recommended,dark,Button,,success,link,base/label,/__functional-colors,muted,keyboard-focus,0,pass,9.881559662224687,"[107.999895, 218.00001, 117.00012, 1]","[26.000055, 26.000055, 26.000055, 1]",
recommended,dark,Button,,success,link,base/label,/__functional-colors,muted,keyboard-active+focus,0,pass,9.881559662224687,"[107.999895, 218.00001, 117.00012, 1]","[26.000055, 26.000055, 26.000055, 1]",
recommended,dark,Button,,success,link,base/label,/__functional-colors,muted,focus+hover,0,pass,9.881559662224687,"[107.999895, 218.00001, 117.00012, 1]","[26.000055, 26.000055, 26.000055, 1]",
recommended,dark,semantic text,,info,,text,/__functional-colors,muted,idle,0,pass,7.3406359970423996,"[82.000095, 174.000015, 255, 1]","[26.000055, 26.000055, 26.000055, 1]",
recommended,dark,Badge,,info,solid,base,/__functional-colors,muted,idle,0,pass,7.555341088832712,"[23.079922500000002, 23.0863485, 23.086935, 1]","[82.000095, 174.000015, 255, 1]",
recommended,dark,Alert,,info,solid,title,/__functional-colors,muted,idle,0,pass,7.555341088832712,"[23.079922500000002, 23.0863485, 23.086935, 1]","[82.000095, 174.000015, 255, 1]",
recommended,dark,Alert,,info,solid,description,/__functional-colors,muted,idle,0,pass,7.555341088832712,"[23.079922500000002, 23.0863485, 23.086935, 1]","[82.000095, 174.000015, 255, 1]",
recommended,dark,Badge,,info,outline,base,/__functional-colors,muted,idle,0,pass,7.3406359970423996,"[82.000095, 174.000015, 255, 1]","[26.000055, 26.000055, 26.000055, 1]",
recommended,dark,Alert,,info,outline,title,/__functional-colors,muted,idle,0,pass,7.3406359970423996,"[82.000095, 174.000015, 255, 1]","[26.000055, 26.000055, 26.000055, 1]",
recommended,dark,Alert,,info,outline,description,/__functional-colors,muted,idle,0,pass,7.3406359970423996,"[82.000095, 174.000015, 255, 1]","[26.000055, 26.000055, 26.000055, 1]",
recommended,dark,Badge,,info,soft,base,/__functional-colors,muted,idle,0,pass,6.242997475201615,"[82.000095, 174.000015, 255, 1]","[31.6000845, 40.800050999999996, 48.9000495, 1]",
recommended,dark,Alert,,info,soft,title,/__functional-colors,muted,idle,0,pass,6.242997475201615,"[82.000095, 174.000015, 255, 1]","[31.6000845, 40.800050999999996, 48.9000495, 1]",
recommended,dark,Alert,,info,soft,description,/__functional-colors,muted,idle,0,pass,6.242997475201615,"[82.000095, 174.000015, 255, 1]","[31.6000845, 40.800050999999996, 48.9000495, 1]",
recommended,dark,Badge,,info,subtle,base,/__functional-colors,muted,idle,0,pass,6.242997475201615,"[82.000095, 174.000015, 255, 1]","[31.6000845, 40.800050999999996, 48.9000495, 1]",
recommended,dark,Alert,,info,subtle,title,/__functional-colors,muted,idle,0,pass,6.242997475201615,"[82.000095, 174.000015, 255, 1]","[31.6000845, 40.800050999999996, 48.9000495, 1]",
recommended,dark,Alert,,info,subtle,description,/__functional-colors,muted,idle,0,pass,6.242997475201615,"[82.000095, 174.000015, 255, 1]","[31.6000845, 40.800050999999996, 48.9000495, 1]",
recommended,dark,Button,,info,solid,base/label,/__functional-colors,muted,idle,0,pass,7.555341088832712,"[23.079922500000002, 23.0863485, 23.086935, 1]","[82.000095, 174.000015, 255, 1]",
recommended,dark,Button,,info,solid,base/label,/__functional-colors,muted,hover,0,pass,8.25490771991566,"[23.079922500000002, 23.0863485, 23.086935, 1]","[99.30006, 182.10009, 255, 1]",
recommended,dark,Button,,info,solid,base/label,/__functional-colors,muted,active+hover,0,pass,9.022852423578826,"[23.079922500000002, 23.0863485, 23.086935, 1]","[116.600025, 190.19991000000002, 255, 1]",
recommended,dark,Button,,info,solid,base/label,/__functional-colors,muted,keyboard-focus,0,pass,7.555341088832712,"[23.079922500000002, 23.0863485, 23.086935, 1]","[82.000095, 174.000015, 255, 1]",
recommended,dark,Button,,info,solid,base/label,/__functional-colors,muted,keyboard-active+focus,0,pass,9.022852423578826,"[23.079922500000002, 23.0863485, 23.086935, 1]","[116.600025, 190.19991000000002, 255, 1]",
recommended,dark,Button,,info,solid,base/label,/__functional-colors,muted,focus+hover,0,pass,8.25490771991566,"[23.079922500000002, 23.0863485, 23.086935, 1]","[99.30006, 182.10009, 255, 1]",
recommended,dark,Button,,info,link,base/label,/__functional-colors,muted,idle,0,pass,7.3406359970423996,"[82.000095, 174.000015, 255, 1]","[26.000055, 26.000055, 26.000055, 1]",
recommended,dark,Button,,info,link,base/label,/__functional-colors,muted,hover,0,pass,7.3406359970423996,"[82.000095, 174.000015, 255, 1]","[26.000055, 26.000055, 26.000055, 1]",
recommended,dark,Button,,info,link,base/label,/__functional-colors,muted,active+hover,0,pass,7.3406359970423996,"[82.000095, 174.000015, 255, 1]","[26.000055, 26.000055, 26.000055, 1]",
recommended,dark,Button,,info,link,base/label,/__functional-colors,muted,keyboard-focus,0,pass,7.3406359970423996,"[82.000095, 174.000015, 255, 1]","[26.000055, 26.000055, 26.000055, 1]",
recommended,dark,Button,,info,link,base/label,/__functional-colors,muted,keyboard-active+focus,0,pass,7.3406359970423996,"[82.000095, 174.000015, 255, 1]","[26.000055, 26.000055, 26.000055, 1]",
recommended,dark,Button,,info,link,base/label,/__functional-colors,muted,focus+hover,0,pass,7.3406359970423996,"[82.000095, 174.000015, 255, 1]","[26.000055, 26.000055, 26.000055, 1]",
recommended,dark,semantic text,,warning,,text,/__functional-colors,muted,idle,0,pass,9.69175823990492,"[244.000065, 182.999985, 63.9999, 1]","[26.000055, 26.000055, 26.000055, 1]",
recommended,dark,Badge,,warning,solid,base,/__functional-colors,muted,idle,0,pass,9.975230931282981,"[23.079922500000002, 23.0863485, 23.086935, 1]","[244.000065, 182.999985, 63.9999, 1]",
recommended,dark,Alert,,warning,solid,title,/__functional-colors,muted,idle,0,pass,9.975230931282981,"[23.079922500000002, 23.0863485, 23.086935, 1]","[244.000065, 182.999985, 63.9999, 1]",
recommended,dark,Alert,,warning,solid,description,/__functional-colors,muted,idle,0,pass,9.975230931282981,"[23.079922500000002, 23.0863485, 23.086935, 1]","[244.000065, 182.999985, 63.9999, 1]",
recommended,dark,Badge,,warning,outline,base,/__functional-colors,muted,idle,0,pass,9.69175823990492,"[244.000065, 182.999985, 63.9999, 1]","[26.000055, 26.000055, 26.000055, 1]",
recommended,dark,Alert,,warning,outline,title,/__functional-colors,muted,idle,0,pass,9.69175823990492,"[244.000065, 182.999985, 63.9999, 1]","[26.000055, 26.000055, 26.000055, 1]",
recommended,dark,Alert,,warning,outline,description,/__functional-colors,muted,idle,0,pass,9.69175823990492,"[244.000065, 182.999985, 63.9999, 1]","[26.000055, 26.000055, 26.000055, 1]",
recommended,dark,Badge,,warning,soft,base,/__functional-colors,muted,idle,0,pass,7.954077120271353,"[244.000065, 182.999985, 63.9999, 1]","[47.800030500000005, 41.700048, 29.800090500000003, 1]",
recommended,dark,Alert,,warning,soft,title,/__functional-colors,muted,idle,0,pass,7.954077120271353,"[244.000065, 182.999985, 63.9999, 1]","[47.800030500000005, 41.700048, 29.800090500000003, 1]",
recommended,dark,Alert,,warning,soft,description,/__functional-colors,muted,idle,0,pass,7.954077120271353,"[244.000065, 182.999985, 63.9999, 1]","[47.800030500000005, 41.700048, 29.800090500000003, 1]",
recommended,dark,Badge,,warning,subtle,base,/__functional-colors,muted,idle,0,pass,7.954077120271353,"[244.000065, 182.999985, 63.9999, 1]","[47.800030500000005, 41.700048, 29.800090500000003, 1]",
recommended,dark,Alert,,warning,subtle,title,/__functional-colors,muted,idle,0,pass,7.954077120271353,"[244.000065, 182.999985, 63.9999, 1]","[47.800030500000005, 41.700048, 29.800090500000003, 1]",
recommended,dark,Alert,,warning,subtle,description,/__functional-colors,muted,idle,0,pass,7.954077120271353,"[244.000065, 182.999985, 63.9999, 1]","[47.800030500000005, 41.700048, 29.800090500000003, 1]",
recommended,dark,Button,,warning,solid,base/label,/__functional-colors,muted,idle,0,pass,9.975230931282981,"[23.079922500000002, 23.0863485, 23.086935, 1]","[244.000065, 182.999985, 63.9999, 1]",
recommended,dark,Button,,warning,solid,base/label,/__functional-colors,muted,hover,0,pass,10.57231933351847,"[23.079922500000002, 23.0863485, 23.086935, 1]","[245.09988, 190.19991000000002, 83.09991, 1]",
recommended,dark,Button,,warning,solid,base/label,/__functional-colors,muted,active+hover,0,pass,11.209803503319694,"[23.079922500000002, 23.0863485, 23.086935, 1]","[246.19995, 197.40009, 102.19991999999999, 1]",
recommended,dark,Button,,warning,solid,base/label,/__functional-colors,muted,keyboard-focus,0,pass,9.975230931282981,"[23.079922500000002, 23.0863485, 23.086935, 1]","[244.000065, 182.999985, 63.9999, 1]",
recommended,dark,Button,,warning,solid,base/label,/__functional-colors,muted,keyboard-active+focus,0,pass,11.209803503319694,"[23.079922500000002, 23.0863485, 23.086935, 1]","[246.19995, 197.40009, 102.19991999999999, 1]",
recommended,dark,Button,,warning,solid,base/label,/__functional-colors,muted,focus+hover,0,pass,10.57231933351847,"[23.079922500000002, 23.0863485, 23.086935, 1]","[245.09988, 190.19991000000002, 83.09991, 1]",
recommended,dark,Button,,warning,link,base/label,/__functional-colors,muted,idle,0,pass,9.69175823990492,"[244.000065, 182.999985, 63.9999, 1]","[26.000055, 26.000055, 26.000055, 1]",
recommended,dark,Button,,warning,link,base/label,/__functional-colors,muted,hover,0,pass,9.69175823990492,"[244.000065, 182.999985, 63.9999, 1]","[26.000055, 26.000055, 26.000055, 1]",
recommended,dark,Button,,warning,link,base/label,/__functional-colors,muted,active+hover,0,pass,9.69175823990492,"[244.000065, 182.999985, 63.9999, 1]","[26.000055, 26.000055, 26.000055, 1]",
recommended,dark,Button,,warning,link,base/label,/__functional-colors,muted,keyboard-focus,0,pass,9.69175823990492,"[244.000065, 182.999985, 63.9999, 1]","[26.000055, 26.000055, 26.000055, 1]",
recommended,dark,Button,,warning,link,base/label,/__functional-colors,muted,keyboard-active+focus,0,pass,9.69175823990492,"[244.000065, 182.999985, 63.9999, 1]","[26.000055, 26.000055, 26.000055, 1]",
recommended,dark,Button,,warning,link,base/label,/__functional-colors,muted,focus+hover,0,pass,9.69175823990492,"[244.000065, 182.999985, 63.9999, 1]","[26.000055, 26.000055, 26.000055, 1]",
recommended,dark,semantic text,,error,,text,/__functional-colors,muted,idle,0,pass,7.42793982423054,"[255, 133.000095, 135.999915, 1]","[26.000055, 26.000055, 26.000055, 1]",
recommended,dark,Badge,,error,solid,base,/__functional-colors,muted,idle,0,pass,7.645198451741413,"[23.079922500000002, 23.0863485, 23.086935, 1]","[255, 133.000095, 135.999915, 1]",
recommended,dark,Alert,,error,solid,title,/__functional-colors,muted,idle,0,pass,7.645198451741413,"[23.079922500000002, 23.0863485, 23.086935, 1]","[255, 133.000095, 135.999915, 1]",
recommended,dark,Alert,,error,solid,description,/__functional-colors,muted,idle,0,pass,7.645198451741413,"[23.079922500000002, 23.0863485, 23.086935, 1]","[255, 133.000095, 135.999915, 1]",
recommended,dark,Badge,,error,outline,base,/__functional-colors,muted,idle,0,pass,7.42793982423054,"[255, 133.000095, 135.999915, 1]","[26.000055, 26.000055, 26.000055, 1]",
recommended,dark,Alert,,error,outline,title,/__functional-colors,muted,idle,0,pass,7.42793982423054,"[255, 133.000095, 135.999915, 1]","[26.000055, 26.000055, 26.000055, 1]",
recommended,dark,Alert,,error,outline,description,/__functional-colors,muted,idle,0,pass,7.42793982423054,"[255, 133.000095, 135.999915, 1]","[26.000055, 26.000055, 26.000055, 1]",
recommended,dark,Badge,,error,soft,base,/__functional-colors,muted,idle,0,pass,6.321789281636127,"[255, 133.000095, 135.999915, 1]","[48.9000495, 36.700059, 37.0000665, 1]",
recommended,dark,Alert,,error,soft,title,/__functional-colors,muted,idle,0,pass,6.321789281636127,"[255, 133.000095, 135.999915, 1]","[48.9000495, 36.700059, 37.0000665, 1]",
recommended,dark,Alert,,error,soft,description,/__functional-colors,muted,idle,0,pass,6.321789281636127,"[255, 133.000095, 135.999915, 1]","[48.9000495, 36.700059, 37.0000665, 1]",
recommended,dark,Badge,,error,subtle,base,/__functional-colors,muted,idle,0,pass,6.321789281636127,"[255, 133.000095, 135.999915, 1]","[48.9000495, 36.700059, 37.0000665, 1]",
recommended,dark,Alert,,error,subtle,title,/__functional-colors,muted,idle,0,pass,6.321789281636127,"[255, 133.000095, 135.999915, 1]","[48.9000495, 36.700059, 37.0000665, 1]",
recommended,dark,Alert,,error,subtle,description,/__functional-colors,muted,idle,0,pass,6.321789281636127,"[255, 133.000095, 135.999915, 1]","[48.9000495, 36.700059, 37.0000665, 1]",
recommended,dark,Button,,error,solid,base/label,/__functional-colors,muted,idle,0,pass,7.645198451741413,"[23.079922500000002, 23.0863485, 23.086935, 1]","[255, 133.000095, 135.999915, 1]",
recommended,dark,Button,,error,solid,base/label,/__functional-colors,muted,hover,0,pass,8.30957866051636,"[23.079922500000002, 23.0863485, 23.086935, 1]","[255, 145.20006, 147.89999999999998, 1]",
recommended,dark,Button,,error,solid,base/label,/__functional-colors,muted,active+hover,0,pass,9.04891554369144,"[23.079922500000002, 23.0863485, 23.086935, 1]","[255, 157.400025, 159.800085, 1]",
recommended,dark,Button,,error,solid,base/label,/__functional-colors,muted,keyboard-focus,0,pass,7.645198451741413,"[23.079922500000002, 23.0863485, 23.086935, 1]","[255, 133.000095, 135.999915, 1]",
recommended,dark,Button,,error,solid,base/label,/__functional-colors,muted,keyboard-active+focus,0,pass,9.04891554369144,"[23.079922500000002, 23.0863485, 23.086935, 1]","[255, 157.400025, 159.800085, 1]",
recommended,dark,Button,,error,solid,base/label,/__functional-colors,muted,focus+hover,0,pass,8.30957866051636,"[23.079922500000002, 23.0863485, 23.086935, 1]","[255, 145.20006, 147.89999999999998, 1]",
recommended,dark,Button,,error,link,base/label,/__functional-colors,muted,idle,0,pass,7.42793982423054,"[255, 133.000095, 135.999915, 1]","[26.000055, 26.000055, 26.000055, 1]",
recommended,dark,Button,,error,link,base/label,/__functional-colors,muted,hover,0,pass,7.42793982423054,"[255, 133.000095, 135.999915, 1]","[26.000055, 26.000055, 26.000055, 1]",
recommended,dark,Button,,error,link,base/label,/__functional-colors,muted,active+hover,0,pass,7.42793982423054,"[255, 133.000095, 135.999915, 1]","[26.000055, 26.000055, 26.000055, 1]",
recommended,dark,Button,,error,link,base/label,/__functional-colors,muted,keyboard-focus,0,pass,7.42793982423054,"[255, 133.000095, 135.999915, 1]","[26.000055, 26.000055, 26.000055, 1]",
recommended,dark,Button,,error,link,base/label,/__functional-colors,muted,keyboard-active+focus,0,pass,7.42793982423054,"[255, 133.000095, 135.999915, 1]","[26.000055, 26.000055, 26.000055, 1]",
recommended,dark,Button,,error,link,base/label,/__functional-colors,muted,focus+hover,0,pass,7.42793982423054,"[255, 133.000095, 135.999915, 1]","[26.000055, 26.000055, 26.000055, 1]",
recommended,dark,FormField,,error,,error,,muted,visible,0,pass,7.42793982423054,"[255, 133.000095, 135.999915, 1]","[26.000055, 26.000055, 26.000055, 1]",
recommended,dark,API fixture,F1,,,,,muted,idle,0,pass,7.42793982423054,"[255, 133.000095, 135.999915, 1]","[26.000055, 26.000055, 26.000055, 1]",
recommended,dark,API fixture,F2,,,,,muted,idle,0,pass,9.69175823990492,"[244.000065, 182.999985, 63.9999, 1]","[26.000055, 26.000055, 26.000055, 1]",
recommended,dark,API fixture,F5-field-caveat,,,,,muted,idle,0,pass,7.954077120271353,"[244.000065, 182.999985, 63.9999, 1]","[47.800030500000005, 41.700048, 29.800090500000003, 1]",
recommended,dark,API fixture,F5-field-caveat,,,,,muted,idle,1,pass,5.5285263338389345,"[161.000115, 161.000115, 161.000115, 1]","[47.800030500000005, 41.700048, 29.800090500000003, 1]",
recommended,dark,API fixture,value-caveat,,,,,muted,idle,0,pass,7.954077120271353,"[244.000065, 182.999985, 63.9999, 1]","[47.800030500000005, 41.700048, 29.800090500000003, 1]",
recommended,dark,API fixture,value-caveat,,,,,muted,idle,1,pass,5.5285263338389345,"[161.000115, 161.000115, 161.000115, 1]","[47.800030500000005, 41.700048, 29.800090500000003, 1]",
recommended,dark,ResponseExample,,,,status/statusText,,muted,single status visible,0,pass,7.9054395961421475,"[107.999895, 218.00001, 117.00012, 1]","[36.0000534, 47.0000649, 36.9000759, 1]",
recommended,dark,ResponseExample,,,,status/statusText,,muted,single status visible,1,pass,7.9054395961421475,"[107.999895, 218.00001, 117.00012, 1]","[36.0000534, 47.0000649, 36.9000759, 1]",
recommended,dark,ResponseExample,,,,status/statusText,,muted,single status visible,2,pass,6.095653619441885,"[82.000095, 174.000015, 255, 1]","[33.4000989, 42.6000654, 50.700063899999996, 1]",
recommended,dark,ResponseExample,,,,status/statusText,,muted,single status visible,3,pass,6.095653619441885,"[82.000095, 174.000015, 255, 1]","[33.4000989, 42.6000654, 50.700063899999996, 1]",
recommended,dark,ResponseExample,,,,status/statusText,,muted,single status visible,4,pass,7.760385422077901,"[244.000065, 182.999985, 63.9999, 1]","[49.6000449, 43.5000624, 31.600104899999998, 1]",
recommended,dark,ResponseExample,,,,status/statusText,,muted,single status visible,5,pass,7.760385422077901,"[244.000065, 182.999985, 63.9999, 1]","[49.6000449, 43.5000624, 31.600104899999998, 1]",
recommended,dark,ResponseExample,,,,status/statusText,,muted,single status visible,6,pass,6.172862001320169,"[255, 133.000095, 135.999915, 1]","[50.700063899999996, 38.500073400000005, 38.8000809, 1]",
recommended,dark,ResponseExample,,,,status/statusText,,muted,single status visible,7,pass,6.172862001320169,"[255, 133.000095, 135.999915, 1]","[50.700063899999996, 38.500073400000005, 38.8000809, 1]",
recommended,dark,LifecycleNotice,,,,,,muted,idle,0,pass,7.954077120271353,"[244.000065, 182.999985, 63.9999, 1]","[47.800030500000005, 41.700048, 29.800090500000003, 1]",
recommended,dark,LifecycleNotice,,,,,,muted,idle,1,pass,7.954077120271353,"[244.000065, 182.999985, 63.9999, 1]","[47.800030500000005, 41.700048, 29.800090500000003, 1]",
recommended,dark,LifecycleNotice,,,,,,muted,idle,2,pass,8.102647463186113,"[107.999895, 218.00001, 117.00012, 1]","[34.200039000000004, 45.2000505, 35.1000615, 1]",
recommended,dark,LifecycleNotice,,,,,,muted,idle,3,pass,8.102647463186113,"[107.999895, 218.00001, 117.00012, 1]","[34.200039000000004, 45.2000505, 35.1000615, 1]",
recommended,dark,LifecycleNotice,,,,,,muted,idle,4,pass,7.954077120271353,"[244.000065, 182.999985, 63.9999, 1]","[47.800030500000005, 41.700048, 29.800090500000003, 1]",
recommended,dark,LifecycleNotice,,,,,,muted,idle,5,pass,7.954077120271353,"[244.000065, 182.999985, 63.9999, 1]","[47.800030500000005, 41.700048, 29.800090500000003, 1]",
recommended,dark,LifecycleNotice,,,,,,muted,idle,6,pass,16.950071125096034,"[255, 255, 255, 1]","[28.500075, 28.500075, 28.500075, 1]",
recommended,dark,LifecycleNotice,,,,,,muted,idle,7,pass,13.878237626378903,"[232.3500075, 232.3500075, 232.3500075, 1]","[28.500075, 28.500075, 28.500075, 1]",
recommended,dark,LifecycleNotice,,,,,,muted,idle,8,pass,6.321789281636127,"[255, 133.000095, 135.999915, 1]","[48.9000495, 36.700059, 37.0000665, 1]",
recommended,dark,LifecycleNotice,,,,,,muted,idle,9,pass,6.321789281636127,"[255, 133.000095, 135.999915, 1]","[48.9000495, 36.700059, 37.0000665, 1]",
recommended,dark,FieldAnnotation,,,,required,,portal own bg-default,open,0,pass,8.449594779719497,"[255, 133.000095, 135.999915, 1]","[10.0000035, 10.0000035, 10.0000035, 1]",
recommended,dark,FieldAnnotation,,,,conditional,,portal own bg-default,open,0,pass,11.024783690770832,"[244.000065, 182.999985, 63.9999, 1]","[10.0000035, 10.0000035, 10.0000035, 1]",
recommended,dark,semantic text,,primary,,text,/__functional-colors,elevated,idle,0,pass,6.521126746839652,"[186.99991500000002, 140.00009999999997, 255, 1]","[31.000094999999998, 31.000094999999998, 31.000094999999998, 1]",
recommended,dark,Badge,,primary,solid,base,/__functional-colors,elevated,idle,0,pass,7.087039252728687,"[23.079922500000002, 23.0863485, 23.086935, 1]","[186.99991500000002, 140.00009999999997, 255, 1]",
recommended,dark,Alert,,primary,solid,title,/__functional-colors,elevated,idle,0,pass,7.087039252728687,"[23.079922500000002, 23.0863485, 23.086935, 1]","[186.99991500000002, 140.00009999999997, 255, 1]",
recommended,dark,Alert,,primary,solid,description,/__functional-colors,elevated,idle,0,pass,7.087039252728687,"[23.079922500000002, 23.0863485, 23.086935, 1]","[186.99991500000002, 140.00009999999997, 255, 1]",
recommended,dark,Badge,,primary,outline,base,/__functional-colors,elevated,idle,0,pass,6.521126746839652,"[186.99991500000002, 140.00009999999997, 255, 1]","[31.000094999999998, 31.000094999999998, 31.000094999999998, 1]",
recommended,dark,Alert,,primary,outline,title,/__functional-colors,elevated,idle,0,pass,6.521126746839652,"[186.99991500000002, 140.00009999999997, 255, 1]","[31.000094999999998, 31.000094999999998, 31.000094999999998, 1]",
recommended,dark,Alert,,primary,outline,description,/__functional-colors,elevated,idle,0,pass,6.521126746839652,"[186.99991500000002, 140.00009999999997, 255, 1]","[31.000094999999998, 31.000094999999998, 31.000094999999998, 1]",
recommended,dark,Badge,,primary,soft,base,/__functional-colors,elevated,idle,0,pass,5.535501268121319,"[186.99991500000002, 140.00009999999997, 255, 1]","[46.600077, 41.9000955, 53.4000855, 1]",
recommended,dark,Alert,,primary,soft,title,/__functional-colors,elevated,idle,0,pass,5.535501268121319,"[186.99991500000002, 140.00009999999997, 255, 1]","[46.600077, 41.9000955, 53.4000855, 1]",
recommended,dark,Alert,,primary,soft,description,/__functional-colors,elevated,idle,0,pass,5.535501268121319,"[186.99991500000002, 140.00009999999997, 255, 1]","[46.600077, 41.9000955, 53.4000855, 1]",
recommended,dark,Badge,,primary,subtle,base,/__functional-colors,elevated,idle,0,pass,5.535501268121319,"[186.99991500000002, 140.00009999999997, 255, 1]","[46.600077, 41.9000955, 53.4000855, 1]",
recommended,dark,Alert,,primary,subtle,title,/__functional-colors,elevated,idle,0,pass,5.535501268121319,"[186.99991500000002, 140.00009999999997, 255, 1]","[46.600077, 41.9000955, 53.4000855, 1]",
recommended,dark,Alert,,primary,subtle,description,/__functional-colors,elevated,idle,0,pass,5.535501268121319,"[186.99991500000002, 140.00009999999997, 255, 1]","[46.600077, 41.9000955, 53.4000855, 1]",
recommended,dark,Button,,primary,solid,base/label,/__functional-colors,elevated,idle,0,pass,7.087039252728687,"[23.079922500000002, 23.0863485, 23.086935, 1]","[186.99991500000002, 140.00009999999997, 255, 1]",
recommended,dark,Button,,primary,solid,base/label,/__functional-colors,elevated,hover,0,pass,7.840499406307669,"[23.079922500000002, 23.0863485, 23.086935, 1]","[193.8, 151.50009, 255, 1]",
recommended,dark,Button,,primary,solid,base/label,/__functional-colors,elevated,active+hover,0,pass,8.662662927621303,"[23.079922500000002, 23.0863485, 23.086935, 1]","[200.600085, 163.00008, 255, 1]",
recommended,dark,Button,,primary,solid,base/label,/__functional-colors,elevated,keyboard-focus,0,pass,7.087039252728687,"[23.079922500000002, 23.0863485, 23.086935, 1]","[186.99991500000002, 140.00009999999997, 255, 1]",
recommended,dark,Button,,primary,solid,base/label,/__functional-colors,elevated,keyboard-active+focus,0,pass,8.662662927621303,"[23.079922500000002, 23.0863485, 23.086935, 1]","[200.600085, 163.00008, 255, 1]",
recommended,dark,Button,,primary,solid,base/label,/__functional-colors,elevated,focus+hover,0,pass,7.840499406307669,"[23.079922500000002, 23.0863485, 23.086935, 1]","[193.8, 151.50009, 255, 1]",
recommended,dark,Button,,primary,link,base/label,/__functional-colors,elevated,idle,0,pass,6.521126746839652,"[186.99991500000002, 140.00009999999997, 255, 1]","[31.000094999999998, 31.000094999999998, 31.000094999999998, 1]",
recommended,dark,Button,,primary,link,base/label,/__functional-colors,elevated,hover,0,pass,6.521126746839652,"[186.99991500000002, 140.00009999999997, 255, 1]","[31.000094999999998, 31.000094999999998, 31.000094999999998, 1]",
recommended,dark,Button,,primary,link,base/label,/__functional-colors,elevated,active+hover,0,pass,6.521126746839652,"[186.99991500000002, 140.00009999999997, 255, 1]","[31.000094999999998, 31.000094999999998, 31.000094999999998, 1]",
recommended,dark,Button,,primary,link,base/label,/__functional-colors,elevated,keyboard-focus,0,pass,6.521126746839652,"[186.99991500000002, 140.00009999999997, 255, 1]","[31.000094999999998, 31.000094999999998, 31.000094999999998, 1]",
recommended,dark,Button,,primary,link,base/label,/__functional-colors,elevated,keyboard-active+focus,0,pass,6.521126746839652,"[186.99991500000002, 140.00009999999997, 255, 1]","[31.000094999999998, 31.000094999999998, 31.000094999999998, 1]",
recommended,dark,Button,,primary,link,base/label,/__functional-colors,elevated,focus+hover,0,pass,6.521126746839652,"[186.99991500000002, 140.00009999999997, 255, 1]","[31.000094999999998, 31.000094999999998, 31.000094999999998, 1]",
recommended,dark,semantic text,,secondary,,text,/__functional-colors,elevated,idle,0,pass,9.817398939029731,"[68.99994, 221.99994, 196.999995, 1]","[31.000094999999998, 31.000094999999998, 31.000094999999998, 1]",
recommended,dark,Badge,,secondary,solid,base,/__functional-colors,elevated,idle,0,pass,10.669366559133293,"[23.079922500000002, 23.0863485, 23.086935, 1]","[68.99994, 221.99994, 196.999995, 1]",
recommended,dark,Alert,,secondary,solid,title,/__functional-colors,elevated,idle,0,pass,10.669366559133293,"[23.079922500000002, 23.0863485, 23.086935, 1]","[68.99994, 221.99994, 196.999995, 1]",
recommended,dark,Alert,,secondary,solid,description,/__functional-colors,elevated,idle,0,pass,10.669366559133293,"[23.079922500000002, 23.0863485, 23.086935, 1]","[68.99994, 221.99994, 196.999995, 1]",
recommended,dark,Badge,,secondary,outline,base,/__functional-colors,elevated,idle,0,pass,9.817398939029731,"[68.99994, 221.99994, 196.999995, 1]","[31.000094999999998, 31.000094999999998, 31.000094999999998, 1]",
recommended,dark,Alert,,secondary,outline,title,/__functional-colors,elevated,idle,0,pass,9.817398939029731,"[68.99994, 221.99994, 196.999995, 1]","[31.000094999999998, 31.000094999999998, 31.000094999999998, 1]",
recommended,dark,Alert,,secondary,outline,description,/__functional-colors,elevated,idle,0,pass,9.817398939029731,"[68.99994, 221.99994, 196.999995, 1]","[31.000094999999998, 31.000094999999998, 31.000094999999998, 1]",
recommended,dark,Badge,,secondary,soft,base,/__functional-colors,elevated,idle,0,pass,7.962968220857624,"[68.99994, 221.99994, 196.999995, 1]","[34.800105, 50.10007950000001, 47.60008500000001, 1]",
recommended,dark,Alert,,secondary,soft,title,/__functional-colors,elevated,idle,0,pass,7.962968220857624,"[68.99994, 221.99994, 196.999995, 1]","[34.800105, 50.10007950000001, 47.60008500000001, 1]",
recommended,dark,Alert,,secondary,soft,description,/__functional-colors,elevated,idle,0,pass,7.962968220857624,"[68.99994, 221.99994, 196.999995, 1]","[34.800105, 50.10007950000001, 47.60008500000001, 1]",
recommended,dark,Badge,,secondary,subtle,base,/__functional-colors,elevated,idle,0,pass,7.962968220857624,"[68.99994, 221.99994, 196.999995, 1]","[34.800105, 50.10007950000001, 47.60008500000001, 1]",
recommended,dark,Alert,,secondary,subtle,title,/__functional-colors,elevated,idle,0,pass,7.962968220857624,"[68.99994, 221.99994, 196.999995, 1]","[34.800105, 50.10007950000001, 47.60008500000001, 1]",
recommended,dark,Alert,,secondary,subtle,description,/__functional-colors,elevated,idle,0,pass,7.962968220857624,"[68.99994, 221.99994, 196.999995, 1]","[34.800105, 50.10007950000001, 47.60008500000001, 1]",
recommended,dark,Button,,secondary,solid,base/label,/__functional-colors,elevated,idle,0,pass,10.669366559133293,"[23.079922500000002, 23.0863485, 23.086935, 1]","[68.99994, 221.99994, 196.999995, 1]",
recommended,dark,Button,,secondary,solid,base/label,/__functional-colors,elevated,hover,0,pass,11.152392597265019,"[23.079922500000002, 23.0863485, 23.086935, 1]","[87.59989499999999, 225.299895, 202.79996999999997, 1]",
recommended,dark,Button,,secondary,solid,base/label,/__functional-colors,elevated,active+hover,0,pass,11.682534954152242,"[23.079922500000002, 23.0863485, 23.086935, 1]","[106.200105, 228.600105, 208.599945, 1]",
recommended,dark,Button,,secondary,solid,base/label,/__functional-colors,elevated,keyboard-focus,0,pass,10.669366559133293,"[23.079922500000002, 23.0863485, 23.086935, 1]","[68.99994, 221.99994, 196.999995, 1]",
recommended,dark,Button,,secondary,solid,base/label,/__functional-colors,elevated,keyboard-active+focus,0,pass,11.682534954152242,"[23.079922500000002, 23.0863485, 23.086935, 1]","[106.200105, 228.600105, 208.599945, 1]",
recommended,dark,Button,,secondary,solid,base/label,/__functional-colors,elevated,focus+hover,0,pass,11.152392597265019,"[23.079922500000002, 23.0863485, 23.086935, 1]","[87.59989499999999, 225.299895, 202.79996999999997, 1]",
recommended,dark,Button,,secondary,link,base/label,/__functional-colors,elevated,idle,0,pass,9.817398939029731,"[68.99994, 221.99994, 196.999995, 1]","[31.000094999999998, 31.000094999999998, 31.000094999999998, 1]",
recommended,dark,Button,,secondary,link,base/label,/__functional-colors,elevated,hover,0,pass,9.817398939029731,"[68.99994, 221.99994, 196.999995, 1]","[31.000094999999998, 31.000094999999998, 31.000094999999998, 1]",
recommended,dark,Button,,secondary,link,base/label,/__functional-colors,elevated,active+hover,0,pass,9.817398939029731,"[68.99994, 221.99994, 196.999995, 1]","[31.000094999999998, 31.000094999999998, 31.000094999999998, 1]",
recommended,dark,Button,,secondary,link,base/label,/__functional-colors,elevated,keyboard-focus,0,pass,9.817398939029731,"[68.99994, 221.99994, 196.999995, 1]","[31.000094999999998, 31.000094999999998, 31.000094999999998, 1]",
recommended,dark,Button,,secondary,link,base/label,/__functional-colors,elevated,keyboard-active+focus,0,pass,9.817398939029731,"[68.99994, 221.99994, 196.999995, 1]","[31.000094999999998, 31.000094999999998, 31.000094999999998, 1]",
recommended,dark,Button,,secondary,link,base/label,/__functional-colors,elevated,focus+hover,0,pass,9.817398939029731,"[68.99994, 221.99994, 196.999995, 1]","[31.000094999999998, 31.000094999999998, 31.000094999999998, 1]",
recommended,dark,semantic text,,success,,text,/__functional-colors,elevated,idle,0,pass,9.358444880569463,"[107.999895, 218.00001, 117.00012, 1]","[31.000094999999998, 31.000094999999998, 31.000094999999998, 1]",
recommended,dark,Badge,,success,solid,base,/__functional-colors,elevated,idle,0,pass,10.170583825139756,"[23.079922500000002, 23.0863485, 23.086935, 1]","[107.999895, 218.00001, 117.00012, 1]",
recommended,dark,Alert,,success,solid,title,/__functional-colors,elevated,idle,0,pass,10.170583825139756,"[23.079922500000002, 23.0863485, 23.086935, 1]","[107.999895, 218.00001, 117.00012, 1]",
recommended,dark,Alert,,success,solid,description,/__functional-colors,elevated,idle,0,pass,10.170583825139756,"[23.079922500000002, 23.0863485, 23.086935, 1]","[107.999895, 218.00001, 117.00012, 1]",
recommended,dark,Badge,,success,outline,base,/__functional-colors,elevated,idle,0,pass,9.358444880569463,"[107.999895, 218.00001, 117.00012, 1]","[31.000094999999998, 31.000094999999998, 31.000094999999998, 1]",
recommended,dark,Alert,,success,outline,title,/__functional-colors,elevated,idle,0,pass,9.358444880569463,"[107.999895, 218.00001, 117.00012, 1]","[31.000094999999998, 31.000094999999998, 31.000094999999998, 1]",
recommended,dark,Alert,,success,outline,description,/__functional-colors,elevated,idle,0,pass,9.358444880569463,"[107.999895, 218.00001, 117.00012, 1]","[31.000094999999998, 31.000094999999998, 31.000094999999998, 1]",
recommended,dark,Badge,,success,soft,base,/__functional-colors,elevated,idle,0,pass,7.612111863156123,"[107.999895, 218.00001, 117.00012, 1]","[38.700075, 49.7000865, 39.600097500000004, 1]",
recommended,dark,Alert,,success,soft,title,/__functional-colors,elevated,idle,0,pass,7.612111863156123,"[107.999895, 218.00001, 117.00012, 1]","[38.700075, 49.7000865, 39.600097500000004, 1]",
recommended,dark,Alert,,success,soft,description,/__functional-colors,elevated,idle,0,pass,7.612111863156123,"[107.999895, 218.00001, 117.00012, 1]","[38.700075, 49.7000865, 39.600097500000004, 1]",
recommended,dark,Badge,,success,subtle,base,/__functional-colors,elevated,idle,0,pass,7.612111863156123,"[107.999895, 218.00001, 117.00012, 1]","[38.700075, 49.7000865, 39.600097500000004, 1]",
recommended,dark,Alert,,success,subtle,title,/__functional-colors,elevated,idle,0,pass,7.612111863156123,"[107.999895, 218.00001, 117.00012, 1]","[38.700075, 49.7000865, 39.600097500000004, 1]",
recommended,dark,Alert,,success,subtle,description,/__functional-colors,elevated,idle,0,pass,7.612111863156123,"[107.999895, 218.00001, 117.00012, 1]","[38.700075, 49.7000865, 39.600097500000004, 1]",
recommended,dark,Button,,success,solid,base/label,/__functional-colors,elevated,idle,0,pass,10.170583825139756,"[23.079922500000002, 23.0863485, 23.086935, 1]","[107.999895, 218.00001, 117.00012, 1]",
recommended,dark,Button,,success,solid,base/label,/__functional-colors,elevated,hover,0,pass,10.731899652794608,"[23.079922500000002, 23.0863485, 23.086935, 1]","[122.69988, 221.70005999999998, 130.79995499999998, 1]",
recommended,dark,Button,,success,solid,base/label,/__functional-colors,elevated,active+hover,0,pass,11.336825127493679,"[23.079922500000002, 23.0863485, 23.086935, 1]","[137.40012, 225.40010999999998, 144.600045, 1]",
recommended,dark,Button,,success,solid,base/label,/__functional-colors,elevated,keyboard-focus,0,pass,10.170583825139756,"[23.079922500000002, 23.0863485, 23.086935, 1]","[107.999895, 218.00001, 117.00012, 1]",
recommended,dark,Button,,success,solid,base/label,/__functional-colors,elevated,keyboard-active+focus,0,pass,11.336825127493679,"[23.079922500000002, 23.0863485, 23.086935, 1]","[137.40012, 225.40010999999998, 144.600045, 1]",
recommended,dark,Button,,success,solid,base/label,/__functional-colors,elevated,focus+hover,0,pass,10.731899652794608,"[23.079922500000002, 23.0863485, 23.086935, 1]","[122.69988, 221.70005999999998, 130.79995499999998, 1]",
recommended,dark,Button,,success,link,base/label,/__functional-colors,elevated,idle,0,pass,9.358444880569463,"[107.999895, 218.00001, 117.00012, 1]","[31.000094999999998, 31.000094999999998, 31.000094999999998, 1]",
recommended,dark,Button,,success,link,base/label,/__functional-colors,elevated,hover,0,pass,9.358444880569463,"[107.999895, 218.00001, 117.00012, 1]","[31.000094999999998, 31.000094999999998, 31.000094999999998, 1]",
recommended,dark,Button,,success,link,base/label,/__functional-colors,elevated,active+hover,0,pass,9.358444880569463,"[107.999895, 218.00001, 117.00012, 1]","[31.000094999999998, 31.000094999999998, 31.000094999999998, 1]",
recommended,dark,Button,,success,link,base/label,/__functional-colors,elevated,keyboard-focus,0,pass,9.358444880569463,"[107.999895, 218.00001, 117.00012, 1]","[31.000094999999998, 31.000094999999998, 31.000094999999998, 1]",
recommended,dark,Button,,success,link,base/label,/__functional-colors,elevated,keyboard-active+focus,0,pass,9.358444880569463,"[107.999895, 218.00001, 117.00012, 1]","[31.000094999999998, 31.000094999999998, 31.000094999999998, 1]",
recommended,dark,Button,,success,link,base/label,/__functional-colors,elevated,focus+hover,0,pass,9.358444880569463,"[107.999895, 218.00001, 117.00012, 1]","[31.000094999999998, 31.000094999999998, 31.000094999999998, 1]",
recommended,dark,semantic text,,info,,text,/__functional-colors,elevated,idle,0,pass,6.952033860531208,"[82.000095, 174.000015, 255, 1]","[31.000094999999998, 31.000094999999998, 31.000094999999998, 1]",
recommended,dark,Badge,,info,solid,base,/__functional-colors,elevated,idle,0,pass,7.555341088832712,"[23.079922500000002, 23.0863485, 23.086935, 1]","[82.000095, 174.000015, 255, 1]",
recommended,dark,Alert,,info,solid,title,/__functional-colors,elevated,idle,0,pass,7.555341088832712,"[23.079922500000002, 23.0863485, 23.086935, 1]","[82.000095, 174.000015, 255, 1]",
recommended,dark,Alert,,info,solid,description,/__functional-colors,elevated,idle,0,pass,7.555341088832712,"[23.079922500000002, 23.0863485, 23.086935, 1]","[82.000095, 174.000015, 255, 1]",
recommended,dark,Badge,,info,outline,base,/__functional-colors,elevated,idle,0,pass,6.952033860531208,"[82.000095, 174.000015, 255, 1]","[31.000094999999998, 31.000094999999998, 31.000094999999998, 1]",
recommended,dark,Alert,,info,outline,title,/__functional-colors,elevated,idle,0,pass,6.952033860531208,"[82.000095, 174.000015, 255, 1]","[31.000094999999998, 31.000094999999998, 31.000094999999998, 1]",
recommended,dark,Alert,,info,outline,description,/__functional-colors,elevated,idle,0,pass,6.952033860531208,"[82.000095, 174.000015, 255, 1]","[31.000094999999998, 31.000094999999998, 31.000094999999998, 1]",
recommended,dark,Badge,,info,soft,base,/__functional-colors,elevated,idle,0,pass,5.875521741574939,"[82.000095, 174.000015, 255, 1]","[36.1001205, 45.300087, 53.4000855, 1]",
recommended,dark,Alert,,info,soft,title,/__functional-colors,elevated,idle,0,pass,5.875521741574939,"[82.000095, 174.000015, 255, 1]","[36.1001205, 45.300087, 53.4000855, 1]",
recommended,dark,Alert,,info,soft,description,/__functional-colors,elevated,idle,0,pass,5.875521741574939,"[82.000095, 174.000015, 255, 1]","[36.1001205, 45.300087, 53.4000855, 1]",
recommended,dark,Badge,,info,subtle,base,/__functional-colors,elevated,idle,0,pass,5.875521741574939,"[82.000095, 174.000015, 255, 1]","[36.1001205, 45.300087, 53.4000855, 1]",
recommended,dark,Alert,,info,subtle,title,/__functional-colors,elevated,idle,0,pass,5.875521741574939,"[82.000095, 174.000015, 255, 1]","[36.1001205, 45.300087, 53.4000855, 1]",
recommended,dark,Alert,,info,subtle,description,/__functional-colors,elevated,idle,0,pass,5.875521741574939,"[82.000095, 174.000015, 255, 1]","[36.1001205, 45.300087, 53.4000855, 1]",
recommended,dark,Button,,info,solid,base/label,/__functional-colors,elevated,idle,0,pass,7.555341088832712,"[23.079922500000002, 23.0863485, 23.086935, 1]","[82.000095, 174.000015, 255, 1]",
recommended,dark,Button,,info,solid,base/label,/__functional-colors,elevated,hover,0,pass,8.25490771991566,"[23.079922500000002, 23.0863485, 23.086935, 1]","[99.30006, 182.10009, 255, 1]",
recommended,dark,Button,,info,solid,base/label,/__functional-colors,elevated,active+hover,0,pass,9.022852423578826,"[23.079922500000002, 23.0863485, 23.086935, 1]","[116.600025, 190.19991000000002, 255, 1]",
recommended,dark,Button,,info,solid,base/label,/__functional-colors,elevated,keyboard-focus,0,pass,7.555341088832712,"[23.079922500000002, 23.0863485, 23.086935, 1]","[82.000095, 174.000015, 255, 1]",
recommended,dark,Button,,info,solid,base/label,/__functional-colors,elevated,keyboard-active+focus,0,pass,9.022852423578826,"[23.079922500000002, 23.0863485, 23.086935, 1]","[116.600025, 190.19991000000002, 255, 1]",
recommended,dark,Button,,info,solid,base/label,/__functional-colors,elevated,focus+hover,0,pass,8.25490771991566,"[23.079922500000002, 23.0863485, 23.086935, 1]","[99.30006, 182.10009, 255, 1]",
recommended,dark,Button,,info,link,base/label,/__functional-colors,elevated,idle,0,pass,6.952033860531208,"[82.000095, 174.000015, 255, 1]","[31.000094999999998, 31.000094999999998, 31.000094999999998, 1]",
recommended,dark,Button,,info,link,base/label,/__functional-colors,elevated,hover,0,pass,6.952033860531208,"[82.000095, 174.000015, 255, 1]","[31.000094999999998, 31.000094999999998, 31.000094999999998, 1]",
recommended,dark,Button,,info,link,base/label,/__functional-colors,elevated,active+hover,0,pass,6.952033860531208,"[82.000095, 174.000015, 255, 1]","[31.000094999999998, 31.000094999999998, 31.000094999999998, 1]",
recommended,dark,Button,,info,link,base/label,/__functional-colors,elevated,keyboard-focus,0,pass,6.952033860531208,"[82.000095, 174.000015, 255, 1]","[31.000094999999998, 31.000094999999998, 31.000094999999998, 1]",
recommended,dark,Button,,info,link,base/label,/__functional-colors,elevated,keyboard-active+focus,0,pass,6.952033860531208,"[82.000095, 174.000015, 255, 1]","[31.000094999999998, 31.000094999999998, 31.000094999999998, 1]",
recommended,dark,Button,,info,link,base/label,/__functional-colors,elevated,focus+hover,0,pass,6.952033860531208,"[82.000095, 174.000015, 255, 1]","[31.000094999999998, 31.000094999999998, 31.000094999999998, 1]",
recommended,dark,semantic text,,warning,,text,/__functional-colors,elevated,idle,0,pass,9.178691257685061,"[244.000065, 182.999985, 63.9999, 1]","[31.000094999999998, 31.000094999999998, 31.000094999999998, 1]",
recommended,dark,Badge,,warning,solid,base,/__functional-colors,elevated,idle,0,pass,9.975230931282981,"[23.079922500000002, 23.0863485, 23.086935, 1]","[244.000065, 182.999985, 63.9999, 1]",
recommended,dark,Alert,,warning,solid,title,/__functional-colors,elevated,idle,0,pass,9.975230931282981,"[23.079922500000002, 23.0863485, 23.086935, 1]","[244.000065, 182.999985, 63.9999, 1]",
recommended,dark,Alert,,warning,solid,description,/__functional-colors,elevated,idle,0,pass,9.975230931282981,"[23.079922500000002, 23.0863485, 23.086935, 1]","[244.000065, 182.999985, 63.9999, 1]",
recommended,dark,Badge,,warning,outline,base,/__functional-colors,elevated,idle,0,pass,9.178691257685061,"[244.000065, 182.999985, 63.9999, 1]","[31.000094999999998, 31.000094999999998, 31.000094999999998, 1]",
recommended,dark,Alert,,warning,outline,title,/__functional-colors,elevated,idle,0,pass,9.178691257685061,"[244.000065, 182.999985, 63.9999, 1]","[31.000094999999998, 31.000094999999998, 31.000094999999998, 1]",
recommended,dark,Alert,,warning,outline,description,/__functional-colors,elevated,idle,0,pass,9.178691257685061,"[244.000065, 182.999985, 63.9999, 1]","[31.000094999999998, 31.000094999999998, 31.000094999999998, 1]",
recommended,dark,Badge,,warning,soft,base,/__functional-colors,elevated,idle,0,pass,7.472288094124483,"[244.000065, 182.999985, 63.9999, 1]","[52.3000665, 46.200084000000004, 34.3001265, 1]",
recommended,dark,Alert,,warning,soft,title,/__functional-colors,elevated,idle,0,pass,7.472288094124483,"[244.000065, 182.999985, 63.9999, 1]","[52.3000665, 46.200084000000004, 34.3001265, 1]",
recommended,dark,Alert,,warning,soft,description,/__functional-colors,elevated,idle,0,pass,7.472288094124483,"[244.000065, 182.999985, 63.9999, 1]","[52.3000665, 46.200084000000004, 34.3001265, 1]",
recommended,dark,Badge,,warning,subtle,base,/__functional-colors,elevated,idle,0,pass,7.472288094124483,"[244.000065, 182.999985, 63.9999, 1]","[52.3000665, 46.200084000000004, 34.3001265, 1]",
recommended,dark,Alert,,warning,subtle,title,/__functional-colors,elevated,idle,0,pass,7.472288094124483,"[244.000065, 182.999985, 63.9999, 1]","[52.3000665, 46.200084000000004, 34.3001265, 1]",
recommended,dark,Alert,,warning,subtle,description,/__functional-colors,elevated,idle,0,pass,7.472288094124483,"[244.000065, 182.999985, 63.9999, 1]","[52.3000665, 46.200084000000004, 34.3001265, 1]",
recommended,dark,Button,,warning,solid,base/label,/__functional-colors,elevated,idle,0,pass,9.975230931282981,"[23.079922500000002, 23.0863485, 23.086935, 1]","[244.000065, 182.999985, 63.9999, 1]",
recommended,dark,Button,,warning,solid,base/label,/__functional-colors,elevated,hover,0,pass,10.57231933351847,"[23.079922500000002, 23.0863485, 23.086935, 1]","[245.09988, 190.19991000000002, 83.09991, 1]",
recommended,dark,Button,,warning,solid,base/label,/__functional-colors,elevated,active+hover,0,pass,11.209803503319694,"[23.079922500000002, 23.0863485, 23.086935, 1]","[246.19995, 197.40009, 102.19991999999999, 1]",
recommended,dark,Button,,warning,solid,base/label,/__functional-colors,elevated,keyboard-focus,0,pass,9.975230931282981,"[23.079922500000002, 23.0863485, 23.086935, 1]","[244.000065, 182.999985, 63.9999, 1]",
recommended,dark,Button,,warning,solid,base/label,/__functional-colors,elevated,keyboard-active+focus,0,pass,11.209803503319694,"[23.079922500000002, 23.0863485, 23.086935, 1]","[246.19995, 197.40009, 102.19991999999999, 1]",
recommended,dark,Button,,warning,solid,base/label,/__functional-colors,elevated,focus+hover,0,pass,10.57231933351847,"[23.079922500000002, 23.0863485, 23.086935, 1]","[245.09988, 190.19991000000002, 83.09991, 1]",
recommended,dark,Button,,warning,link,base/label,/__functional-colors,elevated,idle,0,pass,9.178691257685061,"[244.000065, 182.999985, 63.9999, 1]","[31.000094999999998, 31.000094999999998, 31.000094999999998, 1]",
recommended,dark,Button,,warning,link,base/label,/__functional-colors,elevated,hover,0,pass,9.178691257685061,"[244.000065, 182.999985, 63.9999, 1]","[31.000094999999998, 31.000094999999998, 31.000094999999998, 1]",
recommended,dark,Button,,warning,link,base/label,/__functional-colors,elevated,active+hover,0,pass,9.178691257685061,"[244.000065, 182.999985, 63.9999, 1]","[31.000094999999998, 31.000094999999998, 31.000094999999998, 1]",
recommended,dark,Button,,warning,link,base/label,/__functional-colors,elevated,keyboard-focus,0,pass,9.178691257685061,"[244.000065, 182.999985, 63.9999, 1]","[31.000094999999998, 31.000094999999998, 31.000094999999998, 1]",
recommended,dark,Button,,warning,link,base/label,/__functional-colors,elevated,keyboard-active+focus,0,pass,9.178691257685061,"[244.000065, 182.999985, 63.9999, 1]","[31.000094999999998, 31.000094999999998, 31.000094999999998, 1]",
recommended,dark,Button,,warning,link,base/label,/__functional-colors,elevated,focus+hover,0,pass,9.178691257685061,"[244.000065, 182.999985, 63.9999, 1]","[31.000094999999998, 31.000094999999998, 31.000094999999998, 1]",
recommended,dark,semantic text,,error,,text,/__functional-colors,elevated,idle,0,pass,7.034715955517319,"[255, 133.000095, 135.999915, 1]","[31.000094999999998, 31.000094999999998, 31.000094999999998, 1]",
recommended,dark,Badge,,error,solid,base,/__functional-colors,elevated,idle,0,pass,7.645198451741413,"[23.079922500000002, 23.0863485, 23.086935, 1]","[255, 133.000095, 135.999915, 1]",
recommended,dark,Alert,,error,solid,title,/__functional-colors,elevated,idle,0,pass,7.645198451741413,"[23.079922500000002, 23.0863485, 23.086935, 1]","[255, 133.000095, 135.999915, 1]",
recommended,dark,Alert,,error,solid,description,/__functional-colors,elevated,idle,0,pass,7.645198451741413,"[23.079922500000002, 23.0863485, 23.086935, 1]","[255, 133.000095, 135.999915, 1]",
recommended,dark,Badge,,error,outline,base,/__functional-colors,elevated,idle,0,pass,7.034715955517319,"[255, 133.000095, 135.999915, 1]","[31.000094999999998, 31.000094999999998, 31.000094999999998, 1]",
recommended,dark,Alert,,error,outline,title,/__functional-colors,elevated,idle,0,pass,7.034715955517319,"[255, 133.000095, 135.999915, 1]","[31.000094999999998, 31.000094999999998, 31.000094999999998, 1]",
recommended,dark,Alert,,error,outline,description,/__functional-colors,elevated,idle,0,pass,7.034715955517319,"[255, 133.000095, 135.999915, 1]","[31.000094999999998, 31.000094999999998, 31.000094999999998, 1]",
recommended,dark,Badge,,error,soft,base,/__functional-colors,elevated,idle,0,pass,5.950319332244458,"[255, 133.000095, 135.999915, 1]","[53.4000855, 41.200095, 41.5001025, 1]",
recommended,dark,Alert,,error,soft,title,/__functional-colors,elevated,idle,0,pass,5.950319332244458,"[255, 133.000095, 135.999915, 1]","[53.4000855, 41.200095, 41.5001025, 1]",
recommended,dark,Alert,,error,soft,description,/__functional-colors,elevated,idle,0,pass,5.950319332244458,"[255, 133.000095, 135.999915, 1]","[53.4000855, 41.200095, 41.5001025, 1]",
recommended,dark,Badge,,error,subtle,base,/__functional-colors,elevated,idle,0,pass,5.950319332244458,"[255, 133.000095, 135.999915, 1]","[53.4000855, 41.200095, 41.5001025, 1]",
recommended,dark,Alert,,error,subtle,title,/__functional-colors,elevated,idle,0,pass,5.950319332244458,"[255, 133.000095, 135.999915, 1]","[53.4000855, 41.200095, 41.5001025, 1]",
recommended,dark,Alert,,error,subtle,description,/__functional-colors,elevated,idle,0,pass,5.950319332244458,"[255, 133.000095, 135.999915, 1]","[53.4000855, 41.200095, 41.5001025, 1]",
recommended,dark,Button,,error,solid,base/label,/__functional-colors,elevated,idle,0,pass,7.645198451741413,"[23.079922500000002, 23.0863485, 23.086935, 1]","[255, 133.000095, 135.999915, 1]",
recommended,dark,Button,,error,solid,base/label,/__functional-colors,elevated,hover,0,pass,8.30957866051636,"[23.079922500000002, 23.0863485, 23.086935, 1]","[255, 145.20006, 147.89999999999998, 1]",
recommended,dark,Button,,error,solid,base/label,/__functional-colors,elevated,active+hover,0,pass,9.04891554369144,"[23.079922500000002, 23.0863485, 23.086935, 1]","[255, 157.400025, 159.800085, 1]",
recommended,dark,Button,,error,solid,base/label,/__functional-colors,elevated,keyboard-focus,0,pass,7.645198451741413,"[23.079922500000002, 23.0863485, 23.086935, 1]","[255, 133.000095, 135.999915, 1]",
recommended,dark,Button,,error,solid,base/label,/__functional-colors,elevated,keyboard-active+focus,0,pass,9.04891554369144,"[23.079922500000002, 23.0863485, 23.086935, 1]","[255, 157.400025, 159.800085, 1]",
recommended,dark,Button,,error,solid,base/label,/__functional-colors,elevated,focus+hover,0,pass,8.30957866051636,"[23.079922500000002, 23.0863485, 23.086935, 1]","[255, 145.20006, 147.89999999999998, 1]",
recommended,dark,Button,,error,link,base/label,/__functional-colors,elevated,idle,0,pass,7.034715955517319,"[255, 133.000095, 135.999915, 1]","[31.000094999999998, 31.000094999999998, 31.000094999999998, 1]",
recommended,dark,Button,,error,link,base/label,/__functional-colors,elevated,hover,0,pass,7.034715955517319,"[255, 133.000095, 135.999915, 1]","[31.000094999999998, 31.000094999999998, 31.000094999999998, 1]",
recommended,dark,Button,,error,link,base/label,/__functional-colors,elevated,active+hover,0,pass,7.034715955517319,"[255, 133.000095, 135.999915, 1]","[31.000094999999998, 31.000094999999998, 31.000094999999998, 1]",
recommended,dark,Button,,error,link,base/label,/__functional-colors,elevated,keyboard-focus,0,pass,7.034715955517319,"[255, 133.000095, 135.999915, 1]","[31.000094999999998, 31.000094999999998, 31.000094999999998, 1]",
recommended,dark,Button,,error,link,base/label,/__functional-colors,elevated,keyboard-active+focus,0,pass,7.034715955517319,"[255, 133.000095, 135.999915, 1]","[31.000094999999998, 31.000094999999998, 31.000094999999998, 1]",
recommended,dark,Button,,error,link,base/label,/__functional-colors,elevated,focus+hover,0,pass,7.034715955517319,"[255, 133.000095, 135.999915, 1]","[31.000094999999998, 31.000094999999998, 31.000094999999998, 1]",
recommended,dark,FormField,,error,,error,,elevated,visible,0,pass,7.034715955517319,"[255, 133.000095, 135.999915, 1]","[31.000094999999998, 31.000094999999998, 31.000094999999998, 1]",
recommended,dark,API fixture,F1,,,,,elevated,idle,0,pass,7.034715955517319,"[255, 133.000095, 135.999915, 1]","[31.000094999999998, 31.000094999999998, 31.000094999999998, 1]",
recommended,dark,API fixture,F2,,,,,elevated,idle,0,pass,9.178691257685061,"[244.000065, 182.999985, 63.9999, 1]","[31.000094999999998, 31.000094999999998, 31.000094999999998, 1]",
recommended,dark,API fixture,F5-field-caveat,,,,,elevated,idle,0,pass,7.472288094124483,"[244.000065, 182.999985, 63.9999, 1]","[52.3000665, 46.200084000000004, 34.3001265, 1]",
recommended,dark,API fixture,F5-field-caveat,,,,,elevated,idle,1,pass,5.193656143604129,"[161.000115, 161.000115, 161.000115, 1]","[52.3000665, 46.200084000000004, 34.3001265, 1]",
recommended,dark,API fixture,value-caveat,,,,,elevated,idle,0,pass,7.472288094124483,"[244.000065, 182.999985, 63.9999, 1]","[52.3000665, 46.200084000000004, 34.3001265, 1]",
recommended,dark,API fixture,value-caveat,,,,,elevated,idle,1,pass,5.193656143604129,"[161.000115, 161.000115, 161.000115, 1]","[52.3000665, 46.200084000000004, 34.3001265, 1]",
recommended,dark,ResponseExample,,,,status/statusText,,elevated,single status visible,0,pass,7.9054395961421475,"[107.999895, 218.00001, 117.00012, 1]","[36.0000534, 47.0000649, 36.9000759, 1]",
recommended,dark,ResponseExample,,,,status/statusText,,elevated,single status visible,1,pass,7.9054395961421475,"[107.999895, 218.00001, 117.00012, 1]","[36.0000534, 47.0000649, 36.9000759, 1]",
recommended,dark,ResponseExample,,,,status/statusText,,elevated,single status visible,2,pass,6.095653619441885,"[82.000095, 174.000015, 255, 1]","[33.4000989, 42.6000654, 50.700063899999996, 1]",
recommended,dark,ResponseExample,,,,status/statusText,,elevated,single status visible,3,pass,6.095653619441885,"[82.000095, 174.000015, 255, 1]","[33.4000989, 42.6000654, 50.700063899999996, 1]",
recommended,dark,ResponseExample,,,,status/statusText,,elevated,single status visible,4,pass,7.760385422077901,"[244.000065, 182.999985, 63.9999, 1]","[49.6000449, 43.5000624, 31.600104899999998, 1]",
recommended,dark,ResponseExample,,,,status/statusText,,elevated,single status visible,5,pass,7.760385422077901,"[244.000065, 182.999985, 63.9999, 1]","[49.6000449, 43.5000624, 31.600104899999998, 1]",
recommended,dark,ResponseExample,,,,status/statusText,,elevated,single status visible,6,pass,6.172862001320169,"[255, 133.000095, 135.999915, 1]","[50.700063899999996, 38.500073400000005, 38.8000809, 1]",
recommended,dark,ResponseExample,,,,status/statusText,,elevated,single status visible,7,pass,6.172862001320169,"[255, 133.000095, 135.999915, 1]","[50.700063899999996, 38.500073400000005, 38.8000809, 1]",
recommended,dark,LifecycleNotice,,,,,,elevated,idle,0,pass,7.472288094124483,"[244.000065, 182.999985, 63.9999, 1]","[52.3000665, 46.200084000000004, 34.3001265, 1]",
recommended,dark,LifecycleNotice,,,,,,elevated,idle,1,pass,7.472288094124483,"[244.000065, 182.999985, 63.9999, 1]","[52.3000665, 46.200084000000004, 34.3001265, 1]",
recommended,dark,LifecycleNotice,,,,,,elevated,idle,2,pass,7.612111863156123,"[107.999895, 218.00001, 117.00012, 1]","[38.700075, 49.7000865, 39.600097500000004, 1]",
recommended,dark,LifecycleNotice,,,,,,elevated,idle,3,pass,7.612111863156123,"[107.999895, 218.00001, 117.00012, 1]","[38.700075, 49.7000865, 39.600097500000004, 1]",
recommended,dark,LifecycleNotice,,,,,,elevated,idle,4,pass,7.472288094124483,"[244.000065, 182.999985, 63.9999, 1]","[52.3000665, 46.200084000000004, 34.3001265, 1]",
recommended,dark,LifecycleNotice,,,,,,elevated,idle,5,pass,7.472288094124483,"[244.000065, 182.999985, 63.9999, 1]","[52.3000665, 46.200084000000004, 34.3001265, 1]",
recommended,dark,LifecycleNotice,,,,,,elevated,idle,6,pass,16.482959521795948,"[255, 255, 255, 1]","[31.000094999999998, 31.000094999999998, 31.000094999999998, 1]",
recommended,dark,LifecycleNotice,,,,,,elevated,idle,7,pass,13.526757079352704,"[232.6000095, 232.6000095, 232.6000095, 1]","[31.000094999999998, 31.000094999999998, 31.000094999999998, 1]",
recommended,dark,LifecycleNotice,,,,,,elevated,idle,8,pass,5.950319332244458,"[255, 133.000095, 135.999915, 1]","[53.4000855, 41.200095, 41.5001025, 1]",
recommended,dark,LifecycleNotice,,,,,,elevated,idle,9,pass,5.950319332244458,"[255, 133.000095, 135.999915, 1]","[53.4000855, 41.200095, 41.5001025, 1]",
recommended,dark,FieldAnnotation,,,,required,,portal own bg-default,open,0,pass,8.449594779719497,"[255, 133.000095, 135.999915, 1]","[10.0000035, 10.0000035, 10.0000035, 1]",
recommended,dark,FieldAnnotation,,,,conditional,,portal own bg-default,open,0,pass,11.024783690770832,"[244.000065, 182.999985, 63.9999, 1]","[10.0000035, 10.0000035, 10.0000035, 1]",
recommended,dark,semantic text,,primary,,text,/__functional-colors,accented,idle,0,pass,5.755686514272954,"[186.99991500000002, 140.00009999999997, 255, 1]","[40.99992, 40.99992, 40.99992, 1]",
recommended,dark,Badge,,primary,solid,base,/__functional-colors,accented,idle,0,pass,7.087039252728687,"[23.079922500000002, 23.0863485, 23.086935, 1]","[186.99991500000002, 140.00009999999997, 255, 1]",
recommended,dark,Alert,,primary,solid,title,/__functional-colors,accented,idle,0,pass,7.087039252728687,"[23.079922500000002, 23.0863485, 23.086935, 1]","[186.99991500000002, 140.00009999999997, 255, 1]",
recommended,dark,Alert,,primary,solid,description,/__functional-colors,accented,idle,0,pass,7.087039252728687,"[23.079922500000002, 23.0863485, 23.086935, 1]","[186.99991500000002, 140.00009999999997, 255, 1]",
recommended,dark,Badge,,primary,outline,base,/__functional-colors,accented,idle,0,pass,5.755686514272954,"[186.99991500000002, 140.00009999999997, 255, 1]","[40.99992, 40.99992, 40.99992, 1]",
recommended,dark,Alert,,primary,outline,title,/__functional-colors,accented,idle,0,pass,5.755686514272954,"[186.99991500000002, 140.00009999999997, 255, 1]","[40.99992, 40.99992, 40.99992, 1]",
recommended,dark,Alert,,primary,outline,description,/__functional-colors,accented,idle,0,pass,5.755686514272954,"[186.99991500000002, 140.00009999999997, 255, 1]","[40.99992, 40.99992, 40.99992, 1]",
recommended,dark,Badge,,primary,soft,base,/__functional-colors,accented,idle,0,pass,4.864057685586142,"[186.99991500000002, 140.00009999999997, 255, 1]","[55.599919500000006, 50.899938, 62.399928, 1]",
recommended,dark,Alert,,primary,soft,title,/__functional-colors,accented,idle,0,pass,4.864057685586142,"[186.99991500000002, 140.00009999999997, 255, 1]","[55.599919500000006, 50.899938, 62.399928, 1]",
recommended,dark,Alert,,primary,soft,description,/__functional-colors,accented,idle,0,pass,4.864057685586142,"[186.99991500000002, 140.00009999999997, 255, 1]","[55.599919500000006, 50.899938, 62.399928, 1]",
recommended,dark,Badge,,primary,subtle,base,/__functional-colors,accented,idle,0,pass,4.864057685586142,"[186.99991500000002, 140.00009999999997, 255, 1]","[55.599919500000006, 50.899938, 62.399928, 1]",
recommended,dark,Alert,,primary,subtle,title,/__functional-colors,accented,idle,0,pass,4.864057685586142,"[186.99991500000002, 140.00009999999997, 255, 1]","[55.599919500000006, 50.899938, 62.399928, 1]",
recommended,dark,Alert,,primary,subtle,description,/__functional-colors,accented,idle,0,pass,4.864057685586142,"[186.99991500000002, 140.00009999999997, 255, 1]","[55.599919500000006, 50.899938, 62.399928, 1]",
recommended,dark,Button,,primary,solid,base/label,/__functional-colors,accented,idle,0,pass,7.087039252728687,"[23.079922500000002, 23.0863485, 23.086935, 1]","[186.99991500000002, 140.00009999999997, 255, 1]",
recommended,dark,Button,,primary,solid,base/label,/__functional-colors,accented,hover,0,pass,7.840499406307669,"[23.079922500000002, 23.0863485, 23.086935, 1]","[193.8, 151.50009, 255, 1]",
recommended,dark,Button,,primary,solid,base/label,/__functional-colors,accented,active+hover,0,pass,8.662662927621303,"[23.079922500000002, 23.0863485, 23.086935, 1]","[200.600085, 163.00008, 255, 1]",
recommended,dark,Button,,primary,solid,base/label,/__functional-colors,accented,keyboard-focus,0,pass,7.087039252728687,"[23.079922500000002, 23.0863485, 23.086935, 1]","[186.99991500000002, 140.00009999999997, 255, 1]",
recommended,dark,Button,,primary,solid,base/label,/__functional-colors,accented,keyboard-active+focus,0,pass,8.662662927621303,"[23.079922500000002, 23.0863485, 23.086935, 1]","[200.600085, 163.00008, 255, 1]",
recommended,dark,Button,,primary,solid,base/label,/__functional-colors,accented,focus+hover,0,pass,7.840499406307669,"[23.079922500000002, 23.0863485, 23.086935, 1]","[193.8, 151.50009, 255, 1]",
recommended,dark,Button,,primary,link,base/label,/__functional-colors,accented,idle,0,pass,5.755686514272954,"[186.99991500000002, 140.00009999999997, 255, 1]","[40.99992, 40.99992, 40.99992, 1]",
recommended,dark,Button,,primary,link,base/label,/__functional-colors,accented,hover,0,pass,5.755686514272954,"[186.99991500000002, 140.00009999999997, 255, 1]","[40.99992, 40.99992, 40.99992, 1]",
recommended,dark,Button,,primary,link,base/label,/__functional-colors,accented,active+hover,0,pass,5.755686514272954,"[186.99991500000002, 140.00009999999997, 255, 1]","[40.99992, 40.99992, 40.99992, 1]",
recommended,dark,Button,,primary,link,base/label,/__functional-colors,accented,keyboard-focus,0,pass,5.755686514272954,"[186.99991500000002, 140.00009999999997, 255, 1]","[40.99992, 40.99992, 40.99992, 1]",
recommended,dark,Button,,primary,link,base/label,/__functional-colors,accented,keyboard-active+focus,0,pass,5.755686514272954,"[186.99991500000002, 140.00009999999997, 255, 1]","[40.99992, 40.99992, 40.99992, 1]",
recommended,dark,Button,,primary,link,base/label,/__functional-colors,accented,focus+hover,0,pass,5.755686514272954,"[186.99991500000002, 140.00009999999997, 255, 1]","[40.99992, 40.99992, 40.99992, 1]",
recommended,dark,semantic text,,secondary,,text,/__functional-colors,accented,idle,0,pass,8.66504714173752,"[68.99994, 221.99994, 196.999995, 1]","[40.99992, 40.99992, 40.99992, 1]",
recommended,dark,Badge,,secondary,solid,base,/__functional-colors,accented,idle,0,pass,10.669366559133293,"[23.079922500000002, 23.0863485, 23.086935, 1]","[68.99994, 221.99994, 196.999995, 1]",
recommended,dark,Alert,,secondary,solid,title,/__functional-colors,accented,idle,0,pass,10.669366559133293,"[23.079922500000002, 23.0863485, 23.086935, 1]","[68.99994, 221.99994, 196.999995, 1]",
recommended,dark,Alert,,secondary,solid,description,/__functional-colors,accented,idle,0,pass,10.669366559133293,"[23.079922500000002, 23.0863485, 23.086935, 1]","[68.99994, 221.99994, 196.999995, 1]",
recommended,dark,Badge,,secondary,outline,base,/__functional-colors,accented,idle,0,pass,8.66504714173752,"[68.99994, 221.99994, 196.999995, 1]","[40.99992, 40.99992, 40.99992, 1]",
recommended,dark,Alert,,secondary,outline,title,/__functional-colors,accented,idle,0,pass,8.66504714173752,"[68.99994, 221.99994, 196.999995, 1]","[40.99992, 40.99992, 40.99992, 1]",
recommended,dark,Alert,,secondary,outline,description,/__functional-colors,accented,idle,0,pass,8.66504714173752,"[68.99994, 221.99994, 196.999995, 1]","[40.99992, 40.99992, 40.99992, 1]",
recommended,dark,Badge,,secondary,soft,base,/__functional-colors,accented,idle,0,pass,6.979252580237736,"[68.99994, 221.99994, 196.999995, 1]","[43.7999475, 59.09992200000001, 56.59992750000001, 1]",
recommended,dark,Alert,,secondary,soft,title,/__functional-colors,accented,idle,0,pass,6.979252580237736,"[68.99994, 221.99994, 196.999995, 1]","[43.7999475, 59.09992200000001, 56.59992750000001, 1]",
recommended,dark,Alert,,secondary,soft,description,/__functional-colors,accented,idle,0,pass,6.979252580237736,"[68.99994, 221.99994, 196.999995, 1]","[43.7999475, 59.09992200000001, 56.59992750000001, 1]",
recommended,dark,Badge,,secondary,subtle,base,/__functional-colors,accented,idle,0,pass,6.979252580237736,"[68.99994, 221.99994, 196.999995, 1]","[43.7999475, 59.09992200000001, 56.59992750000001, 1]",
recommended,dark,Alert,,secondary,subtle,title,/__functional-colors,accented,idle,0,pass,6.979252580237736,"[68.99994, 221.99994, 196.999995, 1]","[43.7999475, 59.09992200000001, 56.59992750000001, 1]",
recommended,dark,Alert,,secondary,subtle,description,/__functional-colors,accented,idle,0,pass,6.979252580237736,"[68.99994, 221.99994, 196.999995, 1]","[43.7999475, 59.09992200000001, 56.59992750000001, 1]",
recommended,dark,Button,,secondary,solid,base/label,/__functional-colors,accented,idle,0,pass,10.669366559133293,"[23.079922500000002, 23.0863485, 23.086935, 1]","[68.99994, 221.99994, 196.999995, 1]",
recommended,dark,Button,,secondary,solid,base/label,/__functional-colors,accented,hover,0,pass,11.152392597265019,"[23.079922500000002, 23.0863485, 23.086935, 1]","[87.59989499999999, 225.299895, 202.79996999999997, 1]",
recommended,dark,Button,,secondary,solid,base/label,/__functional-colors,accented,active+hover,0,pass,11.682534954152242,"[23.079922500000002, 23.0863485, 23.086935, 1]","[106.200105, 228.600105, 208.599945, 1]",
recommended,dark,Button,,secondary,solid,base/label,/__functional-colors,accented,keyboard-focus,0,pass,10.669366559133293,"[23.079922500000002, 23.0863485, 23.086935, 1]","[68.99994, 221.99994, 196.999995, 1]",
recommended,dark,Button,,secondary,solid,base/label,/__functional-colors,accented,keyboard-active+focus,0,pass,11.682534954152242,"[23.079922500000002, 23.0863485, 23.086935, 1]","[106.200105, 228.600105, 208.599945, 1]",
recommended,dark,Button,,secondary,solid,base/label,/__functional-colors,accented,focus+hover,0,pass,11.152392597265019,"[23.079922500000002, 23.0863485, 23.086935, 1]","[87.59989499999999, 225.299895, 202.79996999999997, 1]",
recommended,dark,Button,,secondary,link,base/label,/__functional-colors,accented,idle,0,pass,8.66504714173752,"[68.99994, 221.99994, 196.999995, 1]","[40.99992, 40.99992, 40.99992, 1]",
recommended,dark,Button,,secondary,link,base/label,/__functional-colors,accented,hover,0,pass,8.66504714173752,"[68.99994, 221.99994, 196.999995, 1]","[40.99992, 40.99992, 40.99992, 1]",
recommended,dark,Button,,secondary,link,base/label,/__functional-colors,accented,active+hover,0,pass,8.66504714173752,"[68.99994, 221.99994, 196.999995, 1]","[40.99992, 40.99992, 40.99992, 1]",
recommended,dark,Button,,secondary,link,base/label,/__functional-colors,accented,keyboard-focus,0,pass,8.66504714173752,"[68.99994, 221.99994, 196.999995, 1]","[40.99992, 40.99992, 40.99992, 1]",
recommended,dark,Button,,secondary,link,base/label,/__functional-colors,accented,keyboard-active+focus,0,pass,8.66504714173752,"[68.99994, 221.99994, 196.999995, 1]","[40.99992, 40.99992, 40.99992, 1]",
recommended,dark,Button,,secondary,link,base/label,/__functional-colors,accented,focus+hover,0,pass,8.66504714173752,"[68.99994, 221.99994, 196.999995, 1]","[40.99992, 40.99992, 40.99992, 1]",
recommended,dark,semantic text,,success,,text,/__functional-colors,accented,idle,0,pass,8.259964433257608,"[107.999895, 218.00001, 117.00012, 1]","[40.99992, 40.99992, 40.99992, 1]",
recommended,dark,Badge,,success,solid,base,/__functional-colors,accented,idle,0,pass,10.170583825139756,"[23.079922500000002, 23.0863485, 23.086935, 1]","[107.999895, 218.00001, 117.00012, 1]",
recommended,dark,Alert,,success,solid,title,/__functional-colors,accented,idle,0,pass,10.170583825139756,"[23.079922500000002, 23.0863485, 23.086935, 1]","[107.999895, 218.00001, 117.00012, 1]",
recommended,dark,Alert,,success,solid,description,/__functional-colors,accented,idle,0,pass,10.170583825139756,"[23.079922500000002, 23.0863485, 23.086935, 1]","[107.999895, 218.00001, 117.00012, 1]",
recommended,dark,Badge,,success,outline,base,/__functional-colors,accented,idle,0,pass,8.259964433257608,"[107.999895, 218.00001, 117.00012, 1]","[40.99992, 40.99992, 40.99992, 1]",
recommended,dark,Alert,,success,outline,title,/__functional-colors,accented,idle,0,pass,8.259964433257608,"[107.999895, 218.00001, 117.00012, 1]","[40.99992, 40.99992, 40.99992, 1]",
recommended,dark,Alert,,success,outline,description,/__functional-colors,accented,idle,0,pass,8.259964433257608,"[107.999895, 218.00001, 117.00012, 1]","[40.99992, 40.99992, 40.99992, 1]",
recommended,dark,Badge,,success,soft,base,/__functional-colors,accented,idle,0,pass,6.670867594290186,"[107.999895, 218.00001, 117.00012, 1]","[47.699917500000005, 58.699929000000004, 48.599940000000004, 1]",
recommended,dark,Alert,,success,soft,title,/__functional-colors,accented,idle,0,pass,6.670867594290186,"[107.999895, 218.00001, 117.00012, 1]","[47.699917500000005, 58.699929000000004, 48.599940000000004, 1]",
recommended,dark,Alert,,success,soft,description,/__functional-colors,accented,idle,0,pass,6.670867594290186,"[107.999895, 218.00001, 117.00012, 1]","[47.699917500000005, 58.699929000000004, 48.599940000000004, 1]",
recommended,dark,Badge,,success,subtle,base,/__functional-colors,accented,idle,0,pass,6.670867594290186,"[107.999895, 218.00001, 117.00012, 1]","[47.699917500000005, 58.699929000000004, 48.599940000000004, 1]",
recommended,dark,Alert,,success,subtle,title,/__functional-colors,accented,idle,0,pass,6.670867594290186,"[107.999895, 218.00001, 117.00012, 1]","[47.699917500000005, 58.699929000000004, 48.599940000000004, 1]",
recommended,dark,Alert,,success,subtle,description,/__functional-colors,accented,idle,0,pass,6.670867594290186,"[107.999895, 218.00001, 117.00012, 1]","[47.699917500000005, 58.699929000000004, 48.599940000000004, 1]",
recommended,dark,Button,,success,solid,base/label,/__functional-colors,accented,idle,0,pass,10.170583825139756,"[23.079922500000002, 23.0863485, 23.086935, 1]","[107.999895, 218.00001, 117.00012, 1]",
recommended,dark,Button,,success,solid,base/label,/__functional-colors,accented,hover,0,pass,10.731899652794608,"[23.079922500000002, 23.0863485, 23.086935, 1]","[122.69988, 221.70005999999998, 130.79995499999998, 1]",
recommended,dark,Button,,success,solid,base/label,/__functional-colors,accented,active+hover,0,pass,11.336825127493679,"[23.079922500000002, 23.0863485, 23.086935, 1]","[137.40012, 225.40010999999998, 144.600045, 1]",
recommended,dark,Button,,success,solid,base/label,/__functional-colors,accented,keyboard-focus,0,pass,10.170583825139756,"[23.079922500000002, 23.0863485, 23.086935, 1]","[107.999895, 218.00001, 117.00012, 1]",
recommended,dark,Button,,success,solid,base/label,/__functional-colors,accented,keyboard-active+focus,0,pass,11.336825127493679,"[23.079922500000002, 23.0863485, 23.086935, 1]","[137.40012, 225.40010999999998, 144.600045, 1]",
recommended,dark,Button,,success,solid,base/label,/__functional-colors,accented,focus+hover,0,pass,10.731899652794608,"[23.079922500000002, 23.0863485, 23.086935, 1]","[122.69988, 221.70005999999998, 130.79995499999998, 1]",
recommended,dark,Button,,success,link,base/label,/__functional-colors,accented,idle,0,pass,8.259964433257608,"[107.999895, 218.00001, 117.00012, 1]","[40.99992, 40.99992, 40.99992, 1]",
recommended,dark,Button,,success,link,base/label,/__functional-colors,accented,hover,0,pass,8.259964433257608,"[107.999895, 218.00001, 117.00012, 1]","[40.99992, 40.99992, 40.99992, 1]",
recommended,dark,Button,,success,link,base/label,/__functional-colors,accented,active+hover,0,pass,8.259964433257608,"[107.999895, 218.00001, 117.00012, 1]","[40.99992, 40.99992, 40.99992, 1]",
recommended,dark,Button,,success,link,base/label,/__functional-colors,accented,keyboard-focus,0,pass,8.259964433257608,"[107.999895, 218.00001, 117.00012, 1]","[40.99992, 40.99992, 40.99992, 1]",
recommended,dark,Button,,success,link,base/label,/__functional-colors,accented,keyboard-active+focus,0,pass,8.259964433257608,"[107.999895, 218.00001, 117.00012, 1]","[40.99992, 40.99992, 40.99992, 1]",
recommended,dark,Button,,success,link,base/label,/__functional-colors,accented,focus+hover,0,pass,8.259964433257608,"[107.999895, 218.00001, 117.00012, 1]","[40.99992, 40.99992, 40.99992, 1]",
recommended,dark,semantic text,,info,,text,/__functional-colors,accented,idle,0,pass,6.1360143869647,"[82.000095, 174.000015, 255, 1]","[40.99992, 40.99992, 40.99992, 1]",
recommended,dark,Badge,,info,solid,base,/__functional-colors,accented,idle,0,pass,7.555341088832712,"[23.079922500000002, 23.0863485, 23.086935, 1]","[82.000095, 174.000015, 255, 1]",
recommended,dark,Alert,,info,solid,title,/__functional-colors,accented,idle,0,pass,7.555341088832712,"[23.079922500000002, 23.0863485, 23.086935, 1]","[82.000095, 174.000015, 255, 1]",
recommended,dark,Alert,,info,solid,description,/__functional-colors,accented,idle,0,pass,7.555341088832712,"[23.079922500000002, 23.0863485, 23.086935, 1]","[82.000095, 174.000015, 255, 1]",
recommended,dark,Badge,,info,outline,base,/__functional-colors,accented,idle,0,pass,6.1360143869647,"[82.000095, 174.000015, 255, 1]","[40.99992, 40.99992, 40.99992, 1]",
recommended,dark,Alert,,info,outline,title,/__functional-colors,accented,idle,0,pass,6.1360143869647,"[82.000095, 174.000015, 255, 1]","[40.99992, 40.99992, 40.99992, 1]",
recommended,dark,Alert,,info,outline,description,/__functional-colors,accented,idle,0,pass,6.1360143869647,"[82.000095, 174.000015, 255, 1]","[40.99992, 40.99992, 40.99992, 1]",
recommended,dark,Badge,,info,soft,base,/__functional-colors,accented,idle,0,pass,5.162312272573353,"[82.000095, 174.000015, 255, 1]","[45.099963, 54.299929500000005, 62.399928, 1]",
recommended,dark,Alert,,info,soft,title,/__functional-colors,accented,idle,0,pass,5.162312272573353,"[82.000095, 174.000015, 255, 1]","[45.099963, 54.299929500000005, 62.399928, 1]",
recommended,dark,Alert,,info,soft,description,/__functional-colors,accented,idle,0,pass,5.162312272573353,"[82.000095, 174.000015, 255, 1]","[45.099963, 54.299929500000005, 62.399928, 1]",
recommended,dark,Badge,,info,subtle,base,/__functional-colors,accented,idle,0,pass,5.162312272573353,"[82.000095, 174.000015, 255, 1]","[45.099963, 54.299929500000005, 62.399928, 1]",
recommended,dark,Alert,,info,subtle,title,/__functional-colors,accented,idle,0,pass,5.162312272573353,"[82.000095, 174.000015, 255, 1]","[45.099963, 54.299929500000005, 62.399928, 1]",
recommended,dark,Alert,,info,subtle,description,/__functional-colors,accented,idle,0,pass,5.162312272573353,"[82.000095, 174.000015, 255, 1]","[45.099963, 54.299929500000005, 62.399928, 1]",
recommended,dark,Button,,info,solid,base/label,/__functional-colors,accented,idle,0,pass,7.555341088832712,"[23.079922500000002, 23.0863485, 23.086935, 1]","[82.000095, 174.000015, 255, 1]",
recommended,dark,Button,,info,solid,base/label,/__functional-colors,accented,hover,0,pass,8.25490771991566,"[23.079922500000002, 23.0863485, 23.086935, 1]","[99.30006, 182.10009, 255, 1]",
recommended,dark,Button,,info,solid,base/label,/__functional-colors,accented,active+hover,0,pass,9.022852423578826,"[23.079922500000002, 23.0863485, 23.086935, 1]","[116.600025, 190.19991000000002, 255, 1]",
recommended,dark,Button,,info,solid,base/label,/__functional-colors,accented,keyboard-focus,0,pass,7.555341088832712,"[23.079922500000002, 23.0863485, 23.086935, 1]","[82.000095, 174.000015, 255, 1]",
recommended,dark,Button,,info,solid,base/label,/__functional-colors,accented,keyboard-active+focus,0,pass,9.022852423578826,"[23.079922500000002, 23.0863485, 23.086935, 1]","[116.600025, 190.19991000000002, 255, 1]",
recommended,dark,Button,,info,solid,base/label,/__functional-colors,accented,focus+hover,0,pass,8.25490771991566,"[23.079922500000002, 23.0863485, 23.086935, 1]","[99.30006, 182.10009, 255, 1]",
recommended,dark,Button,,info,link,base/label,/__functional-colors,accented,idle,0,pass,6.1360143869647,"[82.000095, 174.000015, 255, 1]","[40.99992, 40.99992, 40.99992, 1]",
recommended,dark,Button,,info,link,base/label,/__functional-colors,accented,hover,0,pass,6.1360143869647,"[82.000095, 174.000015, 255, 1]","[40.99992, 40.99992, 40.99992, 1]",
recommended,dark,Button,,info,link,base/label,/__functional-colors,accented,active+hover,0,pass,6.1360143869647,"[82.000095, 174.000015, 255, 1]","[40.99992, 40.99992, 40.99992, 1]",
recommended,dark,Button,,info,link,base/label,/__functional-colors,accented,keyboard-focus,0,pass,6.1360143869647,"[82.000095, 174.000015, 255, 1]","[40.99992, 40.99992, 40.99992, 1]",
recommended,dark,Button,,info,link,base/label,/__functional-colors,accented,keyboard-active+focus,0,pass,6.1360143869647,"[82.000095, 174.000015, 255, 1]","[40.99992, 40.99992, 40.99992, 1]",
recommended,dark,Button,,info,link,base/label,/__functional-colors,accented,focus+hover,0,pass,6.1360143869647,"[82.000095, 174.000015, 255, 1]","[40.99992, 40.99992, 40.99992, 1]",
recommended,dark,semantic text,,warning,,text,/__functional-colors,accented,idle,0,pass,8.101310025316701,"[244.000065, 182.999985, 63.9999, 1]","[40.99992, 40.99992, 40.99992, 1]",
recommended,dark,Badge,,warning,solid,base,/__functional-colors,accented,idle,0,pass,9.975230931282981,"[23.079922500000002, 23.0863485, 23.086935, 1]","[244.000065, 182.999985, 63.9999, 1]",
recommended,dark,Alert,,warning,solid,title,/__functional-colors,accented,idle,0,pass,9.975230931282981,"[23.079922500000002, 23.0863485, 23.086935, 1]","[244.000065, 182.999985, 63.9999, 1]",
recommended,dark,Alert,,warning,solid,description,/__functional-colors,accented,idle,0,pass,9.975230931282981,"[23.079922500000002, 23.0863485, 23.086935, 1]","[244.000065, 182.999985, 63.9999, 1]",
recommended,dark,Badge,,warning,outline,base,/__functional-colors,accented,idle,0,pass,8.101310025316701,"[244.000065, 182.999985, 63.9999, 1]","[40.99992, 40.99992, 40.99992, 1]",
recommended,dark,Alert,,warning,outline,title,/__functional-colors,accented,idle,0,pass,8.101310025316701,"[244.000065, 182.999985, 63.9999, 1]","[40.99992, 40.99992, 40.99992, 1]",
recommended,dark,Alert,,warning,outline,description,/__functional-colors,accented,idle,0,pass,8.101310025316701,"[244.000065, 182.999985, 63.9999, 1]","[40.99992, 40.99992, 40.99992, 1]",
recommended,dark,Badge,,warning,soft,base,/__functional-colors,accented,idle,0,pass,6.547852437480224,"[244.000065, 182.999985, 63.9999, 1]","[61.299909, 55.199926500000004, 43.299969000000004, 1]",
recommended,dark,Alert,,warning,soft,title,/__functional-colors,accented,idle,0,pass,6.547852437480224,"[244.000065, 182.999985, 63.9999, 1]","[61.299909, 55.199926500000004, 43.299969000000004, 1]",
recommended,dark,Alert,,warning,soft,description,/__functional-colors,accented,idle,0,pass,6.547852437480224,"[244.000065, 182.999985, 63.9999, 1]","[61.299909, 55.199926500000004, 43.299969000000004, 1]",
recommended,dark,Badge,,warning,subtle,base,/__functional-colors,accented,idle,0,pass,6.547852437480224,"[244.000065, 182.999985, 63.9999, 1]","[61.299909, 55.199926500000004, 43.299969000000004, 1]",
recommended,dark,Alert,,warning,subtle,title,/__functional-colors,accented,idle,0,pass,6.547852437480224,"[244.000065, 182.999985, 63.9999, 1]","[61.299909, 55.199926500000004, 43.299969000000004, 1]",
recommended,dark,Alert,,warning,subtle,description,/__functional-colors,accented,idle,0,pass,6.547852437480224,"[244.000065, 182.999985, 63.9999, 1]","[61.299909, 55.199926500000004, 43.299969000000004, 1]",
recommended,dark,Button,,warning,solid,base/label,/__functional-colors,accented,idle,0,pass,9.975230931282981,"[23.079922500000002, 23.0863485, 23.086935, 1]","[244.000065, 182.999985, 63.9999, 1]",
recommended,dark,Button,,warning,solid,base/label,/__functional-colors,accented,hover,0,pass,10.57231933351847,"[23.079922500000002, 23.0863485, 23.086935, 1]","[245.09988, 190.19991000000002, 83.09991, 1]",
recommended,dark,Button,,warning,solid,base/label,/__functional-colors,accented,active+hover,0,pass,11.209803503319694,"[23.079922500000002, 23.0863485, 23.086935, 1]","[246.19995, 197.40009, 102.19991999999999, 1]",
recommended,dark,Button,,warning,solid,base/label,/__functional-colors,accented,keyboard-focus,0,pass,9.975230931282981,"[23.079922500000002, 23.0863485, 23.086935, 1]","[244.000065, 182.999985, 63.9999, 1]",
recommended,dark,Button,,warning,solid,base/label,/__functional-colors,accented,keyboard-active+focus,0,pass,11.209803503319694,"[23.079922500000002, 23.0863485, 23.086935, 1]","[246.19995, 197.40009, 102.19991999999999, 1]",
recommended,dark,Button,,warning,solid,base/label,/__functional-colors,accented,focus+hover,0,pass,10.57231933351847,"[23.079922500000002, 23.0863485, 23.086935, 1]","[245.09988, 190.19991000000002, 83.09991, 1]",
recommended,dark,Button,,warning,link,base/label,/__functional-colors,accented,idle,0,pass,8.101310025316701,"[244.000065, 182.999985, 63.9999, 1]","[40.99992, 40.99992, 40.99992, 1]",
recommended,dark,Button,,warning,link,base/label,/__functional-colors,accented,hover,0,pass,8.101310025316701,"[244.000065, 182.999985, 63.9999, 1]","[40.99992, 40.99992, 40.99992, 1]",
recommended,dark,Button,,warning,link,base/label,/__functional-colors,accented,active+hover,0,pass,8.101310025316701,"[244.000065, 182.999985, 63.9999, 1]","[40.99992, 40.99992, 40.99992, 1]",
recommended,dark,Button,,warning,link,base/label,/__functional-colors,accented,keyboard-focus,0,pass,8.101310025316701,"[244.000065, 182.999985, 63.9999, 1]","[40.99992, 40.99992, 40.99992, 1]",
recommended,dark,Button,,warning,link,base/label,/__functional-colors,accented,keyboard-active+focus,0,pass,8.101310025316701,"[244.000065, 182.999985, 63.9999, 1]","[40.99992, 40.99992, 40.99992, 1]",
recommended,dark,Button,,warning,link,base/label,/__functional-colors,accented,focus+hover,0,pass,8.101310025316701,"[244.000065, 182.999985, 63.9999, 1]","[40.99992, 40.99992, 40.99992, 1]",
recommended,dark,semantic text,,error,,text,/__functional-colors,accented,idle,0,pass,6.208991379677504,"[255, 133.000095, 135.999915, 1]","[40.99992, 40.99992, 40.99992, 1]",
recommended,dark,Badge,,error,solid,base,/__functional-colors,accented,idle,0,pass,7.645198451741413,"[23.079922500000002, 23.0863485, 23.086935, 1]","[255, 133.000095, 135.999915, 1]",
recommended,dark,Alert,,error,solid,title,/__functional-colors,accented,idle,0,pass,7.645198451741413,"[23.079922500000002, 23.0863485, 23.086935, 1]","[255, 133.000095, 135.999915, 1]",
recommended,dark,Alert,,error,solid,description,/__functional-colors,accented,idle,0,pass,7.645198451741413,"[23.079922500000002, 23.0863485, 23.086935, 1]","[255, 133.000095, 135.999915, 1]",
recommended,dark,Badge,,error,outline,base,/__functional-colors,accented,idle,0,pass,6.208991379677504,"[255, 133.000095, 135.999915, 1]","[40.99992, 40.99992, 40.99992, 1]",
recommended,dark,Alert,,error,outline,title,/__functional-colors,accented,idle,0,pass,6.208991379677504,"[255, 133.000095, 135.999915, 1]","[40.99992, 40.99992, 40.99992, 1]",
recommended,dark,Alert,,error,outline,description,/__functional-colors,accented,idle,0,pass,6.208991379677504,"[255, 133.000095, 135.999915, 1]","[40.99992, 40.99992, 40.99992, 1]",
recommended,dark,Badge,,error,soft,base,/__functional-colors,accented,idle,0,pass,5.228967043872988,"[255, 133.000095, 135.999915, 1]","[62.399928, 50.199937500000004, 50.499945000000004, 1]",
recommended,dark,Alert,,error,soft,title,/__functional-colors,accented,idle,0,pass,5.228967043872988,"[255, 133.000095, 135.999915, 1]","[62.399928, 50.199937500000004, 50.499945000000004, 1]",
recommended,dark,Alert,,error,soft,description,/__functional-colors,accented,idle,0,pass,5.228967043872988,"[255, 133.000095, 135.999915, 1]","[62.399928, 50.199937500000004, 50.499945000000004, 1]",
recommended,dark,Badge,,error,subtle,base,/__functional-colors,accented,idle,0,pass,5.228967043872988,"[255, 133.000095, 135.999915, 1]","[62.399928, 50.199937500000004, 50.499945000000004, 1]",
recommended,dark,Alert,,error,subtle,title,/__functional-colors,accented,idle,0,pass,5.228967043872988,"[255, 133.000095, 135.999915, 1]","[62.399928, 50.199937500000004, 50.499945000000004, 1]",
recommended,dark,Alert,,error,subtle,description,/__functional-colors,accented,idle,0,pass,5.228967043872988,"[255, 133.000095, 135.999915, 1]","[62.399928, 50.199937500000004, 50.499945000000004, 1]",
recommended,dark,Button,,error,solid,base/label,/__functional-colors,accented,idle,0,pass,7.645198451741413,"[23.079922500000002, 23.0863485, 23.086935, 1]","[255, 133.000095, 135.999915, 1]",
recommended,dark,Button,,error,solid,base/label,/__functional-colors,accented,hover,0,pass,8.30957866051636,"[23.079922500000002, 23.0863485, 23.086935, 1]","[255, 145.20006, 147.89999999999998, 1]",
recommended,dark,Button,,error,solid,base/label,/__functional-colors,accented,active+hover,0,pass,9.04891554369144,"[23.079922500000002, 23.0863485, 23.086935, 1]","[255, 157.400025, 159.800085, 1]",
recommended,dark,Button,,error,solid,base/label,/__functional-colors,accented,keyboard-focus,0,pass,7.645198451741413,"[23.079922500000002, 23.0863485, 23.086935, 1]","[255, 133.000095, 135.999915, 1]",
recommended,dark,Button,,error,solid,base/label,/__functional-colors,accented,keyboard-active+focus,0,pass,9.04891554369144,"[23.079922500000002, 23.0863485, 23.086935, 1]","[255, 157.400025, 159.800085, 1]",
recommended,dark,Button,,error,solid,base/label,/__functional-colors,accented,focus+hover,0,pass,8.30957866051636,"[23.079922500000002, 23.0863485, 23.086935, 1]","[255, 145.20006, 147.89999999999998, 1]",
recommended,dark,Button,,error,link,base/label,/__functional-colors,accented,idle,0,pass,6.208991379677504,"[255, 133.000095, 135.999915, 1]","[40.99992, 40.99992, 40.99992, 1]",
recommended,dark,Button,,error,link,base/label,/__functional-colors,accented,hover,0,pass,6.208991379677504,"[255, 133.000095, 135.999915, 1]","[40.99992, 40.99992, 40.99992, 1]",
recommended,dark,Button,,error,link,base/label,/__functional-colors,accented,active+hover,0,pass,6.208991379677504,"[255, 133.000095, 135.999915, 1]","[40.99992, 40.99992, 40.99992, 1]",
recommended,dark,Button,,error,link,base/label,/__functional-colors,accented,keyboard-focus,0,pass,6.208991379677504,"[255, 133.000095, 135.999915, 1]","[40.99992, 40.99992, 40.99992, 1]",
recommended,dark,Button,,error,link,base/label,/__functional-colors,accented,keyboard-active+focus,0,pass,6.208991379677504,"[255, 133.000095, 135.999915, 1]","[40.99992, 40.99992, 40.99992, 1]",
recommended,dark,Button,,error,link,base/label,/__functional-colors,accented,focus+hover,0,pass,6.208991379677504,"[255, 133.000095, 135.999915, 1]","[40.99992, 40.99992, 40.99992, 1]",
recommended,dark,FormField,,error,,error,,accented,visible,0,pass,6.208991379677504,"[255, 133.000095, 135.999915, 1]","[40.99992, 40.99992, 40.99992, 1]",
recommended,dark,API fixture,F1,,,,,accented,idle,0,pass,6.208991379677504,"[255, 133.000095, 135.999915, 1]","[40.99992, 40.99992, 40.99992, 1]",
recommended,dark,API fixture,F2,,,,,accented,idle,0,pass,8.101310025316701,"[244.000065, 182.999985, 63.9999, 1]","[40.99992, 40.99992, 40.99992, 1]",
recommended,dark,API fixture,F5-field-caveat,,,,,accented,idle,0,pass,6.547852437480224,"[244.000065, 182.999985, 63.9999, 1]","[61.299909, 55.199926500000004, 43.299969000000004, 1]",
recommended,dark,API fixture,F5-field-caveat,,,,,accented,idle,1,pass,4.551121906832344,"[161.000115, 161.000115, 161.000115, 1]","[61.299909, 55.199926500000004, 43.299969000000004, 1]",
recommended,dark,API fixture,value-caveat,,,,,accented,idle,0,pass,6.547852437480224,"[244.000065, 182.999985, 63.9999, 1]","[61.299909, 55.199926500000004, 43.299969000000004, 1]",
recommended,dark,API fixture,value-caveat,,,,,accented,idle,1,pass,4.551121906832344,"[161.000115, 161.000115, 161.000115, 1]","[61.299909, 55.199926500000004, 43.299969000000004, 1]",
recommended,dark,ResponseExample,,,,status/statusText,,accented,single status visible,0,pass,7.9054395961421475,"[107.999895, 218.00001, 117.00012, 1]","[36.0000534, 47.0000649, 36.9000759, 1]",
recommended,dark,ResponseExample,,,,status/statusText,,accented,single status visible,1,pass,7.9054395961421475,"[107.999895, 218.00001, 117.00012, 1]","[36.0000534, 47.0000649, 36.9000759, 1]",
recommended,dark,ResponseExample,,,,status/statusText,,accented,single status visible,2,pass,6.095653619441885,"[82.000095, 174.000015, 255, 1]","[33.4000989, 42.6000654, 50.700063899999996, 1]",
recommended,dark,ResponseExample,,,,status/statusText,,accented,single status visible,3,pass,6.095653619441885,"[82.000095, 174.000015, 255, 1]","[33.4000989, 42.6000654, 50.700063899999996, 1]",
recommended,dark,ResponseExample,,,,status/statusText,,accented,single status visible,4,pass,7.760385422077901,"[244.000065, 182.999985, 63.9999, 1]","[49.6000449, 43.5000624, 31.600104899999998, 1]",
recommended,dark,ResponseExample,,,,status/statusText,,accented,single status visible,5,pass,7.760385422077901,"[244.000065, 182.999985, 63.9999, 1]","[49.6000449, 43.5000624, 31.600104899999998, 1]",
recommended,dark,ResponseExample,,,,status/statusText,,accented,single status visible,6,pass,6.172862001320169,"[255, 133.000095, 135.999915, 1]","[50.700063899999996, 38.500073400000005, 38.8000809, 1]",
recommended,dark,ResponseExample,,,,status/statusText,,accented,single status visible,7,pass,6.172862001320169,"[255, 133.000095, 135.999915, 1]","[50.700063899999996, 38.500073400000005, 38.8000809, 1]",
recommended,dark,LifecycleNotice,,,,,,accented,idle,0,pass,6.547852437480224,"[244.000065, 182.999985, 63.9999, 1]","[61.299909, 55.199926500000004, 43.299969000000004, 1]",
recommended,dark,LifecycleNotice,,,,,,accented,idle,1,pass,6.547852437480224,"[244.000065, 182.999985, 63.9999, 1]","[61.299909, 55.199926500000004, 43.299969000000004, 1]",
recommended,dark,LifecycleNotice,,,,,,accented,idle,2,pass,6.670867594290186,"[107.999895, 218.00001, 117.00012, 1]","[47.699917500000005, 58.699929000000004, 48.599940000000004, 1]",
recommended,dark,LifecycleNotice,,,,,,accented,idle,3,pass,6.670867594290186,"[107.999895, 218.00001, 117.00012, 1]","[47.699917500000005, 58.699929000000004, 48.599940000000004, 1]",
recommended,dark,LifecycleNotice,,,,,,accented,idle,4,pass,6.547852437480224,"[244.000065, 182.999985, 63.9999, 1]","[61.299909, 55.199926500000004, 43.299969000000004, 1]",
recommended,dark,LifecycleNotice,,,,,,accented,idle,5,pass,6.547852437480224,"[244.000065, 182.999985, 63.9999, 1]","[61.299909, 55.199926500000004, 43.299969000000004, 1]",
recommended,dark,LifecycleNotice,,,,,,accented,idle,6,pass,15.52290896091668,"[255, 255, 255, 1]","[36.0000075, 36.0000075, 36.0000075, 1]",
recommended,dark,LifecycleNotice,,,,,,accented,idle,7,pass,12.797359293406371,"[233.10000075, 233.10000075, 233.10000075, 1]","[36.0000075, 36.0000075, 36.0000075, 1]",
recommended,dark,LifecycleNotice,,,,,,accented,idle,8,pass,5.228967043872988,"[255, 133.000095, 135.999915, 1]","[62.399928, 50.199937500000004, 50.499945000000004, 1]",
recommended,dark,LifecycleNotice,,,,,,accented,idle,9,pass,5.228967043872988,"[255, 133.000095, 135.999915, 1]","[62.399928, 50.199937500000004, 50.499945000000004, 1]",
recommended,dark,FieldAnnotation,,,,required,,portal own bg-default,open,0,pass,8.449594779719497,"[255, 133.000095, 135.999915, 1]","[10.0000035, 10.0000035, 10.0000035, 1]",
recommended,dark,FieldAnnotation,,,,conditional,,portal own bg-default,open,0,pass,11.024783690770832,"[244.000065, 182.999985, 63.9999, 1]","[10.0000035, 10.0000035, 10.0000035, 1]",
recommended,dark,FormField,,error,,required ::after,,default,,,unverified,,,,Existing measure has no generated-content glyph geometry; computed pseudo retained without claiming ratio.
recommended,dark,FormField required+error,,,,error,,default,required marker present,0,unresolved,,,,"Error: locator.evaluate: Error: unresolved: unmodeled ::after on LABEL
    at fail (eval at evaluate (:311:30), <anonymous>:152:13)
    at supportedPseudos (eval at evaluate (:311:30), <anonymous>:395:475)
    at eval (eval at evaluate (:311:30), <anonymous>:493:13)
    at UtilityScript.evaluate (<anonymous>:313:16)
    at UtilityScript.<anonymous> (<anonymous>:1:44)"
recommended,dark,FormField,,error,,required ::after,,muted,,,unverified,,,,Existing measure has no generated-content glyph geometry; computed pseudo retained without claiming ratio.
recommended,dark,FormField required+error,,,,error,,muted,required marker present,0,unresolved,,,,"Error: locator.evaluate: Error: unresolved: unmodeled ::after on LABEL
    at fail (eval at evaluate (:311:30), <anonymous>:152:13)
    at supportedPseudos (eval at evaluate (:311:30), <anonymous>:395:475)
    at eval (eval at evaluate (:311:30), <anonymous>:493:13)
    at UtilityScript.evaluate (<anonymous>:313:16)
    at UtilityScript.<anonymous> (<anonymous>:1:44)"
recommended,dark,FormField,,error,,required ::after,,elevated,,,unverified,,,,Existing measure has no generated-content glyph geometry; computed pseudo retained without claiming ratio.
recommended,dark,FormField required+error,,,,error,,elevated,required marker present,0,unresolved,,,,"Error: locator.evaluate: Error: unresolved: unmodeled ::after on LABEL
    at fail (eval at evaluate (:311:30), <anonymous>:152:13)
    at supportedPseudos (eval at evaluate (:311:30), <anonymous>:395:475)
    at eval (eval at evaluate (:311:30), <anonymous>:493:13)
    at UtilityScript.evaluate (<anonymous>:313:16)
    at UtilityScript.<anonymous> (<anonymous>:1:44)"
recommended,dark,FormField,,error,,required ::after,,accented,,,unverified,,,,Existing measure has no generated-content glyph geometry; computed pseudo retained without claiming ratio.
recommended,dark,FormField required+error,,,,error,,accented,required marker present,0,unresolved,,,,"Error: locator.evaluate: Error: unresolved: unmodeled ::after on LABEL
    at fail (eval at evaluate (:311:30), <anonymous>:152:13)
    at supportedPseudos (eval at evaluate (:311:30), <anonymous>:395:475)
    at eval (eval at evaluate (:311:30), <anonymous>:493:13)
    at UtilityScript.evaluate (<anonymous>:313:16)
    at UtilityScript.<anonymous> (<anonymous>:1:44)"
recommended,dark,,F1,error,,,/kits/api-docs,actual page layers,visible idle,0,pass,8.449594779719497,"[255, 133.000095, 135.999915, 1]","[10.0000035, 10.0000035, 10.0000035, 1]",
recommended,dark,,F1,error,,,/kits/api-docs,actual page layers,visible idle,1,pass,8.449594779719497,"[255, 133.000095, 135.999915, 1]","[10.0000035, 10.0000035, 10.0000035, 1]",
recommended,dark,,F1,error,,,/kits/api-docs,actual page layers,visible idle,2,pass,8.449594779719497,"[255, 133.000095, 135.999915, 1]","[10.0000035, 10.0000035, 10.0000035, 1]",
recommended,dark,,F2,warning,,,/kits/api-docs,actual page layers,visible idle,0,pass,11.024783690770832,"[244.000065, 182.999985, 63.9999, 1]","[10.0000035, 10.0000035, 10.0000035, 1]",
recommended,dark,,F2,warning,,,/kits/api-docs,actual page layers,visible idle,1,pass,11.024783690770832,"[244.000065, 182.999985, 63.9999, 1]","[10.0000035, 10.0000035, 10.0000035, 1]",
recommended,dark,,F2,warning,,,/kits/api-docs,actual page layers,visible idle,2,pass,11.024783690770832,"[244.000065, 182.999985, 63.9999, 1]","[10.0000035, 10.0000035, 10.0000035, 1]",
recommended,dark,,F3,info,,,/kits/api-docs,actual page layers,visible idle,0,pass,7.385846572542687,"[82.000095, 174.000015, 255, 1]","[17.20003815, 26.40000465, 34.50000315, 1]",
recommended,dark,,F4,success,,,/kits/api-docs,actual page layers,visible idle,0,pass,9.663333524293087,"[107.999895, 218.00001, 117.00012, 1]","[19.79999265, 30.80000415, 20.70001515, 1]",
recommended,dark,,F4,success,,,/kits/api-docs,actual page layers,visible idle,1,pass,9.663333524293087,"[107.999895, 218.00001, 117.00012, 1]","[19.79999265, 30.80000415, 20.70001515, 1]",
recommended,dark,,F4,success,,,/kits/api-docs,actual page layers,visible idle,2,pass,9.663333524293087,"[107.999895, 218.00001, 117.00012, 1]","[19.79999265, 30.80000415, 20.70001515, 1]",
recommended,dark,,F4,success,,,/kits/api-docs,actual page layers,visible idle,3,pass,9.663333524293087,"[107.999895, 218.00001, 117.00012, 1]","[19.79999265, 30.80000415, 20.70001515, 1]",
recommended,dark,,F4,success,,,/kits/api-docs,actual page layers,visible idle,4,pass,9.663333524293087,"[107.999895, 218.00001, 117.00012, 1]","[19.79999265, 30.80000415, 20.70001515, 1]",
recommended,dark,,F4,success,,,/kits/api-docs,actual page layers,visible idle,5,pass,9.663333524293087,"[107.999895, 218.00001, 117.00012, 1]","[19.79999265, 30.80000415, 20.70001515, 1]",
recommended,dark,,F4,success,,,/kits/api-docs,actual page layers,visible idle,6,pass,9.663333524293087,"[107.999895, 218.00001, 117.00012, 1]","[19.79999265, 30.80000415, 20.70001515, 1]",
recommended,dark,,F5,warning,,,/kits/api-docs,actual page layers,visible idle,0,pass,9.48682753567006,"[244.000065, 182.999985, 63.9999, 1]","[33.39998415, 27.30000165, 15.40004415, 1]",
recommended,dark,,F5,warning,,,/kits/api-docs,actual page layers,visible idle,1,pass,9.48682753567006,"[244.000065, 182.999985, 63.9999, 1]","[33.39998415, 27.30000165, 15.40004415, 1]",
recommended,dark,,F5,warning,,,/kits/api-docs,actual page layers,visible idle,2,pass,9.48682753567006,"[244.000065, 182.999985, 63.9999, 1]","[33.39998415, 27.30000165, 15.40004415, 1]",
recommended,dark,,F5,warning,,,/kits/api-docs,actual page layers,visible idle,3,pass,9.48682753567006,"[244.000065, 182.999985, 63.9999, 1]","[33.39998415, 27.30000165, 15.40004415, 1]",
recommended,dark,,F5,warning,,,/kits/api-docs,actual page layers,visible idle,4,pass,9.48682753567006,"[244.000065, 182.999985, 63.9999, 1]","[33.39998415, 27.30000165, 15.40004415, 1]",
recommended,dark,,F6,secondary,,,/kits/api-docs,actual page layers,visible idle,0,pass,10.108178889571581,"[68.99994, 221.99994, 196.999995, 1]","[15.90002265, 31.19999715, 28.700002650000002, 1]",
recommended,dark,,F7,error,,,/kits/api-docs,actual page layers,visible idle,0,pass,7.475920865733439,"[255, 133.000095, 135.999915, 1]","[34.50000315, 22.30001265, 22.60002015, 1]",
recommended,dark,,F8,error,,,/kits/api-docs,actual page layers,visible idle,0,pass,7.645198451741413,"[23.079922500000002, 23.0863485, 23.086935, 1]","[255, 133.000095, 135.999915, 1]",
recommended,dark,,F9,success,,,/kits/api-docs,actual page layers,visible idle,0,pass,7.9054395961421475,"[107.999895, 218.00001, 117.00012, 1]","[36.0000534, 47.0000649, 36.9000759, 1]",
recommended,dark,,F9,success,,,/kits/api-docs,actual page layers,visible idle,1,pass,7.9054395961421475,"[107.999895, 218.00001, 117.00012, 1]","[36.0000534, 47.0000649, 36.9000759, 1]",
recommended,dark,,F9,success,,,/kits/api-docs,actual page layers,visible idle,2,pass,7.9054395961421475,"[107.999895, 218.00001, 117.00012, 1]","[36.0000534, 47.0000649, 36.9000759, 1]",
recommended,dark,,response-statusText,,,,/kits/api-docs,actual page layers,visible idle,0,pass,7.9054395961421475,"[107.999895, 218.00001, 117.00012, 1]","[36.0000534, 47.0000649, 36.9000759, 1]",
recommended,dark,,response-statusText,,,,/kits/api-docs,actual page layers,visible idle,1,pass,7.9054395961421475,"[107.999895, 218.00001, 117.00012, 1]","[36.0000534, 47.0000649, 36.9000759, 1]",
recommended,dark,,actual-page-alert,,,,/kits/api-docs,actual page layers,visible idle,0,pass,18.342311589864977,"[255, 255, 255, 1]","[20.50004925, 20.50004925, 20.50004925, 1]",
recommended,dark,,actual-page-alert,,,,/kits/api-docs,actual page layers,visible idle,1,pass,14.90818494089761,"[231.550004925, 231.550004925, 231.550004925, 1]","[20.50004925, 20.50004925, 20.50004925, 1]",
recommended,dark,,F1,error,,,/kits/api-docs/endpoint-reference,actual page layers,visible idle,0,pass,8.449594779719497,"[255, 133.000095, 135.999915, 1]","[10.0000035, 10.0000035, 10.0000035, 1]",
recommended,dark,,F1,error,,,/kits/api-docs/endpoint-reference,actual page layers,visible idle,1,pass,8.449594779719497,"[255, 133.000095, 135.999915, 1]","[10.0000035, 10.0000035, 10.0000035, 1]",
recommended,dark,,F1,error,,,/kits/api-docs/endpoint-reference,actual page layers,visible idle,2,pass,8.449594779719497,"[255, 133.000095, 135.999915, 1]","[10.0000035, 10.0000035, 10.0000035, 1]",
recommended,dark,,F1,error,,,/kits/api-docs/endpoint-reference,actual page layers,visible idle,3,pass,8.449594779719497,"[255, 133.000095, 135.999915, 1]","[10.0000035, 10.0000035, 10.0000035, 1]",
recommended,dark,,F1,error,,,/kits/api-docs/endpoint-reference,actual page layers,visible idle,4,pass,8.449594779719497,"[255, 133.000095, 135.999915, 1]","[10.0000035, 10.0000035, 10.0000035, 1]",
recommended,dark,,F1,error,,,/kits/api-docs/endpoint-reference,actual page layers,visible idle,5,pass,8.449594779719497,"[255, 133.000095, 135.999915, 1]","[10.0000035, 10.0000035, 10.0000035, 1]",
recommended,dark,,F1,error,,,/kits/api-docs/endpoint-reference,actual page layers,visible idle,6,pass,8.449594779719497,"[255, 133.000095, 135.999915, 1]","[10.0000035, 10.0000035, 10.0000035, 1]",
recommended,dark,,F1,error,,,/kits/api-docs/endpoint-reference,actual page layers,visible idle,7,pass,8.449594779719497,"[255, 133.000095, 135.999915, 1]","[10.0000035, 10.0000035, 10.0000035, 1]",
recommended,dark,,F1,error,,,/kits/api-docs/endpoint-reference,actual page layers,visible idle,8,pass,8.449594779719497,"[255, 133.000095, 135.999915, 1]","[10.0000035, 10.0000035, 10.0000035, 1]",
recommended,dark,,F2,warning,,,/kits/api-docs/endpoint-reference,actual page layers,visible idle,0,pass,11.024783690770832,"[244.000065, 182.999985, 63.9999, 1]","[10.0000035, 10.0000035, 10.0000035, 1]",
recommended,dark,,F2,warning,,,/kits/api-docs/endpoint-reference,actual page layers,visible idle,1,pass,11.024783690770832,"[244.000065, 182.999985, 63.9999, 1]","[10.0000035, 10.0000035, 10.0000035, 1]",
recommended,dark,,F3,info,,,/kits/api-docs/endpoint-reference,actual page layers,visible idle,0,pass,7.385846572542687,"[82.000095, 174.000015, 255, 1]","[17.20003815, 26.40000465, 34.50000315, 1]",
recommended,dark,,F3,info,,,/kits/api-docs/endpoint-reference,actual page layers,visible idle,1,pass,7.385846572542687,"[82.000095, 174.000015, 255, 1]","[17.20003815, 26.40000465, 34.50000315, 1]",
recommended,dark,,F4,success,,,/kits/api-docs/endpoint-reference,actual page layers,visible idle,0,pass,9.663333524293087,"[107.999895, 218.00001, 117.00012, 1]","[19.79999265, 30.80000415, 20.70001515, 1]",
recommended,dark,,F4,success,,,/kits/api-docs/endpoint-reference,actual page layers,visible idle,1,pass,9.663333524293087,"[107.999895, 218.00001, 117.00012, 1]","[19.79999265, 30.80000415, 20.70001515, 1]",
recommended,dark,,F5,warning,,,/kits/api-docs/endpoint-reference,actual page layers,visible idle,0,pass,9.48682753567006,"[244.000065, 182.999985, 63.9999, 1]","[33.39998415, 27.30000165, 15.40004415, 1]",
recommended,dark,,F5-field-caveat,warning,,,/kits/api-docs/endpoint-reference,actual page layers,visible idle,0,pass,9.48682753567006,"[244.000065, 182.999985, 63.9999, 1]","[33.39998415, 27.30000165, 15.40004415, 1]",
recommended,dark,,F5-field-caveat,warning,,,/kits/api-docs/endpoint-reference,actual page layers,visible idle,1,pass,6.593873187610103,"[161.000115, 161.000115, 161.000115, 1]","[33.39998415, 27.30000165, 15.40004415, 1]",
recommended,dark,,F9,success,,,/kits/api-docs/endpoint-reference,actual page layers,visible idle,0,pass,7.9054395961421475,"[107.999895, 218.00001, 117.00012, 1]","[36.0000534, 47.0000649, 36.9000759, 1]",
recommended,dark,,F1,error,,,/kits/api-docs/webhook-reference,actual page layers,visible idle,0,pass,8.449594779719497,"[255, 133.000095, 135.999915, 1]","[10.0000035, 10.0000035, 10.0000035, 1]",
recommended,dark,,F1,error,,,/kits/api-docs/webhook-reference,actual page layers,visible idle,1,pass,8.449594779719497,"[255, 133.000095, 135.999915, 1]","[10.0000035, 10.0000035, 10.0000035, 1]",
recommended,dark,,F1,error,,,/kits/api-docs/webhook-reference,actual page layers,visible idle,2,pass,8.449594779719497,"[255, 133.000095, 135.999915, 1]","[10.0000035, 10.0000035, 10.0000035, 1]",
recommended,dark,,F1,error,,,/kits/api-docs/webhook-reference,actual page layers,visible idle,3,pass,8.449594779719497,"[255, 133.000095, 135.999915, 1]","[10.0000035, 10.0000035, 10.0000035, 1]",
recommended,dark,,F1,error,,,/kits/api-docs/webhook-reference,actual page layers,visible idle,4,pass,8.449594779719497,"[255, 133.000095, 135.999915, 1]","[10.0000035, 10.0000035, 10.0000035, 1]",
recommended,dark,,F1,error,,,/kits/api-docs/webhook-reference,actual page layers,visible idle,5,pass,8.449594779719497,"[255, 133.000095, 135.999915, 1]","[10.0000035, 10.0000035, 10.0000035, 1]",
recommended,dark,,F1,error,,,/kits/api-docs/webhook-reference,actual page layers,visible idle,6,pass,8.449594779719497,"[255, 133.000095, 135.999915, 1]","[10.0000035, 10.0000035, 10.0000035, 1]",
recommended,dark,,F1,error,,,/kits/api-docs/webhook-reference,actual page layers,visible idle,7,pass,8.449594779719497,"[255, 133.000095, 135.999915, 1]","[10.0000035, 10.0000035, 10.0000035, 1]",
recommended,dark,,F1,error,,,/kits/api-docs/webhook-reference,actual page layers,visible idle,8,pass,8.449594779719497,"[255, 133.000095, 135.999915, 1]","[10.0000035, 10.0000035, 10.0000035, 1]",
recommended,dark,,F9,success,,,/kits/api-docs/webhook-reference,actual page layers,visible idle,,unverified,,,,required selector matched zero nodes
amber-solid,light,semantic text,,primary,,text,/__functional-colors,default,idle,0,pass,7.121203584676938,"[107.00004, 47.999925000000005, 207.00007499999998, 1]","[255, 255, 255, 1]",
amber-solid,light,Badge,,primary,solid,base,/__functional-colors,default,idle,0,pass,7.121203584676938,"[255, 255, 255, 1]","[107.00004, 47.999925000000005, 207.00007499999998, 1]",
amber-solid,light,Alert,,primary,solid,title,/__functional-colors,default,idle,0,pass,7.121203584676938,"[255, 255, 255, 1]","[107.00004, 47.999925000000005, 207.00007499999998, 1]",
amber-solid,light,Alert,,primary,solid,description,/__functional-colors,default,idle,0,pass,7.121203584676938,"[255, 255, 255, 1]","[107.00004, 47.999925000000005, 207.00007499999998, 1]",
amber-solid,light,Badge,,primary,outline,base,/__functional-colors,default,idle,0,pass,7.121203584676938,"[107.00004, 47.999925000000005, 207.00007499999998, 1]","[255, 255, 255, 1]",
amber-solid,light,Alert,,primary,outline,title,/__functional-colors,default,idle,0,pass,7.121203584676938,"[107.00004, 47.999925000000005, 207.00007499999998, 1]","[255, 255, 255, 1]",
amber-solid,light,Alert,,primary,outline,description,/__functional-colors,default,idle,0,pass,7.121203584676938,"[107.00004, 47.999925000000005, 207.00007499999998, 1]","[255, 255, 255, 1]",
amber-solid,light,Badge,,primary,soft,base,/__functional-colors,default,idle,0,pass,6.069406917846665,"[107.00004, 47.999925000000005, 207.00007499999998, 1]","[240.200004, 234.2999925, 250.2000075, 1]",
amber-solid,light,Alert,,primary,soft,title,/__functional-colors,default,idle,0,pass,6.069406917846665,"[107.00004, 47.999925000000005, 207.00007499999998, 1]","[240.200004, 234.2999925, 250.2000075, 1]",
amber-solid,light,Alert,,primary,soft,description,/__functional-colors,default,idle,0,pass,6.069406917846665,"[107.00004, 47.999925000000005, 207.00007499999998, 1]","[240.200004, 234.2999925, 250.2000075, 1]",
amber-solid,light,Badge,,primary,subtle,base,/__functional-colors,default,idle,0,pass,6.069406917846665,"[107.00004, 47.999925000000005, 207.00007499999998, 1]","[240.200004, 234.2999925, 250.2000075, 1]",
amber-solid,light,Alert,,primary,subtle,title,/__functional-colors,default,idle,0,pass,6.069406917846665,"[107.00004, 47.999925000000005, 207.00007499999998, 1]","[240.200004, 234.2999925, 250.2000075, 1]",
amber-solid,light,Alert,,primary,subtle,description,/__functional-colors,default,idle,0,pass,6.069406917846665,"[107.00004, 47.999925000000005, 207.00007499999998, 1]","[240.200004, 234.2999925, 250.2000075, 1]",
amber-solid,light,Button,,primary,solid,base/label,/__functional-colors,default,idle,0,pass,7.121203584676938,"[255, 255, 255, 1]","[107.00004, 47.999925000000005, 207.00007499999998, 1]",
amber-solid,light,Button,,primary,solid,base/label,/__functional-colors,default,hover,0,pass,8.20095964623415,"[255, 255, 255, 1]","[96.299985, 43.20006, 186.29994, 1]",
amber-solid,light,Button,,primary,solid,base/label,/__functional-colors,default,active+hover,0,pass,9.450985594228746,"[255, 255, 255, 1]","[85.59993, 38.39994, 165.60005999999998, 1]",
amber-solid,light,Button,,primary,solid,base/label,/__functional-colors,default,keyboard-focus,0,pass,7.121203584676938,"[255, 255, 255, 1]","[107.00004, 47.999925000000005, 207.00007499999998, 1]",
amber-solid,light,Button,,primary,solid,base/label,/__functional-colors,default,keyboard-active+focus,0,pass,9.450985594228746,"[255, 255, 255, 1]","[85.59993, 38.39994, 165.60005999999998, 1]",
amber-solid,light,Button,,primary,solid,base/label,/__functional-colors,default,focus+hover,0,pass,8.20095964623415,"[255, 255, 255, 1]","[96.299985, 43.20006, 186.29994, 1]",
amber-solid,light,Button,,primary,link,base/label,/__functional-colors,default,idle,0,pass,7.121203584676938,"[107.00004, 47.999925000000005, 207.00007499999998, 1]","[255, 255, 255, 1]",
amber-solid,light,Button,,primary,link,base/label,/__functional-colors,default,hover,0,pass,7.121203584676938,"[107.00004, 47.999925000000005, 207.00007499999998, 1]","[255, 255, 255, 1]",
amber-solid,light,Button,,primary,link,base/label,/__functional-colors,default,active+hover,0,pass,7.121203584676938,"[107.00004, 47.999925000000005, 207.00007499999998, 1]","[255, 255, 255, 1]",
amber-solid,light,Button,,primary,link,base/label,/__functional-colors,default,keyboard-focus,0,pass,7.121203584676938,"[107.00004, 47.999925000000005, 207.00007499999998, 1]","[255, 255, 255, 1]",
amber-solid,light,Button,,primary,link,base/label,/__functional-colors,default,keyboard-active+focus,0,pass,7.121203584676938,"[107.00004, 47.999925000000005, 207.00007499999998, 1]","[255, 255, 255, 1]",
amber-solid,light,Button,,primary,link,base/label,/__functional-colors,default,focus+hover,0,pass,7.121203584676938,"[107.00004, 47.999925000000005, 207.00007499999998, 1]","[255, 255, 255, 1]",
amber-solid,light,semantic text,,secondary,,text,/__functional-colors,default,idle,0,pass,6.583058146676685,"[5.999997, 105.000075, 93.99988499999999, 1]","[255, 255, 255, 1]",
amber-solid,light,Badge,,secondary,solid,base,/__functional-colors,default,idle,0,pass,6.583058146676685,"[255, 255, 255, 1]","[5.999997, 105.000075, 93.99988499999999, 1]",
amber-solid,light,Alert,,secondary,solid,title,/__functional-colors,default,idle,0,pass,6.583058146676685,"[255, 255, 255, 1]","[5.999997, 105.000075, 93.99988499999999, 1]",
amber-solid,light,Alert,,secondary,solid,description,/__functional-colors,default,idle,0,pass,6.583058146676685,"[255, 255, 255, 1]","[5.999997, 105.000075, 93.99988499999999, 1]",
amber-solid,light,Badge,,secondary,outline,base,/__functional-colors,default,idle,0,pass,6.583058146676685,"[5.999997, 105.000075, 93.99988499999999, 1]","[255, 255, 255, 1]",
amber-solid,light,Alert,,secondary,outline,title,/__functional-colors,default,idle,0,pass,6.583058146676685,"[5.999997, 105.000075, 93.99988499999999, 1]","[255, 255, 255, 1]",
amber-solid,light,Alert,,secondary,outline,description,/__functional-colors,default,idle,0,pass,6.583058146676685,"[5.999997, 105.000075, 93.99988499999999, 1]","[255, 255, 255, 1]",
amber-solid,light,Badge,,secondary,soft,base,/__functional-colors,default,idle,0,pass,5.666809152561764,"[5.999997, 105.000075, 93.99988499999999, 1]","[230.100015, 239.999982, 238.8999885, 1]",
amber-solid,light,Alert,,secondary,soft,title,/__functional-colors,default,idle,0,pass,5.666809152561764,"[5.999997, 105.000075, 93.99988499999999, 1]","[230.100015, 239.999982, 238.8999885, 1]",
amber-solid,light,Alert,,secondary,soft,description,/__functional-colors,default,idle,0,pass,5.666809152561764,"[5.999997, 105.000075, 93.99988499999999, 1]","[230.100015, 239.999982, 238.8999885, 1]",
amber-solid,light,Badge,,secondary,subtle,base,/__functional-colors,default,idle,0,pass,5.666809152561764,"[5.999997, 105.000075, 93.99988499999999, 1]","[230.100015, 239.999982, 238.8999885, 1]",
amber-solid,light,Alert,,secondary,subtle,title,/__functional-colors,default,idle,0,pass,5.666809152561764,"[5.999997, 105.000075, 93.99988499999999, 1]","[230.100015, 239.999982, 238.8999885, 1]",
amber-solid,light,Alert,,secondary,subtle,description,/__functional-colors,default,idle,0,pass,5.666809152561764,"[5.999997, 105.000075, 93.99988499999999, 1]","[230.100015, 239.999982, 238.8999885, 1]",
amber-solid,light,Button,,secondary,solid,base/label,/__functional-colors,default,idle,0,pass,6.583058146676685,"[255, 255, 255, 1]","[5.999997, 105.000075, 93.99988499999999, 1]",
amber-solid,light,Button,,secondary,solid,base/label,/__functional-colors,default,hover,0,pass,7.620293273853335,"[255, 255, 255, 1]","[5.4000075, 94.49994, 84.60007499999999, 1]",
amber-solid,light,Button,,secondary,solid,base/label,/__functional-colors,default,active+hover,0,pass,8.836617659503887,"[255, 255, 255, 1]","[4.7999925, 84.00005999999999, 75.20001, 1]",
amber-solid,light,Button,,secondary,solid,base/label,/__functional-colors,default,keyboard-focus,0,pass,6.583058146676685,"[255, 255, 255, 1]","[5.999997, 105.000075, 93.99988499999999, 1]",
amber-solid,light,Button,,secondary,solid,base/label,/__functional-colors,default,keyboard-active+focus,0,pass,8.836617659503887,"[255, 255, 255, 1]","[4.7999925, 84.00005999999999, 75.20001, 1]",
amber-solid,light,Button,,secondary,solid,base/label,/__functional-colors,default,focus+hover,0,pass,7.620293273853335,"[255, 255, 255, 1]","[5.4000075, 94.49994, 84.60007499999999, 1]",
amber-solid,light,Button,,secondary,link,base/label,/__functional-colors,default,idle,0,pass,6.583058146676685,"[5.999997, 105.000075, 93.99988499999999, 1]","[255, 255, 255, 1]",
amber-solid,light,Button,,secondary,link,base/label,/__functional-colors,default,hover,0,pass,6.583058146676685,"[5.999997, 105.000075, 93.99988499999999, 1]","[255, 255, 255, 1]",
amber-solid,light,Button,,secondary,link,base/label,/__functional-colors,default,active+hover,0,pass,6.583058146676685,"[5.999997, 105.000075, 93.99988499999999, 1]","[255, 255, 255, 1]",
amber-solid,light,Button,,secondary,link,base/label,/__functional-colors,default,keyboard-focus,0,pass,6.583058146676685,"[5.999997, 105.000075, 93.99988499999999, 1]","[255, 255, 255, 1]",
amber-solid,light,Button,,secondary,link,base/label,/__functional-colors,default,keyboard-active+focus,0,pass,6.583058146676685,"[5.999997, 105.000075, 93.99988499999999, 1]","[255, 255, 255, 1]",
amber-solid,light,Button,,secondary,link,base/label,/__functional-colors,default,focus+hover,0,pass,6.583058146676685,"[5.999997, 105.000075, 93.99988499999999, 1]","[255, 255, 255, 1]",
amber-solid,light,semantic text,,success,,text,/__functional-colors,default,idle,0,pass,6.598209505797759,"[35.99988, 105.99993, 49.99989, 1]","[255, 255, 255, 1]",
amber-solid,light,Badge,,success,solid,base,/__functional-colors,default,idle,0,pass,6.598209505797759,"[255, 255, 255, 1]","[35.99988, 105.99993, 49.99989, 1]",
amber-solid,light,Alert,,success,solid,title,/__functional-colors,default,idle,0,pass,6.598209505797759,"[255, 255, 255, 1]","[35.99988, 105.99993, 49.99989, 1]",
amber-solid,light,Alert,,success,solid,description,/__functional-colors,default,idle,0,pass,6.598209505797759,"[255, 255, 255, 1]","[35.99988, 105.99993, 49.99989, 1]",
amber-solid,light,Badge,,success,outline,base,/__functional-colors,default,idle,0,pass,6.598209505797759,"[35.99988, 105.99993, 49.99989, 1]","[255, 255, 255, 1]",
amber-solid,light,Alert,,success,outline,title,/__functional-colors,default,idle,0,pass,6.598209505797759,"[35.99988, 105.99993, 49.99989, 1]","[255, 255, 255, 1]",
amber-solid,light,Alert,,success,outline,description,/__functional-colors,default,idle,0,pass,6.598209505797759,"[35.99988, 105.99993, 49.99989, 1]","[255, 255, 255, 1]",
amber-solid,light,Badge,,success,soft,base,/__functional-colors,default,idle,0,pass,5.6988948297528665,"[35.99988, 105.99993, 49.99989, 1]","[233.1000135, 240.099993, 234.499989, 1]",
amber-solid,light,Alert,,success,soft,title,/__functional-colors,default,idle,0,pass,5.6988948297528665,"[35.99988, 105.99993, 49.99989, 1]","[233.1000135, 240.099993, 234.499989, 1]",
amber-solid,light,Alert,,success,soft,description,/__functional-colors,default,idle,0,pass,5.6988948297528665,"[35.99988, 105.99993, 49.99989, 1]","[233.1000135, 240.099993, 234.499989, 1]",
amber-solid,light,Badge,,success,subtle,base,/__functional-colors,default,idle,0,pass,5.6988948297528665,"[35.99988, 105.99993, 49.99989, 1]","[233.1000135, 240.099993, 234.499989, 1]",
amber-solid,light,Alert,,success,subtle,title,/__functional-colors,default,idle,0,pass,5.6988948297528665,"[35.99988, 105.99993, 49.99989, 1]","[233.1000135, 240.099993, 234.499989, 1]",
amber-solid,light,Alert,,success,subtle,description,/__functional-colors,default,idle,0,pass,5.6988948297528665,"[35.99988, 105.99993, 49.99989, 1]","[233.1000135, 240.099993, 234.499989, 1]",
amber-solid,light,Button,,success,solid,base/label,/__functional-colors,default,idle,0,pass,6.598209505797759,"[255, 255, 255, 1]","[35.99988, 105.99993, 49.99989, 1]",
amber-solid,light,Button,,success,solid,base/label,/__functional-colors,default,hover,0,pass,7.630997421532101,"[255, 255, 255, 1]","[32.400045, 95.40009, 45.000105, 1]",
amber-solid,light,Button,,success,solid,base/label,/__functional-colors,default,active+hover,0,pass,8.840573607206386,"[255, 255, 255, 1]","[28.799955, 84.799995, 40.000065, 1]",
amber-solid,light,Button,,success,solid,base/label,/__functional-colors,default,keyboard-focus,0,pass,6.598209505797759,"[255, 255, 255, 1]","[35.99988, 105.99993, 49.99989, 1]",
amber-solid,light,Button,,success,solid,base/label,/__functional-colors,default,keyboard-active+focus,0,pass,8.840573607206386,"[255, 255, 255, 1]","[28.799955, 84.799995, 40.000065, 1]",
amber-solid,light,Button,,success,solid,base/label,/__functional-colors,default,focus+hover,0,pass,7.630997421532101,"[255, 255, 255, 1]","[32.400045, 95.40009, 45.000105, 1]",
amber-solid,light,Button,,success,link,base/label,/__functional-colors,default,idle,0,pass,6.598209505797759,"[35.99988, 105.99993, 49.99989, 1]","[255, 255, 255, 1]",
amber-solid,light,Button,,success,link,base/label,/__functional-colors,default,hover,0,pass,6.598209505797759,"[35.99988, 105.99993, 49.99989, 1]","[255, 255, 255, 1]",
amber-solid,light,Button,,success,link,base/label,/__functional-colors,default,active+hover,0,pass,6.598209505797759,"[35.99988, 105.99993, 49.99989, 1]","[255, 255, 255, 1]",
amber-solid,light,Button,,success,link,base/label,/__functional-colors,default,keyboard-focus,0,pass,6.598209505797759,"[35.99988, 105.99993, 49.99989, 1]","[255, 255, 255, 1]",
amber-solid,light,Button,,success,link,base/label,/__functional-colors,default,keyboard-active+focus,0,pass,6.598209505797759,"[35.99988, 105.99993, 49.99989, 1]","[255, 255, 255, 1]",
amber-solid,light,Button,,success,link,base/label,/__functional-colors,default,focus+hover,0,pass,6.598209505797759,"[35.99988, 105.99993, 49.99989, 1]","[255, 255, 255, 1]",
amber-solid,light,semantic text,,info,,text,/__functional-colors,default,idle,0,pass,6.70773789005006,"[0, 87.99999000000001, 188.99988, 1]","[255, 255, 255, 1]",
amber-solid,light,Badge,,info,solid,base,/__functional-colors,default,idle,0,pass,6.70773789005006,"[255, 255, 255, 1]","[0, 87.99999000000001, 188.99988, 1]",
amber-solid,light,Alert,,info,solid,title,/__functional-colors,default,idle,0,pass,6.70773789005006,"[255, 255, 255, 1]","[0, 87.99999000000001, 188.99988, 1]",
amber-solid,light,Alert,,info,solid,description,/__functional-colors,default,idle,0,pass,6.70773789005006,"[255, 255, 255, 1]","[0, 87.99999000000001, 188.99988, 1]",
amber-solid,light,Badge,,info,outline,base,/__functional-colors,default,idle,0,pass,6.70773789005006,"[0, 87.99999000000001, 188.99988, 1]","[255, 255, 255, 1]",
amber-solid,light,Alert,,info,outline,title,/__functional-colors,default,idle,0,pass,6.70773789005006,"[0, 87.99999000000001, 188.99988, 1]","[255, 255, 255, 1]",
amber-solid,light,Alert,,info,outline,description,/__functional-colors,default,idle,0,pass,6.70773789005006,"[0, 87.99999000000001, 188.99988, 1]","[255, 255, 255, 1]",
amber-solid,light,Badge,,info,soft,base,/__functional-colors,default,idle,0,pass,5.740959326668835,"[0, 87.99999000000001, 188.99988, 1]","[229.500054002625, 238.299999, 248.39996250000002, 1]",
amber-solid,light,Alert,,info,soft,title,/__functional-colors,default,idle,0,pass,5.740959326668835,"[0, 87.99999000000001, 188.99988, 1]","[229.500054002625, 238.299999, 248.39996250000002, 1]",
amber-solid,light,Alert,,info,soft,description,/__functional-colors,default,idle,0,pass,5.740959326668835,"[0, 87.99999000000001, 188.99988, 1]","[229.500054002625, 238.299999, 248.39996250000002, 1]",
amber-solid,light,Badge,,info,subtle,base,/__functional-colors,default,idle,0,pass,5.740959326668835,"[0, 87.99999000000001, 188.99988, 1]","[229.500054002625, 238.299999, 248.39996250000002, 1]",
amber-solid,light,Alert,,info,subtle,title,/__functional-colors,default,idle,0,pass,5.740959326668835,"[0, 87.99999000000001, 188.99988, 1]","[229.500054002625, 238.299999, 248.39996250000002, 1]",
amber-solid,light,Alert,,info,subtle,description,/__functional-colors,default,idle,0,pass,5.740959326668835,"[0, 87.99999000000001, 188.99988, 1]","[229.500054002625, 238.299999, 248.39996250000002, 1]",
amber-solid,light,Button,,info,solid,base/label,/__functional-colors,default,idle,0,pass,6.70773789005006,"[255, 255, 255, 1]","[0, 87.99999000000001, 188.99988, 1]",
amber-solid,light,Button,,info,solid,base/label,/__functional-colors,default,hover,0,pass,7.762298638770592,"[255, 255, 255, 1]","[0, 79.19994, 170.100045, 1]",
amber-solid,light,Button,,info,solid,base/label,/__functional-colors,default,active+hover,0,pass,8.996361336393038,"[255, 255, 255, 1]","[0, 70.39989, 151.19995500000002, 1]",
amber-solid,light,Button,,info,solid,base/label,/__functional-colors,default,keyboard-focus,0,pass,6.70773789005006,"[255, 255, 255, 1]","[0, 87.99999000000001, 188.99988, 1]",
amber-solid,light,Button,,info,solid,base/label,/__functional-colors,default,keyboard-active+focus,0,pass,8.996361336393038,"[255, 255, 255, 1]","[0, 70.39989, 151.19995500000002, 1]",
amber-solid,light,Button,,info,solid,base/label,/__functional-colors,default,focus+hover,0,pass,7.762298638770592,"[255, 255, 255, 1]","[0, 79.19994, 170.100045, 1]",
amber-solid,light,Button,,info,link,base/label,/__functional-colors,default,idle,0,pass,6.70773789005006,"[0, 87.99999000000001, 188.99988, 1]","[255, 255, 255, 1]",
amber-solid,light,Button,,info,link,base/label,/__functional-colors,default,hover,0,pass,6.70773789005006,"[0, 87.99999000000001, 188.99988, 1]","[255, 255, 255, 1]",
amber-solid,light,Button,,info,link,base/label,/__functional-colors,default,active+hover,0,pass,6.70773789005006,"[0, 87.99999000000001, 188.99988, 1]","[255, 255, 255, 1]",
amber-solid,light,Button,,info,link,base/label,/__functional-colors,default,keyboard-focus,0,pass,6.70773789005006,"[0, 87.99999000000001, 188.99988, 1]","[255, 255, 255, 1]",
amber-solid,light,Button,,info,link,base/label,/__functional-colors,default,keyboard-active+focus,0,pass,6.70773789005006,"[0, 87.99999000000001, 188.99988, 1]","[255, 255, 255, 1]",
amber-solid,light,Button,,info,link,base/label,/__functional-colors,default,focus+hover,0,pass,6.70773789005006,"[0, 87.99999000000001, 188.99988, 1]","[255, 255, 255, 1]",
amber-solid,light,semantic text,,warning,,text,/__functional-colors,default,idle,0,pass,8.001378676368077,"[123.00001499999999, 66.00012, 7.000005, 1]","[255, 255, 255, 1]",
amber-solid,light,Badge,,warning,solid,base,/__functional-colors,default,idle,0,pass,7.825457958425116,"[23.0000055, 23.0000055, 23.0000055, 1]","[232.999875, 154.999965, 23.999988, 1]",
amber-solid,light,Alert,,warning,solid,title,/__functional-colors,default,idle,0,pass,7.825457958425116,"[23.0000055, 23.0000055, 23.0000055, 1]","[232.999875, 154.999965, 23.999988, 1]",
amber-solid,light,Alert,,warning,solid,description,/__functional-colors,default,idle,0,pass,7.825457958425116,"[23.0000055, 23.0000055, 23.0000055, 1]","[232.999875, 154.999965, 23.999988, 1]",
amber-solid,light,Badge,,warning,outline,base,/__functional-colors,default,idle,0,pass,8.001378676368077,"[123.00001499999999, 66.00012, 7.000005, 1]","[255, 255, 255, 1]",
amber-solid,light,Alert,,warning,outline,title,/__functional-colors,default,idle,0,pass,8.001378676368077,"[123.00001499999999, 66.00012, 7.000005, 1]","[255, 255, 255, 1]",
amber-solid,light,Alert,,warning,outline,description,/__functional-colors,default,idle,0,pass,8.001378676368077,"[123.00001499999999, 66.00012, 7.000005, 1]","[255, 255, 255, 1]",
amber-solid,light,Badge,,warning,soft,base,/__functional-colors,default,idle,0,pass,6.828971228184585,"[123.00001499999999, 66.00012, 7.000005, 1]","[241.8000015, 236.100012, 230.2000107, 1]",
amber-solid,light,Alert,,warning,soft,title,/__functional-colors,default,idle,0,pass,6.828971228184585,"[123.00001499999999, 66.00012, 7.000005, 1]","[241.8000015, 236.100012, 230.2000107, 1]",
amber-solid,light,Alert,,warning,soft,description,/__functional-colors,default,idle,0,pass,6.828971228184585,"[123.00001499999999, 66.00012, 7.000005, 1]","[241.8000015, 236.100012, 230.2000107, 1]",
amber-solid,light,Badge,,warning,subtle,base,/__functional-colors,default,idle,0,pass,6.828971228184585,"[123.00001499999999, 66.00012, 7.000005, 1]","[241.8000015, 236.100012, 230.2000107, 1]",
amber-solid,light,Alert,,warning,subtle,title,/__functional-colors,default,idle,0,pass,6.828971228184585,"[123.00001499999999, 66.00012, 7.000005, 1]","[241.8000015, 236.100012, 230.2000107, 1]",
amber-solid,light,Alert,,warning,subtle,description,/__functional-colors,default,idle,0,pass,6.828971228184585,"[123.00001499999999, 66.00012, 7.000005, 1]","[241.8000015, 236.100012, 230.2000107, 1]",
amber-solid,light,Button,,warning,solid,base/label,/__functional-colors,default,idle,0,pass,7.825457958425116,"[23.0000055, 23.0000055, 23.0000055, 1]","[232.999875, 154.999965, 23.999988, 1]",
amber-solid,light,Button,,warning,solid,base/label,/__functional-colors,default,hover,0,pass,9.983286181075494,"[23.0000055, 23.0000055, 23.0000055, 1]","[244.000065, 182.999985, 63.9999, 1]",
amber-solid,light,Button,,warning,solid,base/label,/__functional-colors,default,active+hover,0,pass,12.322696666177878,"[23.0000055, 23.0000055, 23.0000055, 1]","[251.00007, 209.00004, 107.00004, 1]",
amber-solid,light,Button,,warning,solid,base/label,/__functional-colors,default,keyboard-focus,0,pass,7.825457958425116,"[23.0000055, 23.0000055, 23.0000055, 1]","[232.999875, 154.999965, 23.999988, 1]",
amber-solid,light,Button,,warning,solid,base/label,/__functional-colors,default,keyboard-active+focus,0,pass,12.322696666177878,"[23.0000055, 23.0000055, 23.0000055, 1]","[251.00007, 209.00004, 107.00004, 1]",
amber-solid,light,Button,,warning,solid,base/label,/__functional-colors,default,focus+hover,0,pass,9.983286181075494,"[23.0000055, 23.0000055, 23.0000055, 1]","[244.000065, 182.999985, 63.9999, 1]",
amber-solid,light,Button,,warning,link,base/label,/__functional-colors,default,idle,0,pass,8.001378676368077,"[123.00001499999999, 66.00012, 7.000005, 1]","[255, 255, 255, 1]",
amber-solid,light,Button,,warning,link,base/label,/__functional-colors,default,hover,0,pass,8.001378676368077,"[123.00001499999999, 66.00012, 7.000005, 1]","[255, 255, 255, 1]",
amber-solid,light,Button,,warning,link,base/label,/__functional-colors,default,active+hover,0,pass,8.001378676368077,"[123.00001499999999, 66.00012, 7.000005, 1]","[255, 255, 255, 1]",
amber-solid,light,Button,,warning,link,base/label,/__functional-colors,default,keyboard-focus,0,pass,8.001378676368077,"[123.00001499999999, 66.00012, 7.000005, 1]","[255, 255, 255, 1]",
amber-solid,light,Button,,warning,link,base/label,/__functional-colors,default,keyboard-active+focus,0,pass,8.001378676368077,"[123.00001499999999, 66.00012, 7.000005, 1]","[255, 255, 255, 1]",
amber-solid,light,Button,,warning,link,base/label,/__functional-colors,default,focus+hover,0,pass,8.001378676368077,"[123.00001499999999, 66.00012, 7.000005, 1]","[255, 255, 255, 1]",
amber-solid,light,semantic text,,error,,text,/__functional-colors,default,idle,0,pass,6.487119947951175,"[181.00002, 35.000024999999994, 40.99992, 1]","[255, 255, 255, 1]",
amber-solid,light,Badge,,error,solid,base,/__functional-colors,default,idle,0,pass,6.487119947951175,"[255, 255, 255, 1]","[181.00002, 35.000024999999994, 40.99992, 1]",
amber-solid,light,Alert,,error,solid,title,/__functional-colors,default,idle,0,pass,6.487119947951175,"[255, 255, 255, 1]","[181.00002, 35.000024999999994, 40.99992, 1]",
amber-solid,light,Alert,,error,solid,description,/__functional-colors,default,idle,0,pass,6.487119947951175,"[255, 255, 255, 1]","[181.00002, 35.000024999999994, 40.99992, 1]",
amber-solid,light,Badge,,error,outline,base,/__functional-colors,default,idle,0,pass,6.487119947951175,"[181.00002, 35.000024999999994, 40.99992, 1]","[255, 255, 255, 1]",
amber-solid,light,Alert,,error,outline,title,/__functional-colors,default,idle,0,pass,6.487119947951175,"[181.00002, 35.000024999999994, 40.99992, 1]","[255, 255, 255, 1]",
amber-solid,light,Alert,,error,outline,description,/__functional-colors,default,idle,0,pass,6.487119947951175,"[181.00002, 35.000024999999994, 40.99992, 1]","[255, 255, 255, 1]",
amber-solid,light,Badge,,error,soft,base,/__functional-colors,default,idle,0,pass,5.503473649450167,"[181.00002, 35.000024999999994, 40.99992, 1]","[247.600002, 232.999977, 233.599992, 1]",
amber-solid,light,Alert,,error,soft,title,/__functional-colors,default,idle,0,pass,5.503473649450167,"[181.00002, 35.000024999999994, 40.99992, 1]","[247.600002, 232.999977, 233.599992, 1]",
amber-solid,light,Alert,,error,soft,description,/__functional-colors,default,idle,0,pass,5.503473649450167,"[181.00002, 35.000024999999994, 40.99992, 1]","[247.600002, 232.999977, 233.599992, 1]",
amber-solid,light,Badge,,error,subtle,base,/__functional-colors,default,idle,0,pass,5.503473649450167,"[181.00002, 35.000024999999994, 40.99992, 1]","[247.600002, 232.999977, 233.599992, 1]",
amber-solid,light,Alert,,error,subtle,title,/__functional-colors,default,idle,0,pass,5.503473649450167,"[181.00002, 35.000024999999994, 40.99992, 1]","[247.600002, 232.999977, 233.599992, 1]",
amber-solid,light,Alert,,error,subtle,description,/__functional-colors,default,idle,0,pass,5.503473649450167,"[181.00002, 35.000024999999994, 40.99992, 1]","[247.600002, 232.999977, 233.599992, 1]",
amber-solid,light,Button,,error,solid,base/label,/__functional-colors,default,idle,0,pass,6.487119947951175,"[255, 255, 255, 1]","[181.00002, 35.000024999999994, 40.99992, 1]",
amber-solid,light,Button,,error,solid,base/label,/__functional-colors,default,hover,0,pass,7.545692556917561,"[255, 255, 255, 1]","[162.90012, 31.499895, 36.90003, 1]",
amber-solid,light,Button,,error,solid,base/label,/__functional-colors,default,active+hover,0,pass,8.793394550640816,"[255, 255, 255, 1]","[144.799965, 28.00002, 32.799884999999996, 1]",
amber-solid,light,Button,,error,solid,base/label,/__functional-colors,default,keyboard-focus,0,pass,6.487119947951175,"[255, 255, 255, 1]","[181.00002, 35.000024999999994, 40.99992, 1]",
amber-solid,light,Button,,error,solid,base/label,/__functional-colors,default,keyboard-active+focus,0,pass,8.793394550640816,"[255, 255, 255, 1]","[144.799965, 28.00002, 32.799884999999996, 1]",
amber-solid,light,Button,,error,solid,base/label,/__functional-colors,default,focus+hover,0,pass,7.545692556917561,"[255, 255, 255, 1]","[162.90012, 31.499895, 36.90003, 1]",
amber-solid,light,Button,,error,link,base/label,/__functional-colors,default,idle,0,pass,6.487119947951175,"[181.00002, 35.000024999999994, 40.99992, 1]","[255, 255, 255, 1]",
amber-solid,light,Button,,error,link,base/label,/__functional-colors,default,hover,0,pass,6.487119947951175,"[181.00002, 35.000024999999994, 40.99992, 1]","[255, 255, 255, 1]",
amber-solid,light,Button,,error,link,base/label,/__functional-colors,default,active+hover,0,pass,6.487119947951175,"[181.00002, 35.000024999999994, 40.99992, 1]","[255, 255, 255, 1]",
amber-solid,light,Button,,error,link,base/label,/__functional-colors,default,keyboard-focus,0,pass,6.487119947951175,"[181.00002, 35.000024999999994, 40.99992, 1]","[255, 255, 255, 1]",
amber-solid,light,Button,,error,link,base/label,/__functional-colors,default,keyboard-active+focus,0,pass,6.487119947951175,"[181.00002, 35.000024999999994, 40.99992, 1]","[255, 255, 255, 1]",
amber-solid,light,Button,,error,link,base/label,/__functional-colors,default,focus+hover,0,pass,6.487119947951175,"[181.00002, 35.000024999999994, 40.99992, 1]","[255, 255, 255, 1]",
amber-solid,light,FormField,,error,,error,,default,visible,0,pass,6.487119947951175,"[181.00002, 35.000024999999994, 40.99992, 1]","[255, 255, 255, 1]",
amber-solid,light,API fixture,F1,,,,,default,idle,0,pass,6.487119947951175,"[181.00002, 35.000024999999994, 40.99992, 1]","[255, 255, 255, 1]",
amber-solid,light,API fixture,F2,,,,,default,idle,0,pass,8.001378676368077,"[123.00001499999999, 66.00012, 7.000005, 1]","[255, 255, 255, 1]",
amber-solid,light,API fixture,F5-field-caveat,,,,,default,idle,0,pass,6.828971228184585,"[123.00001499999999, 66.00012, 7.000005, 1]","[241.8000015, 236.100012, 230.2000107, 1]",
amber-solid,light,API fixture,F5-field-caveat,,,,,default,idle,1,pass,6.668938572321896,"[82.000095, 82.000095, 82.000095, 1]","[241.8000015, 236.100012, 230.2000107, 1]",
amber-solid,light,API fixture,value-caveat,,,,,default,idle,0,pass,6.828971228184585,"[123.00001499999999, 66.00012, 7.000005, 1]","[241.8000015, 236.100012, 230.2000107, 1]",
amber-solid,light,API fixture,value-caveat,,,,,default,idle,1,pass,6.668938572321896,"[82.000095, 82.000095, 82.000095, 1]","[241.8000015, 236.100012, 230.2000107, 1]",
amber-solid,light,ResponseExample,,,,status/statusText,,default,single status visible,0,pass,5.328570108307233,"[35.99988, 105.99993, 49.99989, 1]","[225.7200279, 232.7201451, 227.12014109999998, 1]",
amber-solid,light,ResponseExample,,,,status/statusText,,default,single status visible,1,pass,5.328570108307233,"[35.99988, 105.99993, 49.99989, 1]","[225.7200279, 232.7201451, 227.12014109999998, 1]",
amber-solid,light,ResponseExample,,,,status/statusText,,default,single status visible,2,pass,5.366687132898906,"[0, 87.99999000000001, 188.99988, 1]","[222.120068402625, 230.9201511, 241.02011459999997, 1]",
amber-solid,light,ResponseExample,,,,status/statusText,,default,single status visible,3,pass,5.366687132898906,"[0, 87.99999000000001, 188.99988, 1]","[222.120068402625, 230.9201511, 241.02011459999997, 1]",
amber-solid,light,ResponseExample,,,,status/statusText,,default,single status visible,4,pass,6.38323345776271,"[123.00001499999999, 66.00012, 7.000005, 1]","[234.4200159, 228.72016409999998, 222.8201628, 1]",
amber-solid,light,ResponseExample,,,,status/statusText,,default,single status visible,5,pass,6.38323345776271,"[123.00001499999999, 66.00012, 7.000005, 1]","[234.4200159, 228.72016409999998, 222.8201628, 1]",
amber-solid,light,ResponseExample,,,,status/statusText,,default,single status visible,6,pass,5.143558260577679,"[181.00002, 35.000024999999994, 40.99992, 1]","[240.2200164, 225.62012909999999, 226.2201441, 1]",
amber-solid,light,ResponseExample,,,,status/statusText,,default,single status visible,7,pass,5.143558260577679,"[181.00002, 35.000024999999994, 40.99992, 1]","[240.2200164, 225.62012909999999, 226.2201441, 1]",
amber-solid,light,LifecycleNotice,,,,,,default,idle,0,pass,6.828971228184585,"[123.00001499999999, 66.00012, 7.000005, 1]","[241.8000015, 236.100012, 230.2000107, 1]",
amber-solid,light,LifecycleNotice,,,,,,default,idle,1,pass,6.828971228184585,"[123.00001499999999, 66.00012, 7.000005, 1]","[241.8000015, 236.100012, 230.2000107, 1]",
amber-solid,light,LifecycleNotice,,,,,,default,idle,2,pass,5.6988948297528665,"[35.99988, 105.99993, 49.99989, 1]","[233.1000135, 240.099993, 234.499989, 1]",
amber-solid,light,LifecycleNotice,,,,,,default,idle,3,pass,5.6988948297528665,"[35.99988, 105.99993, 49.99989, 1]","[233.1000135, 240.099993, 234.499989, 1]",
amber-solid,light,LifecycleNotice,,,,,,default,idle,4,pass,6.828971228184585,"[123.00001499999999, 66.00012, 7.000005, 1]","[241.8000015, 236.100012, 230.2000107, 1]",
amber-solid,light,LifecycleNotice,,,,,,default,idle,5,pass,6.828971228184585,"[123.00001499999999, 66.00012, 7.000005, 1]","[241.8000015, 236.100012, 230.2000107, 1]",
amber-solid,light,LifecycleNotice,,,,,,default,idle,6,pass,16.95443819582973,"[23.0000055, 23.0000055, 23.0000055, 1]","[248.4999225, 248.4999225, 248.4999225, 1]",
amber-solid,light,LifecycleNotice,,,,,,default,idle,7,pass,12.924186297738398,"[45.54999720000001, 45.54999720000001, 45.54999720000001, 1]","[248.4999225, 248.4999225, 248.4999225, 1]",
amber-solid,light,LifecycleNotice,,,,,,default,idle,8,pass,5.503473649450167,"[181.00002, 35.000024999999994, 40.99992, 1]","[247.600002, 232.999977, 233.599992, 1]",
amber-solid,light,LifecycleNotice,,,,,,default,idle,9,pass,5.503473649450167,"[181.00002, 35.000024999999994, 40.99992, 1]","[247.600002, 232.999977, 233.599992, 1]",
amber-solid,light,FieldAnnotation,,,,required,,portal own bg-default,open,0,pass,6.487119947951175,"[181.00002, 35.000024999999994, 40.99992, 1]","[255, 255, 255, 1]",
amber-solid,light,FieldAnnotation,,,,conditional,,portal own bg-default,open,0,pass,8.001378676368077,"[123.00001499999999, 66.00012, 7.000005, 1]","[255, 255, 255, 1]",
amber-solid,light,semantic text,,primary,,text,/__functional-colors,muted,idle,0,pass,6.8226081656787105,"[107.00004, 47.999925000000005, 207.00007499999998, 1]","[249.99996000000002, 249.99996000000002, 249.99996000000002, 1]",
amber-solid,light,Badge,,primary,solid,base,/__functional-colors,muted,idle,0,pass,7.121203584676938,"[255, 255, 255, 1]","[107.00004, 47.999925000000005, 207.00007499999998, 1]",
amber-solid,light,Alert,,primary,solid,title,/__functional-colors,muted,idle,0,pass,7.121203584676938,"[255, 255, 255, 1]","[107.00004, 47.999925000000005, 207.00007499999998, 1]",
amber-solid,light,Alert,,primary,solid,description,/__functional-colors,muted,idle,0,pass,7.121203584676938,"[255, 255, 255, 1]","[107.00004, 47.999925000000005, 207.00007499999998, 1]",
amber-solid,light,Badge,,primary,outline,base,/__functional-colors,muted,idle,0,pass,6.8226081656787105,"[107.00004, 47.999925000000005, 207.00007499999998, 1]","[249.99996000000002, 249.99996000000002, 249.99996000000002, 1]",
amber-solid,light,Alert,,primary,outline,title,/__functional-colors,muted,idle,0,pass,6.8226081656787105,"[107.00004, 47.999925000000005, 207.00007499999998, 1]","[249.99996000000002, 249.99996000000002, 249.99996000000002, 1]",
amber-solid,light,Alert,,primary,outline,description,/__functional-colors,muted,idle,0,pass,6.8226081656787105,"[107.00004, 47.999925000000005, 207.00007499999998, 1]","[249.99996000000002, 249.99996000000002, 249.99996000000002, 1]",
amber-solid,light,Badge,,primary,soft,base,/__functional-colors,muted,idle,0,pass,5.825775885110957,"[107.00004, 47.999925000000005, 207.00007499999998, 1]","[235.699968, 229.7999565, 245.6999715, 1]",
amber-solid,light,Alert,,primary,soft,title,/__functional-colors,muted,idle,0,pass,5.825775885110957,"[107.00004, 47.999925000000005, 207.00007499999998, 1]","[235.699968, 229.7999565, 245.6999715, 1]",
amber-solid,light,Alert,,primary,soft,description,/__functional-colors,muted,idle,0,pass,5.825775885110957,"[107.00004, 47.999925000000005, 207.00007499999998, 1]","[235.699968, 229.7999565, 245.6999715, 1]",
amber-solid,light,Badge,,primary,subtle,base,/__functional-colors,muted,idle,0,pass,5.825775885110957,"[107.00004, 47.999925000000005, 207.00007499999998, 1]","[235.699968, 229.7999565, 245.6999715, 1]",
amber-solid,light,Alert,,primary,subtle,title,/__functional-colors,muted,idle,0,pass,5.825775885110957,"[107.00004, 47.999925000000005, 207.00007499999998, 1]","[235.699968, 229.7999565, 245.6999715, 1]",
amber-solid,light,Alert,,primary,subtle,description,/__functional-colors,muted,idle,0,pass,5.825775885110957,"[107.00004, 47.999925000000005, 207.00007499999998, 1]","[235.699968, 229.7999565, 245.6999715, 1]",
amber-solid,light,Button,,primary,solid,base/label,/__functional-colors,muted,idle,0,pass,7.121203584676938,"[255, 255, 255, 1]","[107.00004, 47.999925000000005, 207.00007499999998, 1]",
amber-solid,light,Button,,primary,solid,base/label,/__functional-colors,muted,hover,0,pass,8.20095964623415,"[255, 255, 255, 1]","[96.299985, 43.20006, 186.29994, 1]",
amber-solid,light,Button,,primary,solid,base/label,/__functional-colors,muted,active+hover,0,pass,9.450985594228746,"[255, 255, 255, 1]","[85.59993, 38.39994, 165.60005999999998, 1]",
amber-solid,light,Button,,primary,solid,base/label,/__functional-colors,muted,keyboard-focus,0,pass,7.121203584676938,"[255, 255, 255, 1]","[107.00004, 47.999925000000005, 207.00007499999998, 1]",
amber-solid,light,Button,,primary,solid,base/label,/__functional-colors,muted,keyboard-active+focus,0,pass,9.450985594228746,"[255, 255, 255, 1]","[85.59993, 38.39994, 165.60005999999998, 1]",
amber-solid,light,Button,,primary,solid,base/label,/__functional-colors,muted,focus+hover,0,pass,8.20095964623415,"[255, 255, 255, 1]","[96.299985, 43.20006, 186.29994, 1]",
amber-solid,light,Button,,primary,link,base/label,/__functional-colors,muted,idle,0,pass,6.8226081656787105,"[107.00004, 47.999925000000005, 207.00007499999998, 1]","[249.99996000000002, 249.99996000000002, 249.99996000000002, 1]",
amber-solid,light,Button,,primary,link,base/label,/__functional-colors,muted,hover,0,pass,6.8226081656787105,"[107.00004, 47.999925000000005, 207.00007499999998, 1]","[249.99996000000002, 249.99996000000002, 249.99996000000002, 1]",
amber-solid,light,Button,,primary,link,base/label,/__functional-colors,muted,active+hover,0,pass,6.8226081656787105,"[107.00004, 47.999925000000005, 207.00007499999998, 1]","[249.99996000000002, 249.99996000000002, 249.99996000000002, 1]",
amber-solid,light,Button,,primary,link,base/label,/__functional-colors,muted,keyboard-focus,0,pass,6.8226081656787105,"[107.00004, 47.999925000000005, 207.00007499999998, 1]","[249.99996000000002, 249.99996000000002, 249.99996000000002, 1]",
amber-solid,light,Button,,primary,link,base/label,/__functional-colors,muted,keyboard-active+focus,0,pass,6.8226081656787105,"[107.00004, 47.999925000000005, 207.00007499999998, 1]","[249.99996000000002, 249.99996000000002, 249.99996000000002, 1]",
amber-solid,light,Button,,primary,link,base/label,/__functional-colors,muted,focus+hover,0,pass,6.8226081656787105,"[107.00004, 47.999925000000005, 207.00007499999998, 1]","[249.99996000000002, 249.99996000000002, 249.99996000000002, 1]",
amber-solid,light,semantic text,,secondary,,text,/__functional-colors,muted,idle,0,pass,6.307027419254952,"[5.999997, 105.000075, 93.99988499999999, 1]","[249.99996000000002, 249.99996000000002, 249.99996000000002, 1]",
amber-solid,light,Badge,,secondary,solid,base,/__functional-colors,muted,idle,0,pass,6.583058146676685,"[255, 255, 255, 1]","[5.999997, 105.000075, 93.99988499999999, 1]",
amber-solid,light,Alert,,secondary,solid,title,/__functional-colors,muted,idle,0,pass,6.583058146676685,"[255, 255, 255, 1]","[5.999997, 105.000075, 93.99988499999999, 1]",
amber-solid,light,Alert,,secondary,solid,description,/__functional-colors,muted,idle,0,pass,6.583058146676685,"[255, 255, 255, 1]","[5.999997, 105.000075, 93.99988499999999, 1]",
amber-solid,light,Badge,,secondary,outline,base,/__functional-colors,muted,idle,0,pass,6.307027419254952,"[5.999997, 105.000075, 93.99988499999999, 1]","[249.99996000000002, 249.99996000000002, 249.99996000000002, 1]",
amber-solid,light,Alert,,secondary,outline,title,/__functional-colors,muted,idle,0,pass,6.307027419254952,"[5.999997, 105.000075, 93.99988499999999, 1]","[249.99996000000002, 249.99996000000002, 249.99996000000002, 1]",
amber-solid,light,Alert,,secondary,outline,description,/__functional-colors,muted,idle,0,pass,6.307027419254952,"[5.999997, 105.000075, 93.99988499999999, 1]","[249.99996000000002, 249.99996000000002, 249.99996000000002, 1]",
amber-solid,light,Badge,,secondary,soft,base,/__functional-colors,muted,idle,0,pass,5.440178690468687,"[5.999997, 105.000075, 93.99988499999999, 1]","[225.59997900000002, 235.499946, 234.3999525, 1]",
amber-solid,light,Alert,,secondary,soft,title,/__functional-colors,muted,idle,0,pass,5.440178690468687,"[5.999997, 105.000075, 93.99988499999999, 1]","[225.59997900000002, 235.499946, 234.3999525, 1]",
amber-solid,light,Alert,,secondary,soft,description,/__functional-colors,muted,idle,0,pass,5.440178690468687,"[5.999997, 105.000075, 93.99988499999999, 1]","[225.59997900000002, 235.499946, 234.3999525, 1]",
amber-solid,light,Badge,,secondary,subtle,base,/__functional-colors,muted,idle,0,pass,5.440178690468687,"[5.999997, 105.000075, 93.99988499999999, 1]","[225.59997900000002, 235.499946, 234.3999525, 1]",
amber-solid,light,Alert,,secondary,subtle,title,/__functional-colors,muted,idle,0,pass,5.440178690468687,"[5.999997, 105.000075, 93.99988499999999, 1]","[225.59997900000002, 235.499946, 234.3999525, 1]",
amber-solid,light,Alert,,secondary,subtle,description,/__functional-colors,muted,idle,0,pass,5.440178690468687,"[5.999997, 105.000075, 93.99988499999999, 1]","[225.59997900000002, 235.499946, 234.3999525, 1]",
amber-solid,light,Button,,secondary,solid,base/label,/__functional-colors,muted,idle,0,pass,6.583058146676685,"[255, 255, 255, 1]","[5.999997, 105.000075, 93.99988499999999, 1]",
amber-solid,light,Button,,secondary,solid,base/label,/__functional-colors,muted,hover,0,pass,7.620293273853335,"[255, 255, 255, 1]","[5.4000075, 94.49994, 84.60007499999999, 1]",
amber-solid,light,Button,,secondary,solid,base/label,/__functional-colors,muted,active+hover,0,pass,8.836617659503887,"[255, 255, 255, 1]","[4.7999925, 84.00005999999999, 75.20001, 1]",
amber-solid,light,Button,,secondary,solid,base/label,/__functional-colors,muted,keyboard-focus,0,pass,6.583058146676685,"[255, 255, 255, 1]","[5.999997, 105.000075, 93.99988499999999, 1]",
amber-solid,light,Button,,secondary,solid,base/label,/__functional-colors,muted,keyboard-active+focus,0,pass,8.836617659503887,"[255, 255, 255, 1]","[4.7999925, 84.00005999999999, 75.20001, 1]",
amber-solid,light,Button,,secondary,solid,base/label,/__functional-colors,muted,focus+hover,0,pass,7.620293273853335,"[255, 255, 255, 1]","[5.4000075, 94.49994, 84.60007499999999, 1]",
amber-solid,light,Button,,secondary,link,base/label,/__functional-colors,muted,idle,0,pass,6.307027419254952,"[5.999997, 105.000075, 93.99988499999999, 1]","[249.99996000000002, 249.99996000000002, 249.99996000000002, 1]",
amber-solid,light,Button,,secondary,link,base/label,/__functional-colors,muted,hover,0,pass,6.307027419254952,"[5.999997, 105.000075, 93.99988499999999, 1]","[249.99996000000002, 249.99996000000002, 249.99996000000002, 1]",
amber-solid,light,Button,,secondary,link,base/label,/__functional-colors,muted,active+hover,0,pass,6.307027419254952,"[5.999997, 105.000075, 93.99988499999999, 1]","[249.99996000000002, 249.99996000000002, 249.99996000000002, 1]",
amber-solid,light,Button,,secondary,link,base/label,/__functional-colors,muted,keyboard-focus,0,pass,6.307027419254952,"[5.999997, 105.000075, 93.99988499999999, 1]","[249.99996000000002, 249.99996000000002, 249.99996000000002, 1]",
amber-solid,light,Button,,secondary,link,base/label,/__functional-colors,muted,keyboard-active+focus,0,pass,6.307027419254952,"[5.999997, 105.000075, 93.99988499999999, 1]","[249.99996000000002, 249.99996000000002, 249.99996000000002, 1]",
amber-solid,light,Button,,secondary,link,base/label,/__functional-colors,muted,focus+hover,0,pass,6.307027419254952,"[5.999997, 105.000075, 93.99988499999999, 1]","[249.99996000000002, 249.99996000000002, 249.99996000000002, 1]",
amber-solid,light,semantic text,,success,,text,/__functional-colors,muted,idle,0,pass,6.321543474754756,"[35.99988, 105.99993, 49.99989, 1]","[249.99996000000002, 249.99996000000002, 249.99996000000002, 1]",
amber-solid,light,Badge,,success,solid,base,/__functional-colors,muted,idle,0,pass,6.598209505797759,"[255, 255, 255, 1]","[35.99988, 105.99993, 49.99989, 1]",
amber-solid,light,Alert,,success,solid,title,/__functional-colors,muted,idle,0,pass,6.598209505797759,"[255, 255, 255, 1]","[35.99988, 105.99993, 49.99989, 1]",
amber-solid,light,Alert,,success,solid,description,/__functional-colors,muted,idle,0,pass,6.598209505797759,"[255, 255, 255, 1]","[35.99988, 105.99993, 49.99989, 1]",
amber-solid,light,Badge,,success,outline,base,/__functional-colors,muted,idle,0,pass,6.321543474754756,"[35.99988, 105.99993, 49.99989, 1]","[249.99996000000002, 249.99996000000002, 249.99996000000002, 1]",
amber-solid,light,Alert,,success,outline,title,/__functional-colors,muted,idle,0,pass,6.321543474754756,"[35.99988, 105.99993, 49.99989, 1]","[249.99996000000002, 249.99996000000002, 249.99996000000002, 1]",
amber-solid,light,Alert,,success,outline,description,/__functional-colors,muted,idle,0,pass,6.321543474754756,"[35.99988, 105.99993, 49.99989, 1]","[249.99996000000002, 249.99996000000002, 249.99996000000002, 1]",
amber-solid,light,Badge,,success,soft,base,/__functional-colors,muted,idle,0,pass,5.471250897011913,"[35.99988, 105.99993, 49.99989, 1]","[228.5999775, 235.59995700000002, 229.999953, 1]",
amber-solid,light,Alert,,success,soft,title,/__functional-colors,muted,idle,0,pass,5.471250897011913,"[35.99988, 105.99993, 49.99989, 1]","[228.5999775, 235.59995700000002, 229.999953, 1]",
amber-solid,light,Alert,,success,soft,description,/__functional-colors,muted,idle,0,pass,5.471250897011913,"[35.99988, 105.99993, 49.99989, 1]","[228.5999775, 235.59995700000002, 229.999953, 1]",
amber-solid,light,Badge,,success,subtle,base,/__functional-colors,muted,idle,0,pass,5.471250897011913,"[35.99988, 105.99993, 49.99989, 1]","[228.5999775, 235.59995700000002, 229.999953, 1]",
amber-solid,light,Alert,,success,subtle,title,/__functional-colors,muted,idle,0,pass,5.471250897011913,"[35.99988, 105.99993, 49.99989, 1]","[228.5999775, 235.59995700000002, 229.999953, 1]",
amber-solid,light,Alert,,success,subtle,description,/__functional-colors,muted,idle,0,pass,5.471250897011913,"[35.99988, 105.99993, 49.99989, 1]","[228.5999775, 235.59995700000002, 229.999953, 1]",
amber-solid,light,Button,,success,solid,base/label,/__functional-colors,muted,idle,0,pass,6.598209505797759,"[255, 255, 255, 1]","[35.99988, 105.99993, 49.99989, 1]",
amber-solid,light,Button,,success,solid,base/label,/__functional-colors,muted,hover,0,pass,7.630997421532101,"[255, 255, 255, 1]","[32.400045, 95.40009, 45.000105, 1]",
amber-solid,light,Button,,success,solid,base/label,/__functional-colors,muted,active+hover,0,pass,8.840573607206386,"[255, 255, 255, 1]","[28.799955, 84.799995, 40.000065, 1]",
amber-solid,light,Button,,success,solid,base/label,/__functional-colors,muted,keyboard-focus,0,pass,6.598209505797759,"[255, 255, 255, 1]","[35.99988, 105.99993, 49.99989, 1]",
amber-solid,light,Button,,success,solid,base/label,/__functional-colors,muted,keyboard-active+focus,0,pass,8.840573607206386,"[255, 255, 255, 1]","[28.799955, 84.799995, 40.000065, 1]",
amber-solid,light,Button,,success,solid,base/label,/__functional-colors,muted,focus+hover,0,pass,7.630997421532101,"[255, 255, 255, 1]","[32.400045, 95.40009, 45.000105, 1]",
amber-solid,light,Button,,success,link,base/label,/__functional-colors,muted,idle,0,pass,6.321543474754756,"[35.99988, 105.99993, 49.99989, 1]","[249.99996000000002, 249.99996000000002, 249.99996000000002, 1]",
amber-solid,light,Button,,success,link,base/label,/__functional-colors,muted,hover,0,pass,6.321543474754756,"[35.99988, 105.99993, 49.99989, 1]","[249.99996000000002, 249.99996000000002, 249.99996000000002, 1]",
amber-solid,light,Button,,success,link,base/label,/__functional-colors,muted,active+hover,0,pass,6.321543474754756,"[35.99988, 105.99993, 49.99989, 1]","[249.99996000000002, 249.99996000000002, 249.99996000000002, 1]",
amber-solid,light,Button,,success,link,base/label,/__functional-colors,muted,keyboard-focus,0,pass,6.321543474754756,"[35.99988, 105.99993, 49.99989, 1]","[249.99996000000002, 249.99996000000002, 249.99996000000002, 1]",
amber-solid,light,Button,,success,link,base/label,/__functional-colors,muted,keyboard-active+focus,0,pass,6.321543474754756,"[35.99988, 105.99993, 49.99989, 1]","[249.99996000000002, 249.99996000000002, 249.99996000000002, 1]",
amber-solid,light,Button,,success,link,base/label,/__functional-colors,muted,focus+hover,0,pass,6.321543474754756,"[35.99988, 105.99993, 49.99989, 1]","[249.99996000000002, 249.99996000000002, 249.99996000000002, 1]",
amber-solid,light,semantic text,,info,,text,/__functional-colors,muted,idle,0,pass,6.426479282288932,"[0, 87.99999000000001, 188.99988, 1]","[249.99996000000002, 249.99996000000002, 249.99996000000002, 1]",
amber-solid,light,Badge,,info,solid,base,/__functional-colors,muted,idle,0,pass,6.70773789005006,"[255, 255, 255, 1]","[0, 87.99999000000001, 188.99988, 1]",
amber-solid,light,Alert,,info,solid,title,/__functional-colors,muted,idle,0,pass,6.70773789005006,"[255, 255, 255, 1]","[0, 87.99999000000001, 188.99988, 1]",
amber-solid,light,Alert,,info,solid,description,/__functional-colors,muted,idle,0,pass,6.70773789005006,"[255, 255, 255, 1]","[0, 87.99999000000001, 188.99988, 1]",
amber-solid,light,Badge,,info,outline,base,/__functional-colors,muted,idle,0,pass,6.426479282288932,"[0, 87.99999000000001, 188.99988, 1]","[249.99996000000002, 249.99996000000002, 249.99996000000002, 1]",
amber-solid,light,Alert,,info,outline,title,/__functional-colors,muted,idle,0,pass,6.426479282288932,"[0, 87.99999000000001, 188.99988, 1]","[249.99996000000002, 249.99996000000002, 249.99996000000002, 1]",
amber-solid,light,Alert,,info,outline,description,/__functional-colors,muted,idle,0,pass,6.426479282288932,"[0, 87.99999000000001, 188.99988, 1]","[249.99996000000002, 249.99996000000002, 249.99996000000002, 1]",
amber-solid,light,Badge,,info,soft,base,/__functional-colors,muted,idle,0,pass,5.510881137474798,"[0, 87.99999000000001, 188.99988, 1]","[225.000018002625, 233.79996300000002, 243.8999265, 1]",
amber-solid,light,Alert,,info,soft,title,/__functional-colors,muted,idle,0,pass,5.510881137474798,"[0, 87.99999000000001, 188.99988, 1]","[225.000018002625, 233.79996300000002, 243.8999265, 1]",
amber-solid,light,Alert,,info,soft,description,/__functional-colors,muted,idle,0,pass,5.510881137474798,"[0, 87.99999000000001, 188.99988, 1]","[225.000018002625, 233.79996300000002, 243.8999265, 1]",
amber-solid,light,Badge,,info,subtle,base,/__functional-colors,muted,idle,0,pass,5.510881137474798,"[0, 87.99999000000001, 188.99988, 1]","[225.000018002625, 233.79996300000002, 243.8999265, 1]",
amber-solid,light,Alert,,info,subtle,title,/__functional-colors,muted,idle,0,pass,5.510881137474798,"[0, 87.99999000000001, 188.99988, 1]","[225.000018002625, 233.79996300000002, 243.8999265, 1]",
amber-solid,light,Alert,,info,subtle,description,/__functional-colors,muted,idle,0,pass,5.510881137474798,"[0, 87.99999000000001, 188.99988, 1]","[225.000018002625, 233.79996300000002, 243.8999265, 1]",
amber-solid,light,Button,,info,solid,base/label,/__functional-colors,muted,idle,0,pass,6.70773789005006,"[255, 255, 255, 1]","[0, 87.99999000000001, 188.99988, 1]",
amber-solid,light,Button,,info,solid,base/label,/__functional-colors,muted,hover,0,pass,7.762298638770592,"[255, 255, 255, 1]","[0, 79.19994, 170.100045, 1]",
amber-solid,light,Button,,info,solid,base/label,/__functional-colors,muted,active+hover,0,pass,8.996361336393038,"[255, 255, 255, 1]","[0, 70.39989, 151.19995500000002, 1]",
amber-solid,light,Button,,info,solid,base/label,/__functional-colors,muted,keyboard-focus,0,pass,6.70773789005006,"[255, 255, 255, 1]","[0, 87.99999000000001, 188.99988, 1]",
amber-solid,light,Button,,info,solid,base/label,/__functional-colors,muted,keyboard-active+focus,0,pass,8.996361336393038,"[255, 255, 255, 1]","[0, 70.39989, 151.19995500000002, 1]",
amber-solid,light,Button,,info,solid,base/label,/__functional-colors,muted,focus+hover,0,pass,7.762298638770592,"[255, 255, 255, 1]","[0, 79.19994, 170.100045, 1]",
amber-solid,light,Button,,info,link,base/label,/__functional-colors,muted,idle,0,pass,6.426479282288932,"[0, 87.99999000000001, 188.99988, 1]","[249.99996000000002, 249.99996000000002, 249.99996000000002, 1]",
amber-solid,light,Button,,info,link,base/label,/__functional-colors,muted,hover,0,pass,6.426479282288932,"[0, 87.99999000000001, 188.99988, 1]","[249.99996000000002, 249.99996000000002, 249.99996000000002, 1]",
amber-solid,light,Button,,info,link,base/label,/__functional-colors,muted,active+hover,0,pass,6.426479282288932,"[0, 87.99999000000001, 188.99988, 1]","[249.99996000000002, 249.99996000000002, 249.99996000000002, 1]",
amber-solid,light,Button,,info,link,base/label,/__functional-colors,muted,keyboard-focus,0,pass,6.426479282288932,"[0, 87.99999000000001, 188.99988, 1]","[249.99996000000002, 249.99996000000002, 249.99996000000002, 1]",
amber-solid,light,Button,,info,link,base/label,/__functional-colors,muted,keyboard-active+focus,0,pass,6.426479282288932,"[0, 87.99999000000001, 188.99988, 1]","[249.99996000000002, 249.99996000000002, 249.99996000000002, 1]",
amber-solid,light,Button,,info,link,base/label,/__functional-colors,muted,focus+hover,0,pass,6.426479282288932,"[0, 87.99999000000001, 188.99988, 1]","[249.99996000000002, 249.99996000000002, 249.99996000000002, 1]",
amber-solid,light,semantic text,,warning,,text,/__functional-colors,muted,idle,0,pass,7.665877101385089,"[123.00001499999999, 66.00012, 7.000005, 1]","[249.99996000000002, 249.99996000000002, 249.99996000000002, 1]",
amber-solid,light,Badge,,warning,solid,base,/__functional-colors,muted,idle,0,pass,7.825457958425116,"[23.0000055, 23.0000055, 23.0000055, 1]","[232.999875, 154.999965, 23.999988, 1]",
amber-solid,light,Alert,,warning,solid,title,/__functional-colors,muted,idle,0,pass,7.825457958425116,"[23.0000055, 23.0000055, 23.0000055, 1]","[232.999875, 154.999965, 23.999988, 1]",
amber-solid,light,Alert,,warning,solid,description,/__functional-colors,muted,idle,0,pass,7.825457958425116,"[23.0000055, 23.0000055, 23.0000055, 1]","[232.999875, 154.999965, 23.999988, 1]",
amber-solid,light,Badge,,warning,outline,base,/__functional-colors,muted,idle,0,pass,7.665877101385089,"[123.00001499999999, 66.00012, 7.000005, 1]","[249.99996000000002, 249.99996000000002, 249.99996000000002, 1]",
amber-solid,light,Alert,,warning,outline,title,/__functional-colors,muted,idle,0,pass,7.665877101385089,"[123.00001499999999, 66.00012, 7.000005, 1]","[249.99996000000002, 249.99996000000002, 249.99996000000002, 1]",
amber-solid,light,Alert,,warning,outline,description,/__functional-colors,muted,idle,0,pass,7.665877101385089,"[123.00001499999999, 66.00012, 7.000005, 1]","[249.99996000000002, 249.99996000000002, 249.99996000000002, 1]",
amber-solid,light,Badge,,warning,soft,base,/__functional-colors,muted,idle,0,pass,6.554958093952449,"[123.00001499999999, 66.00012, 7.000005, 1]","[237.2999655, 231.599976, 225.6999747, 1]",
amber-solid,light,Alert,,warning,soft,title,/__functional-colors,muted,idle,0,pass,6.554958093952449,"[123.00001499999999, 66.00012, 7.000005, 1]","[237.2999655, 231.599976, 225.6999747, 1]",
amber-solid,light,Alert,,warning,soft,description,/__functional-colors,muted,idle,0,pass,6.554958093952449,"[123.00001499999999, 66.00012, 7.000005, 1]","[237.2999655, 231.599976, 225.6999747, 1]",
amber-solid,light,Badge,,warning,subtle,base,/__functional-colors,muted,idle,0,pass,6.554958093952449,"[123.00001499999999, 66.00012, 7.000005, 1]","[237.2999655, 231.599976, 225.6999747, 1]",
amber-solid,light,Alert,,warning,subtle,title,/__functional-colors,muted,idle,0,pass,6.554958093952449,"[123.00001499999999, 66.00012, 7.000005, 1]","[237.2999655, 231.599976, 225.6999747, 1]",
amber-solid,light,Alert,,warning,subtle,description,/__functional-colors,muted,idle,0,pass,6.554958093952449,"[123.00001499999999, 66.00012, 7.000005, 1]","[237.2999655, 231.599976, 225.6999747, 1]",
amber-solid,light,Button,,warning,solid,base/label,/__functional-colors,muted,idle,0,pass,7.825457958425116,"[23.0000055, 23.0000055, 23.0000055, 1]","[232.999875, 154.999965, 23.999988, 1]",
amber-solid,light,Button,,warning,solid,base/label,/__functional-colors,muted,hover,0,pass,9.983286181075494,"[23.0000055, 23.0000055, 23.0000055, 1]","[244.000065, 182.999985, 63.9999, 1]",
amber-solid,light,Button,,warning,solid,base/label,/__functional-colors,muted,active+hover,0,pass,12.322696666177878,"[23.0000055, 23.0000055, 23.0000055, 1]","[251.00007, 209.00004, 107.00004, 1]",
amber-solid,light,Button,,warning,solid,base/label,/__functional-colors,muted,keyboard-focus,0,pass,7.825457958425116,"[23.0000055, 23.0000055, 23.0000055, 1]","[232.999875, 154.999965, 23.999988, 1]",
amber-solid,light,Button,,warning,solid,base/label,/__functional-colors,muted,keyboard-active+focus,0,pass,12.322696666177878,"[23.0000055, 23.0000055, 23.0000055, 1]","[251.00007, 209.00004, 107.00004, 1]",
amber-solid,light,Button,,warning,solid,base/label,/__functional-colors,muted,focus+hover,0,pass,9.983286181075494,"[23.0000055, 23.0000055, 23.0000055, 1]","[244.000065, 182.999985, 63.9999, 1]",
amber-solid,light,Button,,warning,link,base/label,/__functional-colors,muted,idle,0,pass,7.665877101385089,"[123.00001499999999, 66.00012, 7.000005, 1]","[249.99996000000002, 249.99996000000002, 249.99996000000002, 1]",
amber-solid,light,Button,,warning,link,base/label,/__functional-colors,muted,hover,0,pass,7.665877101385089,"[123.00001499999999, 66.00012, 7.000005, 1]","[249.99996000000002, 249.99996000000002, 249.99996000000002, 1]",
amber-solid,light,Button,,warning,link,base/label,/__functional-colors,muted,active+hover,0,pass,7.665877101385089,"[123.00001499999999, 66.00012, 7.000005, 1]","[249.99996000000002, 249.99996000000002, 249.99996000000002, 1]",
amber-solid,light,Button,,warning,link,base/label,/__functional-colors,muted,keyboard-focus,0,pass,7.665877101385089,"[123.00001499999999, 66.00012, 7.000005, 1]","[249.99996000000002, 249.99996000000002, 249.99996000000002, 1]",
amber-solid,light,Button,,warning,link,base/label,/__functional-colors,muted,keyboard-active+focus,0,pass,7.665877101385089,"[123.00001499999999, 66.00012, 7.000005, 1]","[249.99996000000002, 249.99996000000002, 249.99996000000002, 1]",
amber-solid,light,Button,,warning,link,base/label,/__functional-colors,muted,focus+hover,0,pass,7.665877101385089,"[123.00001499999999, 66.00012, 7.000005, 1]","[249.99996000000002, 249.99996000000002, 249.99996000000002, 1]",
amber-solid,light,semantic text,,error,,text,/__functional-colors,muted,idle,0,pass,6.215111954370112,"[181.00002, 35.000024999999994, 40.99992, 1]","[249.99996000000002, 249.99996000000002, 249.99996000000002, 1]",
amber-solid,light,Badge,,error,solid,base,/__functional-colors,muted,idle,0,pass,6.487119947951175,"[255, 255, 255, 1]","[181.00002, 35.000024999999994, 40.99992, 1]",
amber-solid,light,Alert,,error,solid,title,/__functional-colors,muted,idle,0,pass,6.487119947951175,"[255, 255, 255, 1]","[181.00002, 35.000024999999994, 40.99992, 1]",
amber-solid,light,Alert,,error,solid,description,/__functional-colors,muted,idle,0,pass,6.487119947951175,"[255, 255, 255, 1]","[181.00002, 35.000024999999994, 40.99992, 1]",
amber-solid,light,Badge,,error,outline,base,/__functional-colors,muted,idle,0,pass,6.215111954370112,"[181.00002, 35.000024999999994, 40.99992, 1]","[249.99996000000002, 249.99996000000002, 249.99996000000002, 1]",
amber-solid,light,Alert,,error,outline,title,/__functional-colors,muted,idle,0,pass,6.215111954370112,"[181.00002, 35.000024999999994, 40.99992, 1]","[249.99996000000002, 249.99996000000002, 249.99996000000002, 1]",
amber-solid,light,Alert,,error,outline,description,/__functional-colors,muted,idle,0,pass,6.215111954370112,"[181.00002, 35.000024999999994, 40.99992, 1]","[249.99996000000002, 249.99996000000002, 249.99996000000002, 1]",
amber-solid,light,Badge,,error,soft,base,/__functional-colors,muted,idle,0,pass,5.282214010317145,"[181.00002, 35.000024999999994, 40.99992, 1]","[243.099966, 228.499941, 229.09995600000002, 1]",
amber-solid,light,Alert,,error,soft,title,/__functional-colors,muted,idle,0,pass,5.282214010317145,"[181.00002, 35.000024999999994, 40.99992, 1]","[243.099966, 228.499941, 229.09995600000002, 1]",
amber-solid,light,Alert,,error,soft,description,/__functional-colors,muted,idle,0,pass,5.282214010317145,"[181.00002, 35.000024999999994, 40.99992, 1]","[243.099966, 228.499941, 229.09995600000002, 1]",
amber-solid,light,Badge,,error,subtle,base,/__functional-colors,muted,idle,0,pass,5.282214010317145,"[181.00002, 35.000024999999994, 40.99992, 1]","[243.099966, 228.499941, 229.09995600000002, 1]",
amber-solid,light,Alert,,error,subtle,title,/__functional-colors,muted,idle,0,pass,5.282214010317145,"[181.00002, 35.000024999999994, 40.99992, 1]","[243.099966, 228.499941, 229.09995600000002, 1]",
amber-solid,light,Alert,,error,subtle,description,/__functional-colors,muted,idle,0,pass,5.282214010317145,"[181.00002, 35.000024999999994, 40.99992, 1]","[243.099966, 228.499941, 229.09995600000002, 1]",
amber-solid,light,Button,,error,solid,base/label,/__functional-colors,muted,idle,0,pass,6.487119947951175,"[255, 255, 255, 1]","[181.00002, 35.000024999999994, 40.99992, 1]",
amber-solid,light,Button,,error,solid,base/label,/__functional-colors,muted,hover,0,pass,7.545692556917561,"[255, 255, 255, 1]","[162.90012, 31.499895, 36.90003, 1]",
amber-solid,light,Button,,error,solid,base/label,/__functional-colors,muted,active+hover,0,pass,8.793394550640816,"[255, 255, 255, 1]","[144.799965, 28.00002, 32.799884999999996, 1]",
amber-solid,light,Button,,error,solid,base/label,/__functional-colors,muted,keyboard-focus,0,pass,6.487119947951175,"[255, 255, 255, 1]","[181.00002, 35.000024999999994, 40.99992, 1]",
amber-solid,light,Button,,error,solid,base/label,/__functional-colors,muted,keyboard-active+focus,0,pass,8.793394550640816,"[255, 255, 255, 1]","[144.799965, 28.00002, 32.799884999999996, 1]",
amber-solid,light,Button,,error,solid,base/label,/__functional-colors,muted,focus+hover,0,pass,7.545692556917561,"[255, 255, 255, 1]","[162.90012, 31.499895, 36.90003, 1]",
amber-solid,light,Button,,error,link,base/label,/__functional-colors,muted,idle,0,pass,6.215111954370112,"[181.00002, 35.000024999999994, 40.99992, 1]","[249.99996000000002, 249.99996000000002, 249.99996000000002, 1]",
amber-solid,light,Button,,error,link,base/label,/__functional-colors,muted,hover,0,pass,6.215111954370112,"[181.00002, 35.000024999999994, 40.99992, 1]","[249.99996000000002, 249.99996000000002, 249.99996000000002, 1]",
amber-solid,light,Button,,error,link,base/label,/__functional-colors,muted,active+hover,0,pass,6.215111954370112,"[181.00002, 35.000024999999994, 40.99992, 1]","[249.99996000000002, 249.99996000000002, 249.99996000000002, 1]",
amber-solid,light,Button,,error,link,base/label,/__functional-colors,muted,keyboard-focus,0,pass,6.215111954370112,"[181.00002, 35.000024999999994, 40.99992, 1]","[249.99996000000002, 249.99996000000002, 249.99996000000002, 1]",
amber-solid,light,Button,,error,link,base/label,/__functional-colors,muted,keyboard-active+focus,0,pass,6.215111954370112,"[181.00002, 35.000024999999994, 40.99992, 1]","[249.99996000000002, 249.99996000000002, 249.99996000000002, 1]",
amber-solid,light,Button,,error,link,base/label,/__functional-colors,muted,focus+hover,0,pass,6.215111954370112,"[181.00002, 35.000024999999994, 40.99992, 1]","[249.99996000000002, 249.99996000000002, 249.99996000000002, 1]",
amber-solid,light,FormField,,error,,error,,muted,visible,0,pass,6.215111954370112,"[181.00002, 35.000024999999994, 40.99992, 1]","[249.99996000000002, 249.99996000000002, 249.99996000000002, 1]",
amber-solid,light,API fixture,F1,,,,,muted,idle,0,pass,6.215111954370112,"[181.00002, 35.000024999999994, 40.99992, 1]","[249.99996000000002, 249.99996000000002, 249.99996000000002, 1]",
amber-solid,light,API fixture,F2,,,,,muted,idle,0,pass,7.665877101385089,"[123.00001499999999, 66.00012, 7.000005, 1]","[249.99996000000002, 249.99996000000002, 249.99996000000002, 1]",
amber-solid,light,API fixture,F5-field-caveat,,,,,muted,idle,0,pass,6.554958093952449,"[123.00001499999999, 66.00012, 7.000005, 1]","[237.2999655, 231.599976, 225.6999747, 1]",
amber-solid,light,API fixture,F5-field-caveat,,,,,muted,idle,1,pass,6.401346763959673,"[82.000095, 82.000095, 82.000095, 1]","[237.2999655, 231.599976, 225.6999747, 1]",
amber-solid,light,API fixture,value-caveat,,,,,muted,idle,0,pass,6.554958093952449,"[123.00001499999999, 66.00012, 7.000005, 1]","[237.2999655, 231.599976, 225.6999747, 1]",
amber-solid,light,API fixture,value-caveat,,,,,muted,idle,1,pass,6.401346763959673,"[82.000095, 82.000095, 82.000095, 1]","[237.2999655, 231.599976, 225.6999747, 1]",
amber-solid,light,ResponseExample,,,,status/statusText,,muted,single status visible,0,pass,5.328570108307233,"[35.99988, 105.99993, 49.99989, 1]","[225.7200279, 232.7201451, 227.12014109999998, 1]",
amber-solid,light,ResponseExample,,,,status/statusText,,muted,single status visible,1,pass,5.328570108307233,"[35.99988, 105.99993, 49.99989, 1]","[225.7200279, 232.7201451, 227.12014109999998, 1]",
amber-solid,light,ResponseExample,,,,status/statusText,,muted,single status visible,2,pass,5.366687132898906,"[0, 87.99999000000001, 188.99988, 1]","[222.120068402625, 230.9201511, 241.02011459999997, 1]",
amber-solid,light,ResponseExample,,,,status/statusText,,muted,single status visible,3,pass,5.366687132898906,"[0, 87.99999000000001, 188.99988, 1]","[222.120068402625, 230.9201511, 241.02011459999997, 1]",
amber-solid,light,ResponseExample,,,,status/statusText,,muted,single status visible,4,pass,6.38323345776271,"[123.00001499999999, 66.00012, 7.000005, 1]","[234.4200159, 228.72016409999998, 222.8201628, 1]",
amber-solid,light,ResponseExample,,,,status/statusText,,muted,single status visible,5,pass,6.38323345776271,"[123.00001499999999, 66.00012, 7.000005, 1]","[234.4200159, 228.72016409999998, 222.8201628, 1]",
amber-solid,light,ResponseExample,,,,status/statusText,,muted,single status visible,6,pass,5.143558260577679,"[181.00002, 35.000024999999994, 40.99992, 1]","[240.2200164, 225.62012909999999, 226.2201441, 1]",
amber-solid,light,ResponseExample,,,,status/statusText,,muted,single status visible,7,pass,5.143558260577679,"[181.00002, 35.000024999999994, 40.99992, 1]","[240.2200164, 225.62012909999999, 226.2201441, 1]",
amber-solid,light,LifecycleNotice,,,,,,muted,idle,0,pass,6.554958093952449,"[123.00001499999999, 66.00012, 7.000005, 1]","[237.2999655, 231.599976, 225.6999747, 1]",
amber-solid,light,LifecycleNotice,,,,,,muted,idle,1,pass,6.554958093952449,"[123.00001499999999, 66.00012, 7.000005, 1]","[237.2999655, 231.599976, 225.6999747, 1]",
amber-solid,light,LifecycleNotice,,,,,,muted,idle,2,pass,5.471250897011913,"[35.99988, 105.99993, 49.99989, 1]","[228.5999775, 235.59995700000002, 229.999953, 1]",
amber-solid,light,LifecycleNotice,,,,,,muted,idle,3,pass,5.471250897011913,"[35.99988, 105.99993, 49.99989, 1]","[228.5999775, 235.59995700000002, 229.999953, 1]",
amber-solid,light,LifecycleNotice,,,,,,muted,idle,4,pass,6.554958093952449,"[123.00001499999999, 66.00012, 7.000005, 1]","[237.2999655, 231.599976, 225.6999747, 1]",
amber-solid,light,LifecycleNotice,,,,,,muted,idle,5,pass,6.554958093952449,"[123.00001499999999, 66.00012, 7.000005, 1]","[237.2999655, 231.599976, 225.6999747, 1]",
amber-solid,light,LifecycleNotice,,,,,,muted,idle,6,pass,16.588903366922167,"[23.0000055, 23.0000055, 23.0000055, 1]","[245.99990250000002, 245.99990250000002, 245.99990250000002, 1]",
amber-solid,light,LifecycleNotice,,,,,,muted,idle,7,pass,12.690045762981567,"[45.299995200000005, 45.299995200000005, 45.299995200000005, 1]","[245.99990250000002, 245.99990250000002, 245.99990250000002, 1]",
amber-solid,light,LifecycleNotice,,,,,,muted,idle,8,pass,5.282214010317145,"[181.00002, 35.000024999999994, 40.99992, 1]","[243.099966, 228.499941, 229.09995600000002, 1]",
amber-solid,light,LifecycleNotice,,,,,,muted,idle,9,pass,5.282214010317145,"[181.00002, 35.000024999999994, 40.99992, 1]","[243.099966, 228.499941, 229.09995600000002, 1]",
amber-solid,light,FieldAnnotation,,,,required,,portal own bg-default,open,0,pass,6.487119947951175,"[181.00002, 35.000024999999994, 40.99992, 1]","[255, 255, 255, 1]",
amber-solid,light,FieldAnnotation,,,,conditional,,portal own bg-default,open,0,pass,8.001378676368077,"[123.00001499999999, 66.00012, 7.000005, 1]","[255, 255, 255, 1]",
amber-solid,light,semantic text,,primary,,text,/__functional-colors,elevated,idle,0,pass,6.36109275859421,"[107.00004, 47.999925000000005, 207.00007499999998, 1]","[242.0001, 242.0001, 242.0001, 1]",
amber-solid,light,Badge,,primary,solid,base,/__functional-colors,elevated,idle,0,pass,7.121203584676938,"[255, 255, 255, 1]","[107.00004, 47.999925000000005, 207.00007499999998, 1]",
amber-solid,light,Alert,,primary,solid,title,/__functional-colors,elevated,idle,0,pass,7.121203584676938,"[255, 255, 255, 1]","[107.00004, 47.999925000000005, 207.00007499999998, 1]",
amber-solid,light,Alert,,primary,solid,description,/__functional-colors,elevated,idle,0,pass,7.121203584676938,"[255, 255, 255, 1]","[107.00004, 47.999925000000005, 207.00007499999998, 1]",
amber-solid,light,Badge,,primary,outline,base,/__functional-colors,elevated,idle,0,pass,6.36109275859421,"[107.00004, 47.999925000000005, 207.00007499999998, 1]","[242.0001, 242.0001, 242.0001, 1]",
amber-solid,light,Alert,,primary,outline,title,/__functional-colors,elevated,idle,0,pass,6.36109275859421,"[107.00004, 47.999925000000005, 207.00007499999998, 1]","[242.0001, 242.0001, 242.0001, 1]",
amber-solid,light,Alert,,primary,outline,description,/__functional-colors,elevated,idle,0,pass,6.36109275859421,"[107.00004, 47.999925000000005, 207.00007499999998, 1]","[242.0001, 242.0001, 242.0001, 1]",
amber-solid,light,Badge,,primary,soft,base,/__functional-colors,elevated,idle,0,pass,5.448756880698112,"[107.00004, 47.999925000000005, 207.00007499999998, 1]","[228.50009400000002, 222.6000825, 238.5000975, 1]",
amber-solid,light,Alert,,primary,soft,title,/__functional-colors,elevated,idle,0,pass,5.448756880698112,"[107.00004, 47.999925000000005, 207.00007499999998, 1]","[228.50009400000002, 222.6000825, 238.5000975, 1]",
amber-solid,light,Alert,,primary,soft,description,/__functional-colors,elevated,idle,0,pass,5.448756880698112,"[107.00004, 47.999925000000005, 207.00007499999998, 1]","[228.50009400000002, 222.6000825, 238.5000975, 1]",
amber-solid,light,Badge,,primary,subtle,base,/__functional-colors,elevated,idle,0,pass,5.448756880698112,"[107.00004, 47.999925000000005, 207.00007499999998, 1]","[228.50009400000002, 222.6000825, 238.5000975, 1]",
amber-solid,light,Alert,,primary,subtle,title,/__functional-colors,elevated,idle,0,pass,5.448756880698112,"[107.00004, 47.999925000000005, 207.00007499999998, 1]","[228.50009400000002, 222.6000825, 238.5000975, 1]",
amber-solid,light,Alert,,primary,subtle,description,/__functional-colors,elevated,idle,0,pass,5.448756880698112,"[107.00004, 47.999925000000005, 207.00007499999998, 1]","[228.50009400000002, 222.6000825, 238.5000975, 1]",
amber-solid,light,Button,,primary,solid,base/label,/__functional-colors,elevated,idle,0,pass,7.121203584676938,"[255, 255, 255, 1]","[107.00004, 47.999925000000005, 207.00007499999998, 1]",
amber-solid,light,Button,,primary,solid,base/label,/__functional-colors,elevated,hover,0,pass,8.20095964623415,"[255, 255, 255, 1]","[96.299985, 43.20006, 186.29994, 1]",
amber-solid,light,Button,,primary,solid,base/label,/__functional-colors,elevated,active+hover,0,pass,9.450985594228746,"[255, 255, 255, 1]","[85.59993, 38.39994, 165.60005999999998, 1]",
amber-solid,light,Button,,primary,solid,base/label,/__functional-colors,elevated,keyboard-focus,0,pass,7.121203584676938,"[255, 255, 255, 1]","[107.00004, 47.999925000000005, 207.00007499999998, 1]",
amber-solid,light,Button,,primary,solid,base/label,/__functional-colors,elevated,keyboard-active+focus,0,pass,9.450985594228746,"[255, 255, 255, 1]","[85.59993, 38.39994, 165.60005999999998, 1]",
amber-solid,light,Button,,primary,solid,base/label,/__functional-colors,elevated,focus+hover,0,pass,8.20095964623415,"[255, 255, 255, 1]","[96.299985, 43.20006, 186.29994, 1]",
amber-solid,light,Button,,primary,link,base/label,/__functional-colors,elevated,idle,0,pass,6.36109275859421,"[107.00004, 47.999925000000005, 207.00007499999998, 1]","[242.0001, 242.0001, 242.0001, 1]",
amber-solid,light,Button,,primary,link,base/label,/__functional-colors,elevated,hover,0,pass,6.36109275859421,"[107.00004, 47.999925000000005, 207.00007499999998, 1]","[242.0001, 242.0001, 242.0001, 1]",
amber-solid,light,Button,,primary,link,base/label,/__functional-colors,elevated,active+hover,0,pass,6.36109275859421,"[107.00004, 47.999925000000005, 207.00007499999998, 1]","[242.0001, 242.0001, 242.0001, 1]",
amber-solid,light,Button,,primary,link,base/label,/__functional-colors,elevated,keyboard-focus,0,pass,6.36109275859421,"[107.00004, 47.999925000000005, 207.00007499999998, 1]","[242.0001, 242.0001, 242.0001, 1]",
amber-solid,light,Button,,primary,link,base/label,/__functional-colors,elevated,keyboard-active+focus,0,pass,6.36109275859421,"[107.00004, 47.999925000000005, 207.00007499999998, 1]","[242.0001, 242.0001, 242.0001, 1]",
amber-solid,light,Button,,primary,link,base/label,/__functional-colors,elevated,focus+hover,0,pass,6.36109275859421,"[107.00004, 47.999925000000005, 207.00007499999998, 1]","[242.0001, 242.0001, 242.0001, 1]",
amber-solid,light,semantic text,,secondary,,text,/__functional-colors,elevated,idle,0,pass,5.880388477635331,"[5.999997, 105.000075, 93.99988499999999, 1]","[242.0001, 242.0001, 242.0001, 1]",
amber-solid,light,Badge,,secondary,solid,base,/__functional-colors,elevated,idle,0,pass,6.583058146676685,"[255, 255, 255, 1]","[5.999997, 105.000075, 93.99988499999999, 1]",
amber-solid,light,Alert,,secondary,solid,title,/__functional-colors,elevated,idle,0,pass,6.583058146676685,"[255, 255, 255, 1]","[5.999997, 105.000075, 93.99988499999999, 1]",
amber-solid,light,Alert,,secondary,solid,description,/__functional-colors,elevated,idle,0,pass,6.583058146676685,"[255, 255, 255, 1]","[5.999997, 105.000075, 93.99988499999999, 1]",
amber-solid,light,Badge,,secondary,outline,base,/__functional-colors,elevated,idle,0,pass,5.880388477635331,"[5.999997, 105.000075, 93.99988499999999, 1]","[242.0001, 242.0001, 242.0001, 1]",
amber-solid,light,Alert,,secondary,outline,title,/__functional-colors,elevated,idle,0,pass,5.880388477635331,"[5.999997, 105.000075, 93.99988499999999, 1]","[242.0001, 242.0001, 242.0001, 1]",
amber-solid,light,Alert,,secondary,outline,description,/__functional-colors,elevated,idle,0,pass,5.880388477635331,"[5.999997, 105.000075, 93.99988499999999, 1]","[242.0001, 242.0001, 242.0001, 1]",
amber-solid,light,Badge,,secondary,soft,base,/__functional-colors,elevated,idle,0,pass,5.089415575103732,"[5.999997, 105.000075, 93.99988499999999, 1]","[218.40010500000002, 228.300072, 227.20007850000002, 1]",
amber-solid,light,Alert,,secondary,soft,title,/__functional-colors,elevated,idle,0,pass,5.089415575103732,"[5.999997, 105.000075, 93.99988499999999, 1]","[218.40010500000002, 228.300072, 227.20007850000002, 1]",
amber-solid,light,Alert,,secondary,soft,description,/__functional-colors,elevated,idle,0,pass,5.089415575103732,"[5.999997, 105.000075, 93.99988499999999, 1]","[218.40010500000002, 228.300072, 227.20007850000002, 1]",
amber-solid,light,Badge,,secondary,subtle,base,/__functional-colors,elevated,idle,0,pass,5.089415575103732,"[5.999997, 105.000075, 93.99988499999999, 1]","[218.40010500000002, 228.300072, 227.20007850000002, 1]",
amber-solid,light,Alert,,secondary,subtle,title,/__functional-colors,elevated,idle,0,pass,5.089415575103732,"[5.999997, 105.000075, 93.99988499999999, 1]","[218.40010500000002, 228.300072, 227.20007850000002, 1]",
amber-solid,light,Alert,,secondary,subtle,description,/__functional-colors,elevated,idle,0,pass,5.089415575103732,"[5.999997, 105.000075, 93.99988499999999, 1]","[218.40010500000002, 228.300072, 227.20007850000002, 1]",
amber-solid,light,Button,,secondary,solid,base/label,/__functional-colors,elevated,idle,0,pass,6.583058146676685,"[255, 255, 255, 1]","[5.999997, 105.000075, 93.99988499999999, 1]",
amber-solid,light,Button,,secondary,solid,base/label,/__functional-colors,elevated,hover,0,pass,7.620293273853335,"[255, 255, 255, 1]","[5.4000075, 94.49994, 84.60007499999999, 1]",
amber-solid,light,Button,,secondary,solid,base/label,/__functional-colors,elevated,active+hover,0,pass,8.836617659503887,"[255, 255, 255, 1]","[4.7999925, 84.00005999999999, 75.20001, 1]",
amber-solid,light,Button,,secondary,solid,base/label,/__functional-colors,elevated,keyboard-focus,0,pass,6.583058146676685,"[255, 255, 255, 1]","[5.999997, 105.000075, 93.99988499999999, 1]",
amber-solid,light,Button,,secondary,solid,base/label,/__functional-colors,elevated,keyboard-active+focus,0,pass,8.836617659503887,"[255, 255, 255, 1]","[4.7999925, 84.00005999999999, 75.20001, 1]",
amber-solid,light,Button,,secondary,solid,base/label,/__functional-colors,elevated,focus+hover,0,pass,7.620293273853335,"[255, 255, 255, 1]","[5.4000075, 94.49994, 84.60007499999999, 1]",
amber-solid,light,Button,,secondary,link,base/label,/__functional-colors,elevated,idle,0,pass,5.880388477635331,"[5.999997, 105.000075, 93.99988499999999, 1]","[242.0001, 242.0001, 242.0001, 1]",
amber-solid,light,Button,,secondary,link,base/label,/__functional-colors,elevated,hover,0,pass,5.880388477635331,"[5.999997, 105.000075, 93.99988499999999, 1]","[242.0001, 242.0001, 242.0001, 1]",
amber-solid,light,Button,,secondary,link,base/label,/__functional-colors,elevated,active+hover,0,pass,5.880388477635331,"[5.999997, 105.000075, 93.99988499999999, 1]","[242.0001, 242.0001, 242.0001, 1]",
amber-solid,light,Button,,secondary,link,base/label,/__functional-colors,elevated,keyboard-focus,0,pass,5.880388477635331,"[5.999997, 105.000075, 93.99988499999999, 1]","[242.0001, 242.0001, 242.0001, 1]",
amber-solid,light,Button,,secondary,link,base/label,/__functional-colors,elevated,keyboard-active+focus,0,pass,5.880388477635331,"[5.999997, 105.000075, 93.99988499999999, 1]","[242.0001, 242.0001, 242.0001, 1]",
amber-solid,light,Button,,secondary,link,base/label,/__functional-colors,elevated,focus+hover,0,pass,5.880388477635331,"[5.999997, 105.000075, 93.99988499999999, 1]","[242.0001, 242.0001, 242.0001, 1]",
amber-solid,light,semantic text,,success,,text,/__functional-colors,elevated,idle,0,pass,5.893922594395495,"[35.99988, 105.99993, 49.99989, 1]","[242.0001, 242.0001, 242.0001, 1]",
amber-solid,light,Badge,,success,solid,base,/__functional-colors,elevated,idle,0,pass,6.598209505797759,"[255, 255, 255, 1]","[35.99988, 105.99993, 49.99989, 1]",
amber-solid,light,Alert,,success,solid,title,/__functional-colors,elevated,idle,0,pass,6.598209505797759,"[255, 255, 255, 1]","[35.99988, 105.99993, 49.99989, 1]",
amber-solid,light,Alert,,success,solid,description,/__functional-colors,elevated,idle,0,pass,6.598209505797759,"[255, 255, 255, 1]","[35.99988, 105.99993, 49.99989, 1]",
amber-solid,light,Badge,,success,outline,base,/__functional-colors,elevated,idle,0,pass,5.893922594395495,"[35.99988, 105.99993, 49.99989, 1]","[242.0001, 242.0001, 242.0001, 1]",
amber-solid,light,Alert,,success,outline,title,/__functional-colors,elevated,idle,0,pass,5.893922594395495,"[35.99988, 105.99993, 49.99989, 1]","[242.0001, 242.0001, 242.0001, 1]",
amber-solid,light,Alert,,success,outline,description,/__functional-colors,elevated,idle,0,pass,5.893922594395495,"[35.99988, 105.99993, 49.99989, 1]","[242.0001, 242.0001, 242.0001, 1]",
amber-solid,light,Badge,,success,soft,base,/__functional-colors,elevated,idle,0,pass,5.11890122002593,"[35.99988, 105.99993, 49.99989, 1]","[221.4001035, 228.40008300000002, 222.800079, 1]",
amber-solid,light,Alert,,success,soft,title,/__functional-colors,elevated,idle,0,pass,5.11890122002593,"[35.99988, 105.99993, 49.99989, 1]","[221.4001035, 228.40008300000002, 222.800079, 1]",
amber-solid,light,Alert,,success,soft,description,/__functional-colors,elevated,idle,0,pass,5.11890122002593,"[35.99988, 105.99993, 49.99989, 1]","[221.4001035, 228.40008300000002, 222.800079, 1]",
amber-solid,light,Badge,,success,subtle,base,/__functional-colors,elevated,idle,0,pass,5.11890122002593,"[35.99988, 105.99993, 49.99989, 1]","[221.4001035, 228.40008300000002, 222.800079, 1]",
amber-solid,light,Alert,,success,subtle,title,/__functional-colors,elevated,idle,0,pass,5.11890122002593,"[35.99988, 105.99993, 49.99989, 1]","[221.4001035, 228.40008300000002, 222.800079, 1]",
amber-solid,light,Alert,,success,subtle,description,/__functional-colors,elevated,idle,0,pass,5.11890122002593,"[35.99988, 105.99993, 49.99989, 1]","[221.4001035, 228.40008300000002, 222.800079, 1]",
amber-solid,light,Button,,success,solid,base/label,/__functional-colors,elevated,idle,0,pass,6.598209505797759,"[255, 255, 255, 1]","[35.99988, 105.99993, 49.99989, 1]",
amber-solid,light,Button,,success,solid,base/label,/__functional-colors,elevated,hover,0,pass,7.630997421532101,"[255, 255, 255, 1]","[32.400045, 95.40009, 45.000105, 1]",
amber-solid,light,Button,,success,solid,base/label,/__functional-colors,elevated,active+hover,0,pass,8.840573607206386,"[255, 255, 255, 1]","[28.799955, 84.799995, 40.000065, 1]",
amber-solid,light,Button,,success,solid,base/label,/__functional-colors,elevated,keyboard-focus,0,pass,6.598209505797759,"[255, 255, 255, 1]","[35.99988, 105.99993, 49.99989, 1]",
amber-solid,light,Button,,success,solid,base/label,/__functional-colors,elevated,keyboard-active+focus,0,pass,8.840573607206386,"[255, 255, 255, 1]","[28.799955, 84.799995, 40.000065, 1]",
amber-solid,light,Button,,success,solid,base/label,/__functional-colors,elevated,focus+hover,0,pass,7.630997421532101,"[255, 255, 255, 1]","[32.400045, 95.40009, 45.000105, 1]",
amber-solid,light,Button,,success,link,base/label,/__functional-colors,elevated,idle,0,pass,5.893922594395495,"[35.99988, 105.99993, 49.99989, 1]","[242.0001, 242.0001, 242.0001, 1]",
amber-solid,light,Button,,success,link,base/label,/__functional-colors,elevated,hover,0,pass,5.893922594395495,"[35.99988, 105.99993, 49.99989, 1]","[242.0001, 242.0001, 242.0001, 1]",
amber-solid,light,Button,,success,link,base/label,/__functional-colors,elevated,active+hover,0,pass,5.893922594395495,"[35.99988, 105.99993, 49.99989, 1]","[242.0001, 242.0001, 242.0001, 1]",
amber-solid,light,Button,,success,link,base/label,/__functional-colors,elevated,keyboard-focus,0,pass,5.893922594395495,"[35.99988, 105.99993, 49.99989, 1]","[242.0001, 242.0001, 242.0001, 1]",
amber-solid,light,Button,,success,link,base/label,/__functional-colors,elevated,keyboard-active+focus,0,pass,5.893922594395495,"[35.99988, 105.99993, 49.99989, 1]","[242.0001, 242.0001, 242.0001, 1]",
amber-solid,light,Button,,success,link,base/label,/__functional-colors,elevated,focus+hover,0,pass,5.893922594395495,"[35.99988, 105.99993, 49.99989, 1]","[242.0001, 242.0001, 242.0001, 1]",
amber-solid,light,semantic text,,info,,text,/__functional-colors,elevated,idle,0,pass,5.991760018033686,"[0, 87.99999000000001, 188.99988, 1]","[242.0001, 242.0001, 242.0001, 1]",
amber-solid,light,Badge,,info,solid,base,/__functional-colors,elevated,idle,0,pass,6.70773789005006,"[255, 255, 255, 1]","[0, 87.99999000000001, 188.99988, 1]",
amber-solid,light,Alert,,info,solid,title,/__functional-colors,elevated,idle,0,pass,6.70773789005006,"[255, 255, 255, 1]","[0, 87.99999000000001, 188.99988, 1]",
amber-solid,light,Alert,,info,solid,description,/__functional-colors,elevated,idle,0,pass,6.70773789005006,"[255, 255, 255, 1]","[0, 87.99999000000001, 188.99988, 1]",
amber-solid,light,Badge,,info,outline,base,/__functional-colors,elevated,idle,0,pass,5.991760018033686,"[0, 87.99999000000001, 188.99988, 1]","[242.0001, 242.0001, 242.0001, 1]",
amber-solid,light,Alert,,info,outline,title,/__functional-colors,elevated,idle,0,pass,5.991760018033686,"[0, 87.99999000000001, 188.99988, 1]","[242.0001, 242.0001, 242.0001, 1]",
amber-solid,light,Alert,,info,outline,description,/__functional-colors,elevated,idle,0,pass,5.991760018033686,"[0, 87.99999000000001, 188.99988, 1]","[242.0001, 242.0001, 242.0001, 1]",
amber-solid,light,Badge,,info,soft,base,/__functional-colors,elevated,idle,0,pass,5.154812943032272,"[0, 87.99999000000001, 188.99988, 1]","[217.80014400262502, 226.60008900000003, 236.70005250000003, 1]",
amber-solid,light,Alert,,info,soft,title,/__functional-colors,elevated,idle,0,pass,5.154812943032272,"[0, 87.99999000000001, 188.99988, 1]","[217.80014400262502, 226.60008900000003, 236.70005250000003, 1]",
amber-solid,light,Alert,,info,soft,description,/__functional-colors,elevated,idle,0,pass,5.154812943032272,"[0, 87.99999000000001, 188.99988, 1]","[217.80014400262502, 226.60008900000003, 236.70005250000003, 1]",
amber-solid,light,Badge,,info,subtle,base,/__functional-colors,elevated,idle,0,pass,5.154812943032272,"[0, 87.99999000000001, 188.99988, 1]","[217.80014400262502, 226.60008900000003, 236.70005250000003, 1]",
amber-solid,light,Alert,,info,subtle,title,/__functional-colors,elevated,idle,0,pass,5.154812943032272,"[0, 87.99999000000001, 188.99988, 1]","[217.80014400262502, 226.60008900000003, 236.70005250000003, 1]",
amber-solid,light,Alert,,info,subtle,description,/__functional-colors,elevated,idle,0,pass,5.154812943032272,"[0, 87.99999000000001, 188.99988, 1]","[217.80014400262502, 226.60008900000003, 236.70005250000003, 1]",
amber-solid,light,Button,,info,solid,base/label,/__functional-colors,elevated,idle,0,pass,6.70773789005006,"[255, 255, 255, 1]","[0, 87.99999000000001, 188.99988, 1]",
amber-solid,light,Button,,info,solid,base/label,/__functional-colors,elevated,hover,0,pass,7.762298638770592,"[255, 255, 255, 1]","[0, 79.19994, 170.100045, 1]",
amber-solid,light,Button,,info,solid,base/label,/__functional-colors,elevated,active+hover,0,pass,8.996361336393038,"[255, 255, 255, 1]","[0, 70.39989, 151.19995500000002, 1]",
amber-solid,light,Button,,info,solid,base/label,/__functional-colors,elevated,keyboard-focus,0,pass,6.70773789005006,"[255, 255, 255, 1]","[0, 87.99999000000001, 188.99988, 1]",
amber-solid,light,Button,,info,solid,base/label,/__functional-colors,elevated,keyboard-active+focus,0,pass,8.996361336393038,"[255, 255, 255, 1]","[0, 70.39989, 151.19995500000002, 1]",
amber-solid,light,Button,,info,solid,base/label,/__functional-colors,elevated,focus+hover,0,pass,7.762298638770592,"[255, 255, 255, 1]","[0, 79.19994, 170.100045, 1]",
amber-solid,light,Button,,info,link,base/label,/__functional-colors,elevated,idle,0,pass,5.991760018033686,"[0, 87.99999000000001, 188.99988, 1]","[242.0001, 242.0001, 242.0001, 1]",
amber-solid,light,Button,,info,link,base/label,/__functional-colors,elevated,hover,0,pass,5.991760018033686,"[0, 87.99999000000001, 188.99988, 1]","[242.0001, 242.0001, 242.0001, 1]",
amber-solid,light,Button,,info,link,base/label,/__functional-colors,elevated,active+hover,0,pass,5.991760018033686,"[0, 87.99999000000001, 188.99988, 1]","[242.0001, 242.0001, 242.0001, 1]",
amber-solid,light,Button,,info,link,base/label,/__functional-colors,elevated,keyboard-focus,0,pass,5.991760018033686,"[0, 87.99999000000001, 188.99988, 1]","[242.0001, 242.0001, 242.0001, 1]",
amber-solid,light,Button,,info,link,base/label,/__functional-colors,elevated,keyboard-active+focus,0,pass,5.991760018033686,"[0, 87.99999000000001, 188.99988, 1]","[242.0001, 242.0001, 242.0001, 1]",
amber-solid,light,Button,,info,link,base/label,/__functional-colors,elevated,focus+hover,0,pass,5.991760018033686,"[0, 87.99999000000001, 188.99988, 1]","[242.0001, 242.0001, 242.0001, 1]",
amber-solid,light,semantic text,,warning,,text,/__functional-colors,elevated,idle,0,pass,7.147318757538951,"[123.00001499999999, 66.00012, 7.000005, 1]","[242.0001, 242.0001, 242.0001, 1]",
amber-solid,light,Badge,,warning,solid,base,/__functional-colors,elevated,idle,0,pass,7.825457958425116,"[23.0000055, 23.0000055, 23.0000055, 1]","[232.999875, 154.999965, 23.999988, 1]",
amber-solid,light,Alert,,warning,solid,title,/__functional-colors,elevated,idle,0,pass,7.825457958425116,"[23.0000055, 23.0000055, 23.0000055, 1]","[232.999875, 154.999965, 23.999988, 1]",
amber-solid,light,Alert,,warning,solid,description,/__functional-colors,elevated,idle,0,pass,7.825457958425116,"[23.0000055, 23.0000055, 23.0000055, 1]","[232.999875, 154.999965, 23.999988, 1]",
amber-solid,light,Badge,,warning,outline,base,/__functional-colors,elevated,idle,0,pass,7.147318757538951,"[123.00001499999999, 66.00012, 7.000005, 1]","[242.0001, 242.0001, 242.0001, 1]",
amber-solid,light,Alert,,warning,outline,title,/__functional-colors,elevated,idle,0,pass,7.147318757538951,"[123.00001499999999, 66.00012, 7.000005, 1]","[242.0001, 242.0001, 242.0001, 1]",
amber-solid,light,Alert,,warning,outline,description,/__functional-colors,elevated,idle,0,pass,7.147318757538951,"[123.00001499999999, 66.00012, 7.000005, 1]","[242.0001, 242.0001, 242.0001, 1]",
amber-solid,light,Badge,,warning,soft,base,/__functional-colors,elevated,idle,0,pass,6.130913255950162,"[123.00001499999999, 66.00012, 7.000005, 1]","[230.10009150000002, 224.400102, 218.50010070000002, 1]",
amber-solid,light,Alert,,warning,soft,title,/__functional-colors,elevated,idle,0,pass,6.130913255950162,"[123.00001499999999, 66.00012, 7.000005, 1]","[230.10009150000002, 224.400102, 218.50010070000002, 1]",
amber-solid,light,Alert,,warning,soft,description,/__functional-colors,elevated,idle,0,pass,6.130913255950162,"[123.00001499999999, 66.00012, 7.000005, 1]","[230.10009150000002, 224.400102, 218.50010070000002, 1]",
amber-solid,light,Badge,,warning,subtle,base,/__functional-colors,elevated,idle,0,pass,6.130913255950162,"[123.00001499999999, 66.00012, 7.000005, 1]","[230.10009150000002, 224.400102, 218.50010070000002, 1]",
amber-solid,light,Alert,,warning,subtle,title,/__functional-colors,elevated,idle,0,pass,6.130913255950162,"[123.00001499999999, 66.00012, 7.000005, 1]","[230.10009150000002, 224.400102, 218.50010070000002, 1]",
amber-solid,light,Alert,,warning,subtle,description,/__functional-colors,elevated,idle,0,pass,6.130913255950162,"[123.00001499999999, 66.00012, 7.000005, 1]","[230.10009150000002, 224.400102, 218.50010070000002, 1]",
amber-solid,light,Button,,warning,solid,base/label,/__functional-colors,elevated,idle,0,pass,7.825457958425116,"[23.0000055, 23.0000055, 23.0000055, 1]","[232.999875, 154.999965, 23.999988, 1]",
amber-solid,light,Button,,warning,solid,base/label,/__functional-colors,elevated,hover,0,pass,9.983286181075494,"[23.0000055, 23.0000055, 23.0000055, 1]","[244.000065, 182.999985, 63.9999, 1]",
amber-solid,light,Button,,warning,solid,base/label,/__functional-colors,elevated,active+hover,0,pass,12.322696666177878,"[23.0000055, 23.0000055, 23.0000055, 1]","[251.00007, 209.00004, 107.00004, 1]",
amber-solid,light,Button,,warning,solid,base/label,/__functional-colors,elevated,keyboard-focus,0,pass,7.825457958425116,"[23.0000055, 23.0000055, 23.0000055, 1]","[232.999875, 154.999965, 23.999988, 1]",
amber-solid,light,Button,,warning,solid,base/label,/__functional-colors,elevated,keyboard-active+focus,0,pass,12.322696666177878,"[23.0000055, 23.0000055, 23.0000055, 1]","[251.00007, 209.00004, 107.00004, 1]",
amber-solid,light,Button,,warning,solid,base/label,/__functional-colors,elevated,focus+hover,0,pass,9.983286181075494,"[23.0000055, 23.0000055, 23.0000055, 1]","[244.000065, 182.999985, 63.9999, 1]",
amber-solid,light,Button,,warning,link,base/label,/__functional-colors,elevated,idle,0,pass,7.147318757538951,"[123.00001499999999, 66.00012, 7.000005, 1]","[242.0001, 242.0001, 242.0001, 1]",
amber-solid,light,Button,,warning,link,base/label,/__functional-colors,elevated,hover,0,pass,7.147318757538951,"[123.00001499999999, 66.00012, 7.000005, 1]","[242.0001, 242.0001, 242.0001, 1]",
amber-solid,light,Button,,warning,link,base/label,/__functional-colors,elevated,active+hover,0,pass,7.147318757538951,"[123.00001499999999, 66.00012, 7.000005, 1]","[242.0001, 242.0001, 242.0001, 1]",
amber-solid,light,Button,,warning,link,base/label,/__functional-colors,elevated,keyboard-focus,0,pass,7.147318757538951,"[123.00001499999999, 66.00012, 7.000005, 1]","[242.0001, 242.0001, 242.0001, 1]",
amber-solid,light,Button,,warning,link,base/label,/__functional-colors,elevated,keyboard-active+focus,0,pass,7.147318757538951,"[123.00001499999999, 66.00012, 7.000005, 1]","[242.0001, 242.0001, 242.0001, 1]",
amber-solid,light,Button,,warning,link,base/label,/__functional-colors,elevated,focus+hover,0,pass,7.147318757538951,"[123.00001499999999, 66.00012, 7.000005, 1]","[242.0001, 242.0001, 242.0001, 1]",
amber-solid,light,semantic text,,error,,text,/__functional-colors,elevated,idle,0,pass,5.794690635419646,"[181.00002, 35.000024999999994, 40.99992, 1]","[242.0001, 242.0001, 242.0001, 1]",
amber-solid,light,Badge,,error,solid,base,/__functional-colors,elevated,idle,0,pass,6.487119947951175,"[255, 255, 255, 1]","[181.00002, 35.000024999999994, 40.99992, 1]",
amber-solid,light,Alert,,error,solid,title,/__functional-colors,elevated,idle,0,pass,6.487119947951175,"[255, 255, 255, 1]","[181.00002, 35.000024999999994, 40.99992, 1]",
amber-solid,light,Alert,,error,solid,description,/__functional-colors,elevated,idle,0,pass,6.487119947951175,"[255, 255, 255, 1]","[181.00002, 35.000024999999994, 40.99992, 1]",
amber-solid,light,Badge,,error,outline,base,/__functional-colors,elevated,idle,0,pass,5.794690635419646,"[181.00002, 35.000024999999994, 40.99992, 1]","[242.0001, 242.0001, 242.0001, 1]",
amber-solid,light,Alert,,error,outline,title,/__functional-colors,elevated,idle,0,pass,5.794690635419646,"[181.00002, 35.000024999999994, 40.99992, 1]","[242.0001, 242.0001, 242.0001, 1]",
amber-solid,light,Alert,,error,outline,description,/__functional-colors,elevated,idle,0,pass,5.794690635419646,"[181.00002, 35.000024999999994, 40.99992, 1]","[242.0001, 242.0001, 242.0001, 1]",
amber-solid,light,Badge,,error,soft,base,/__functional-colors,elevated,idle,0,pass,4.939839404675609,"[181.00002, 35.000024999999994, 40.99992, 1]","[235.900092, 221.300067, 221.900082, 1]",
amber-solid,light,Alert,,error,soft,title,/__functional-colors,elevated,idle,0,pass,4.939839404675609,"[181.00002, 35.000024999999994, 40.99992, 1]","[235.900092, 221.300067, 221.900082, 1]",
amber-solid,light,Alert,,error,soft,description,/__functional-colors,elevated,idle,0,pass,4.939839404675609,"[181.00002, 35.000024999999994, 40.99992, 1]","[235.900092, 221.300067, 221.900082, 1]",
amber-solid,light,Badge,,error,subtle,base,/__functional-colors,elevated,idle,0,pass,4.939839404675609,"[181.00002, 35.000024999999994, 40.99992, 1]","[235.900092, 221.300067, 221.900082, 1]",
amber-solid,light,Alert,,error,subtle,title,/__functional-colors,elevated,idle,0,pass,4.939839404675609,"[181.00002, 35.000024999999994, 40.99992, 1]","[235.900092, 221.300067, 221.900082, 1]",
amber-solid,light,Alert,,error,subtle,description,/__functional-colors,elevated,idle,0,pass,4.939839404675609,"[181.00002, 35.000024999999994, 40.99992, 1]","[235.900092, 221.300067, 221.900082, 1]",
amber-solid,light,Button,,error,solid,base/label,/__functional-colors,elevated,idle,0,pass,6.487119947951175,"[255, 255, 255, 1]","[181.00002, 35.000024999999994, 40.99992, 1]",
amber-solid,light,Button,,error,solid,base/label,/__functional-colors,elevated,hover,0,pass,7.545692556917561,"[255, 255, 255, 1]","[162.90012, 31.499895, 36.90003, 1]",
amber-solid,light,Button,,error,solid,base/label,/__functional-colors,elevated,active+hover,0,pass,8.793394550640816,"[255, 255, 255, 1]","[144.799965, 28.00002, 32.799884999999996, 1]",
amber-solid,light,Button,,error,solid,base/label,/__functional-colors,elevated,keyboard-focus,0,pass,6.487119947951175,"[255, 255, 255, 1]","[181.00002, 35.000024999999994, 40.99992, 1]",
amber-solid,light,Button,,error,solid,base/label,/__functional-colors,elevated,keyboard-active+focus,0,pass,8.793394550640816,"[255, 255, 255, 1]","[144.799965, 28.00002, 32.799884999999996, 1]",
amber-solid,light,Button,,error,solid,base/label,/__functional-colors,elevated,focus+hover,0,pass,7.545692556917561,"[255, 255, 255, 1]","[162.90012, 31.499895, 36.90003, 1]",
amber-solid,light,Button,,error,link,base/label,/__functional-colors,elevated,idle,0,pass,5.794690635419646,"[181.00002, 35.000024999999994, 40.99992, 1]","[242.0001, 242.0001, 242.0001, 1]",
amber-solid,light,Button,,error,link,base/label,/__functional-colors,elevated,hover,0,pass,5.794690635419646,"[181.00002, 35.000024999999994, 40.99992, 1]","[242.0001, 242.0001, 242.0001, 1]",
amber-solid,light,Button,,error,link,base/label,/__functional-colors,elevated,active+hover,0,pass,5.794690635419646,"[181.00002, 35.000024999999994, 40.99992, 1]","[242.0001, 242.0001, 242.0001, 1]",
amber-solid,light,Button,,error,link,base/label,/__functional-colors,elevated,keyboard-focus,0,pass,5.794690635419646,"[181.00002, 35.000024999999994, 40.99992, 1]","[242.0001, 242.0001, 242.0001, 1]",
amber-solid,light,Button,,error,link,base/label,/__functional-colors,elevated,keyboard-active+focus,0,pass,5.794690635419646,"[181.00002, 35.000024999999994, 40.99992, 1]","[242.0001, 242.0001, 242.0001, 1]",
amber-solid,light,Button,,error,link,base/label,/__functional-colors,elevated,focus+hover,0,pass,5.794690635419646,"[181.00002, 35.000024999999994, 40.99992, 1]","[242.0001, 242.0001, 242.0001, 1]",
amber-solid,light,FormField,,error,,error,,elevated,visible,0,pass,5.794690635419646,"[181.00002, 35.000024999999994, 40.99992, 1]","[242.0001, 242.0001, 242.0001, 1]",
amber-solid,light,API fixture,F1,,,,,elevated,idle,0,pass,5.794690635419646,"[181.00002, 35.000024999999994, 40.99992, 1]","[242.0001, 242.0001, 242.0001, 1]",
amber-solid,light,API fixture,F2,,,,,elevated,idle,0,pass,7.147318757538951,"[123.00001499999999, 66.00012, 7.000005, 1]","[242.0001, 242.0001, 242.0001, 1]",
amber-solid,light,API fixture,F5-field-caveat,,,,,elevated,idle,0,pass,6.130913255950162,"[123.00001499999999, 66.00012, 7.000005, 1]","[230.10009150000002, 224.400102, 218.50010070000002, 1]",
amber-solid,light,API fixture,F5-field-caveat,,,,,elevated,idle,1,pass,5.98723915066706,"[82.000095, 82.000095, 82.000095, 1]","[230.10009150000002, 224.400102, 218.50010070000002, 1]",
amber-solid,light,API fixture,value-caveat,,,,,elevated,idle,0,pass,6.130913255950162,"[123.00001499999999, 66.00012, 7.000005, 1]","[230.10009150000002, 224.400102, 218.50010070000002, 1]",
amber-solid,light,API fixture,value-caveat,,,,,elevated,idle,1,pass,5.98723915066706,"[82.000095, 82.000095, 82.000095, 1]","[230.10009150000002, 224.400102, 218.50010070000002, 1]",
amber-solid,light,ResponseExample,,,,status/statusText,,elevated,single status visible,0,pass,5.328570108307233,"[35.99988, 105.99993, 49.99989, 1]","[225.7200279, 232.7201451, 227.12014109999998, 1]",
amber-solid,light,ResponseExample,,,,status/statusText,,elevated,single status visible,1,pass,5.328570108307233,"[35.99988, 105.99993, 49.99989, 1]","[225.7200279, 232.7201451, 227.12014109999998, 1]",
amber-solid,light,ResponseExample,,,,status/statusText,,elevated,single status visible,2,pass,5.366687132898906,"[0, 87.99999000000001, 188.99988, 1]","[222.120068402625, 230.9201511, 241.02011459999997, 1]",
amber-solid,light,ResponseExample,,,,status/statusText,,elevated,single status visible,3,pass,5.366687132898906,"[0, 87.99999000000001, 188.99988, 1]","[222.120068402625, 230.9201511, 241.02011459999997, 1]",
amber-solid,light,ResponseExample,,,,status/statusText,,elevated,single status visible,4,pass,6.38323345776271,"[123.00001499999999, 66.00012, 7.000005, 1]","[234.4200159, 228.72016409999998, 222.8201628, 1]",
amber-solid,light,ResponseExample,,,,status/statusText,,elevated,single status visible,5,pass,6.38323345776271,"[123.00001499999999, 66.00012, 7.000005, 1]","[234.4200159, 228.72016409999998, 222.8201628, 1]",
amber-solid,light,ResponseExample,,,,status/statusText,,elevated,single status visible,6,pass,5.143558260577679,"[181.00002, 35.000024999999994, 40.99992, 1]","[240.2200164, 225.62012909999999, 226.2201441, 1]",
amber-solid,light,ResponseExample,,,,status/statusText,,elevated,single status visible,7,pass,5.143558260577679,"[181.00002, 35.000024999999994, 40.99992, 1]","[240.2200164, 225.62012909999999, 226.2201441, 1]",
amber-solid,light,LifecycleNotice,,,,,,elevated,idle,0,pass,6.130913255950162,"[123.00001499999999, 66.00012, 7.000005, 1]","[230.10009150000002, 224.400102, 218.50010070000002, 1]",
amber-solid,light,LifecycleNotice,,,,,,elevated,idle,1,pass,6.130913255950162,"[123.00001499999999, 66.00012, 7.000005, 1]","[230.10009150000002, 224.400102, 218.50010070000002, 1]",
amber-solid,light,LifecycleNotice,,,,,,elevated,idle,2,pass,5.11890122002593,"[35.99988, 105.99993, 49.99989, 1]","[221.4001035, 228.40008300000002, 222.800079, 1]",
amber-solid,light,LifecycleNotice,,,,,,elevated,idle,3,pass,5.11890122002593,"[35.99988, 105.99993, 49.99989, 1]","[221.4001035, 228.40008300000002, 222.800079, 1]",
amber-solid,light,LifecycleNotice,,,,,,elevated,idle,4,pass,6.130913255950162,"[123.00001499999999, 66.00012, 7.000005, 1]","[230.10009150000002, 224.400102, 218.50010070000002, 1]",
amber-solid,light,LifecycleNotice,,,,,,elevated,idle,5,pass,6.130913255950162,"[123.00001499999999, 66.00012, 7.000005, 1]","[230.10009150000002, 224.400102, 218.50010070000002, 1]",
amber-solid,light,LifecycleNotice,,,,,,elevated,idle,6,pass,16.01421985372683,"[23.0000055, 23.0000055, 23.0000055, 1]","[241.9999725, 241.9999725, 241.9999725, 1]",
amber-solid,light,LifecycleNotice,,,,,,elevated,idle,7,pass,12.319264149745326,"[44.9000022, 44.9000022, 44.9000022, 1]","[241.9999725, 241.9999725, 241.9999725, 1]",
amber-solid,light,LifecycleNotice,,,,,,elevated,idle,8,pass,4.939839404675609,"[181.00002, 35.000024999999994, 40.99992, 1]","[235.900092, 221.300067, 221.900082, 1]",
amber-solid,light,LifecycleNotice,,,,,,elevated,idle,9,pass,4.939839404675609,"[181.00002, 35.000024999999994, 40.99992, 1]","[235.900092, 221.300067, 221.900082, 1]",
amber-solid,light,FieldAnnotation,,,,required,,portal own bg-default,open,0,pass,6.487119947951175,"[181.00002, 35.000024999999994, 40.99992, 1]","[255, 255, 255, 1]",
amber-solid,light,FieldAnnotation,,,,conditional,,portal own bg-default,open,0,pass,8.001378676368077,"[123.00001499999999, 66.00012, 7.000005, 1]","[255, 255, 255, 1]",
amber-solid,light,semantic text,,primary,,text,/__functional-colors,accented,idle,0,pass,5.9734733527195685,"[107.00004, 47.999925000000005, 207.00007499999998, 1]","[235.000095, 235.000095, 235.000095, 1]",
amber-solid,light,Badge,,primary,solid,base,/__functional-colors,accented,idle,0,pass,7.121203584676938,"[255, 255, 255, 1]","[107.00004, 47.999925000000005, 207.00007499999998, 1]",
amber-solid,light,Alert,,primary,solid,title,/__functional-colors,accented,idle,0,pass,7.121203584676938,"[255, 255, 255, 1]","[107.00004, 47.999925000000005, 207.00007499999998, 1]",
amber-solid,light,Alert,,primary,solid,description,/__functional-colors,accented,idle,0,pass,7.121203584676938,"[255, 255, 255, 1]","[107.00004, 47.999925000000005, 207.00007499999998, 1]",
amber-solid,light,Badge,,primary,outline,base,/__functional-colors,accented,idle,0,pass,5.9734733527195685,"[107.00004, 47.999925000000005, 207.00007499999998, 1]","[235.000095, 235.000095, 235.000095, 1]",
amber-solid,light,Alert,,primary,outline,title,/__functional-colors,accented,idle,0,pass,5.9734733527195685,"[107.00004, 47.999925000000005, 207.00007499999998, 1]","[235.000095, 235.000095, 235.000095, 1]",
amber-solid,light,Alert,,primary,outline,description,/__functional-colors,accented,idle,0,pass,5.9734733527195685,"[107.00004, 47.999925000000005, 207.00007499999998, 1]","[235.000095, 235.000095, 235.000095, 1]",
amber-solid,light,Badge,,primary,soft,base,/__functional-colors,accented,idle,0,pass,5.131635806016833,"[107.00004, 47.999925000000005, 207.00007499999998, 1]","[222.2000895, 216.30007799999998, 232.20009299999998, 1]",
amber-solid,light,Alert,,primary,soft,title,/__functional-colors,accented,idle,0,pass,5.131635806016833,"[107.00004, 47.999925000000005, 207.00007499999998, 1]","[222.2000895, 216.30007799999998, 232.20009299999998, 1]",
amber-solid,light,Alert,,primary,soft,description,/__functional-colors,accented,idle,0,pass,5.131635806016833,"[107.00004, 47.999925000000005, 207.00007499999998, 1]","[222.2000895, 216.30007799999998, 232.20009299999998, 1]",
amber-solid,light,Badge,,primary,subtle,base,/__functional-colors,accented,idle,0,pass,5.131635806016833,"[107.00004, 47.999925000000005, 207.00007499999998, 1]","[222.2000895, 216.30007799999998, 232.20009299999998, 1]",
amber-solid,light,Alert,,primary,subtle,title,/__functional-colors,accented,idle,0,pass,5.131635806016833,"[107.00004, 47.999925000000005, 207.00007499999998, 1]","[222.2000895, 216.30007799999998, 232.20009299999998, 1]",
amber-solid,light,Alert,,primary,subtle,description,/__functional-colors,accented,idle,0,pass,5.131635806016833,"[107.00004, 47.999925000000005, 207.00007499999998, 1]","[222.2000895, 216.30007799999998, 232.20009299999998, 1]",
amber-solid,light,Button,,primary,solid,base/label,/__functional-colors,accented,idle,0,pass,7.121203584676938,"[255, 255, 255, 1]","[107.00004, 47.999925000000005, 207.00007499999998, 1]",
amber-solid,light,Button,,primary,solid,base/label,/__functional-colors,accented,hover,0,pass,8.20095964623415,"[255, 255, 255, 1]","[96.299985, 43.20006, 186.29994, 1]",
amber-solid,light,Button,,primary,solid,base/label,/__functional-colors,accented,active+hover,0,pass,9.450985594228746,"[255, 255, 255, 1]","[85.59993, 38.39994, 165.60005999999998, 1]",
amber-solid,light,Button,,primary,solid,base/label,/__functional-colors,accented,keyboard-focus,0,pass,7.121203584676938,"[255, 255, 255, 1]","[107.00004, 47.999925000000005, 207.00007499999998, 1]",
amber-solid,light,Button,,primary,solid,base/label,/__functional-colors,accented,keyboard-active+focus,0,pass,9.450985594228746,"[255, 255, 255, 1]","[85.59993, 38.39994, 165.60005999999998, 1]",
amber-solid,light,Button,,primary,solid,base/label,/__functional-colors,accented,focus+hover,0,pass,8.20095964623415,"[255, 255, 255, 1]","[96.299985, 43.20006, 186.29994, 1]",
amber-solid,light,Button,,primary,link,base/label,/__functional-colors,accented,idle,0,pass,5.9734733527195685,"[107.00004, 47.999925000000005, 207.00007499999998, 1]","[235.000095, 235.000095, 235.000095, 1]",
amber-solid,light,Button,,primary,link,base/label,/__functional-colors,accented,hover,0,pass,5.9734733527195685,"[107.00004, 47.999925000000005, 207.00007499999998, 1]","[235.000095, 235.000095, 235.000095, 1]",
amber-solid,light,Button,,primary,link,base/label,/__functional-colors,accented,active+hover,0,pass,5.9734733527195685,"[107.00004, 47.999925000000005, 207.00007499999998, 1]","[235.000095, 235.000095, 235.000095, 1]",
amber-solid,light,Button,,primary,link,base/label,/__functional-colors,accented,keyboard-focus,0,pass,5.9734733527195685,"[107.00004, 47.999925000000005, 207.00007499999998, 1]","[235.000095, 235.000095, 235.000095, 1]",
amber-solid,light,Button,,primary,link,base/label,/__functional-colors,accented,keyboard-active+focus,0,pass,5.9734733527195685,"[107.00004, 47.999925000000005, 207.00007499999998, 1]","[235.000095, 235.000095, 235.000095, 1]",
amber-solid,light,Button,,primary,link,base/label,/__functional-colors,accented,focus+hover,0,pass,5.9734733527195685,"[107.00004, 47.999925000000005, 207.00007499999998, 1]","[235.000095, 235.000095, 235.000095, 1]",
amber-solid,light,semantic text,,secondary,,text,/__functional-colors,accented,idle,0,pass,5.522061257059345,"[5.999997, 105.000075, 93.99988499999999, 1]","[235.000095, 235.000095, 235.000095, 1]",
amber-solid,light,Badge,,secondary,solid,base,/__functional-colors,accented,idle,0,pass,6.583058146676685,"[255, 255, 255, 1]","[5.999997, 105.000075, 93.99988499999999, 1]",
amber-solid,light,Alert,,secondary,solid,title,/__functional-colors,accented,idle,0,pass,6.583058146676685,"[255, 255, 255, 1]","[5.999997, 105.000075, 93.99988499999999, 1]",
amber-solid,light,Alert,,secondary,solid,description,/__functional-colors,accented,idle,0,pass,6.583058146676685,"[255, 255, 255, 1]","[5.999997, 105.000075, 93.99988499999999, 1]",
amber-solid,light,Badge,,secondary,outline,base,/__functional-colors,accented,idle,0,pass,5.522061257059345,"[5.999997, 105.000075, 93.99988499999999, 1]","[235.000095, 235.000095, 235.000095, 1]",
amber-solid,light,Alert,,secondary,outline,title,/__functional-colors,accented,idle,0,pass,5.522061257059345,"[5.999997, 105.000075, 93.99988499999999, 1]","[235.000095, 235.000095, 235.000095, 1]",
amber-solid,light,Alert,,secondary,outline,description,/__functional-colors,accented,idle,0,pass,5.522061257059345,"[5.999997, 105.000075, 93.99988499999999, 1]","[235.000095, 235.000095, 235.000095, 1]",
amber-solid,light,Badge,,secondary,soft,base,/__functional-colors,accented,idle,0,pass,4.794325338025732,"[5.999997, 105.000075, 93.99988499999999, 1]","[212.1001005, 222.00006749999997, 220.900074, 1]",
amber-solid,light,Alert,,secondary,soft,title,/__functional-colors,accented,idle,0,pass,4.794325338025732,"[5.999997, 105.000075, 93.99988499999999, 1]","[212.1001005, 222.00006749999997, 220.900074, 1]",
amber-solid,light,Alert,,secondary,soft,description,/__functional-colors,accented,idle,0,pass,4.794325338025732,"[5.999997, 105.000075, 93.99988499999999, 1]","[212.1001005, 222.00006749999997, 220.900074, 1]",
amber-solid,light,Badge,,secondary,subtle,base,/__functional-colors,accented,idle,0,pass,4.794325338025732,"[5.999997, 105.000075, 93.99988499999999, 1]","[212.1001005, 222.00006749999997, 220.900074, 1]",
amber-solid,light,Alert,,secondary,subtle,title,/__functional-colors,accented,idle,0,pass,4.794325338025732,"[5.999997, 105.000075, 93.99988499999999, 1]","[212.1001005, 222.00006749999997, 220.900074, 1]",
amber-solid,light,Alert,,secondary,subtle,description,/__functional-colors,accented,idle,0,pass,4.794325338025732,"[5.999997, 105.000075, 93.99988499999999, 1]","[212.1001005, 222.00006749999997, 220.900074, 1]",
amber-solid,light,Button,,secondary,solid,base/label,/__functional-colors,accented,idle,0,pass,6.583058146676685,"[255, 255, 255, 1]","[5.999997, 105.000075, 93.99988499999999, 1]",
amber-solid,light,Button,,secondary,solid,base/label,/__functional-colors,accented,hover,0,pass,7.620293273853335,"[255, 255, 255, 1]","[5.4000075, 94.49994, 84.60007499999999, 1]",
amber-solid,light,Button,,secondary,solid,base/label,/__functional-colors,accented,active+hover,0,pass,8.836617659503887,"[255, 255, 255, 1]","[4.7999925, 84.00005999999999, 75.20001, 1]",
amber-solid,light,Button,,secondary,solid,base/label,/__functional-colors,accented,keyboard-focus,0,pass,6.583058146676685,"[255, 255, 255, 1]","[5.999997, 105.000075, 93.99988499999999, 1]",
amber-solid,light,Button,,secondary,solid,base/label,/__functional-colors,accented,keyboard-active+focus,0,pass,8.836617659503887,"[255, 255, 255, 1]","[4.7999925, 84.00005999999999, 75.20001, 1]",
amber-solid,light,Button,,secondary,solid,base/label,/__functional-colors,accented,focus+hover,0,pass,7.620293273853335,"[255, 255, 255, 1]","[5.4000075, 94.49994, 84.60007499999999, 1]",
amber-solid,light,Button,,secondary,link,base/label,/__functional-colors,accented,idle,0,pass,5.522061257059345,"[5.999997, 105.000075, 93.99988499999999, 1]","[235.000095, 235.000095, 235.000095, 1]",
amber-solid,light,Button,,secondary,link,base/label,/__functional-colors,accented,hover,0,pass,5.522061257059345,"[5.999997, 105.000075, 93.99988499999999, 1]","[235.000095, 235.000095, 235.000095, 1]",
amber-solid,light,Button,,secondary,link,base/label,/__functional-colors,accented,active+hover,0,pass,5.522061257059345,"[5.999997, 105.000075, 93.99988499999999, 1]","[235.000095, 235.000095, 235.000095, 1]",
amber-solid,light,Button,,secondary,link,base/label,/__functional-colors,accented,keyboard-focus,0,pass,5.522061257059345,"[5.999997, 105.000075, 93.99988499999999, 1]","[235.000095, 235.000095, 235.000095, 1]",
amber-solid,light,Button,,secondary,link,base/label,/__functional-colors,accented,keyboard-active+focus,0,pass,5.522061257059345,"[5.999997, 105.000075, 93.99988499999999, 1]","[235.000095, 235.000095, 235.000095, 1]",
amber-solid,light,Button,,secondary,link,base/label,/__functional-colors,accented,focus+hover,0,pass,5.522061257059345,"[5.999997, 105.000075, 93.99988499999999, 1]","[235.000095, 235.000095, 235.000095, 1]",
amber-solid,light,semantic text,,success,,text,/__functional-colors,accented,idle,0,pass,5.534770659183723,"[35.99988, 105.99993, 49.99989, 1]","[235.000095, 235.000095, 235.000095, 1]",
amber-solid,light,Badge,,success,solid,base,/__functional-colors,accented,idle,0,pass,6.598209505797759,"[255, 255, 255, 1]","[35.99988, 105.99993, 49.99989, 1]",
amber-solid,light,Alert,,success,solid,title,/__functional-colors,accented,idle,0,pass,6.598209505797759,"[255, 255, 255, 1]","[35.99988, 105.99993, 49.99989, 1]",
amber-solid,light,Alert,,success,solid,description,/__functional-colors,accented,idle,0,pass,6.598209505797759,"[255, 255, 255, 1]","[35.99988, 105.99993, 49.99989, 1]",
amber-solid,light,Badge,,success,outline,base,/__functional-colors,accented,idle,0,pass,5.534770659183723,"[35.99988, 105.99993, 49.99989, 1]","[235.000095, 235.000095, 235.000095, 1]",
amber-solid,light,Alert,,success,outline,title,/__functional-colors,accented,idle,0,pass,5.534770659183723,"[35.99988, 105.99993, 49.99989, 1]","[235.000095, 235.000095, 235.000095, 1]",
amber-solid,light,Alert,,success,outline,description,/__functional-colors,accented,idle,0,pass,5.534770659183723,"[35.99988, 105.99993, 49.99989, 1]","[235.000095, 235.000095, 235.000095, 1]",
amber-solid,light,Badge,,success,soft,base,/__functional-colors,accented,idle,0,pass,4.8224578533887295,"[35.99988, 105.99993, 49.99989, 1]","[215.10009899999997, 222.1000785, 216.50007449999998, 1]",
amber-solid,light,Alert,,success,soft,title,/__functional-colors,accented,idle,0,pass,4.8224578533887295,"[35.99988, 105.99993, 49.99989, 1]","[215.10009899999997, 222.1000785, 216.50007449999998, 1]",
amber-solid,light,Alert,,success,soft,description,/__functional-colors,accented,idle,0,pass,4.8224578533887295,"[35.99988, 105.99993, 49.99989, 1]","[215.10009899999997, 222.1000785, 216.50007449999998, 1]",
amber-solid,light,Badge,,success,subtle,base,/__functional-colors,accented,idle,0,pass,4.8224578533887295,"[35.99988, 105.99993, 49.99989, 1]","[215.10009899999997, 222.1000785, 216.50007449999998, 1]",
amber-solid,light,Alert,,success,subtle,title,/__functional-colors,accented,idle,0,pass,4.8224578533887295,"[35.99988, 105.99993, 49.99989, 1]","[215.10009899999997, 222.1000785, 216.50007449999998, 1]",
amber-solid,light,Alert,,success,subtle,description,/__functional-colors,accented,idle,0,pass,4.8224578533887295,"[35.99988, 105.99993, 49.99989, 1]","[215.10009899999997, 222.1000785, 216.50007449999998, 1]",
amber-solid,light,Button,,success,solid,base/label,/__functional-colors,accented,idle,0,pass,6.598209505797759,"[255, 255, 255, 1]","[35.99988, 105.99993, 49.99989, 1]",
amber-solid,light,Button,,success,solid,base/label,/__functional-colors,accented,hover,0,pass,7.630997421532101,"[255, 255, 255, 1]","[32.400045, 95.40009, 45.000105, 1]",
amber-solid,light,Button,,success,solid,base/label,/__functional-colors,accented,active+hover,0,pass,8.840573607206386,"[255, 255, 255, 1]","[28.799955, 84.799995, 40.000065, 1]",
amber-solid,light,Button,,success,solid,base/label,/__functional-colors,accented,keyboard-focus,0,pass,6.598209505797759,"[255, 255, 255, 1]","[35.99988, 105.99993, 49.99989, 1]",
amber-solid,light,Button,,success,solid,base/label,/__functional-colors,accented,keyboard-active+focus,0,pass,8.840573607206386,"[255, 255, 255, 1]","[28.799955, 84.799995, 40.000065, 1]",
amber-solid,light,Button,,success,solid,base/label,/__functional-colors,accented,focus+hover,0,pass,7.630997421532101,"[255, 255, 255, 1]","[32.400045, 95.40009, 45.000105, 1]",
amber-solid,light,Button,,success,link,base/label,/__functional-colors,accented,idle,0,pass,5.534770659183723,"[35.99988, 105.99993, 49.99989, 1]","[235.000095, 235.000095, 235.000095, 1]",
amber-solid,light,Button,,success,link,base/label,/__functional-colors,accented,hover,0,pass,5.534770659183723,"[35.99988, 105.99993, 49.99989, 1]","[235.000095, 235.000095, 235.000095, 1]",
amber-solid,light,Button,,success,link,base/label,/__functional-colors,accented,active+hover,0,pass,5.534770659183723,"[35.99988, 105.99993, 49.99989, 1]","[235.000095, 235.000095, 235.000095, 1]",
amber-solid,light,Button,,success,link,base/label,/__functional-colors,accented,keyboard-focus,0,pass,5.534770659183723,"[35.99988, 105.99993, 49.99989, 1]","[235.000095, 235.000095, 235.000095, 1]",
amber-solid,light,Button,,success,link,base/label,/__functional-colors,accented,keyboard-active+focus,0,pass,5.534770659183723,"[35.99988, 105.99993, 49.99989, 1]","[235.000095, 235.000095, 235.000095, 1]",
amber-solid,light,Button,,success,link,base/label,/__functional-colors,accented,focus+hover,0,pass,5.534770659183723,"[35.99988, 105.99993, 49.99989, 1]","[235.000095, 235.000095, 235.000095, 1]",
amber-solid,light,semantic text,,info,,text,/__functional-colors,accented,idle,0,pass,5.626646263766263,"[0, 87.99999000000001, 188.99988, 1]","[235.000095, 235.000095, 235.000095, 1]",
amber-solid,light,Badge,,info,solid,base,/__functional-colors,accented,idle,0,pass,6.70773789005006,"[255, 255, 255, 1]","[0, 87.99999000000001, 188.99988, 1]",
amber-solid,light,Alert,,info,solid,title,/__functional-colors,accented,idle,0,pass,6.70773789005006,"[255, 255, 255, 1]","[0, 87.99999000000001, 188.99988, 1]",
amber-solid,light,Alert,,info,solid,description,/__functional-colors,accented,idle,0,pass,6.70773789005006,"[255, 255, 255, 1]","[0, 87.99999000000001, 188.99988, 1]",
amber-solid,light,Badge,,info,outline,base,/__functional-colors,accented,idle,0,pass,5.626646263766263,"[0, 87.99999000000001, 188.99988, 1]","[235.000095, 235.000095, 235.000095, 1]",
amber-solid,light,Alert,,info,outline,title,/__functional-colors,accented,idle,0,pass,5.626646263766263,"[0, 87.99999000000001, 188.99988, 1]","[235.000095, 235.000095, 235.000095, 1]",
amber-solid,light,Alert,,info,outline,description,/__functional-colors,accented,idle,0,pass,5.626646263766263,"[0, 87.99999000000001, 188.99988, 1]","[235.000095, 235.000095, 235.000095, 1]",
amber-solid,light,Badge,,info,soft,base,/__functional-colors,accented,idle,0,pass,4.855291432565066,"[0, 87.99999000000001, 188.99988, 1]","[211.500139502625, 220.3000845, 230.40004799999997, 1]",
amber-solid,light,Alert,,info,soft,title,/__functional-colors,accented,idle,0,pass,4.855291432565066,"[0, 87.99999000000001, 188.99988, 1]","[211.500139502625, 220.3000845, 230.40004799999997, 1]",
amber-solid,light,Alert,,info,soft,description,/__functional-colors,accented,idle,0,pass,4.855291432565066,"[0, 87.99999000000001, 188.99988, 1]","[211.500139502625, 220.3000845, 230.40004799999997, 1]",
amber-solid,light,Badge,,info,subtle,base,/__functional-colors,accented,idle,0,pass,4.855291432565066,"[0, 87.99999000000001, 188.99988, 1]","[211.500139502625, 220.3000845, 230.40004799999997, 1]",
amber-solid,light,Alert,,info,subtle,title,/__functional-colors,accented,idle,0,pass,4.855291432565066,"[0, 87.99999000000001, 188.99988, 1]","[211.500139502625, 220.3000845, 230.40004799999997, 1]",
amber-solid,light,Alert,,info,subtle,description,/__functional-colors,accented,idle,0,pass,4.855291432565066,"[0, 87.99999000000001, 188.99988, 1]","[211.500139502625, 220.3000845, 230.40004799999997, 1]",
amber-solid,light,Button,,info,solid,base/label,/__functional-colors,accented,idle,0,pass,6.70773789005006,"[255, 255, 255, 1]","[0, 87.99999000000001, 188.99988, 1]",
amber-solid,light,Button,,info,solid,base/label,/__functional-colors,accented,hover,0,pass,7.762298638770592,"[255, 255, 255, 1]","[0, 79.19994, 170.100045, 1]",
amber-solid,light,Button,,info,solid,base/label,/__functional-colors,accented,active+hover,0,pass,8.996361336393038,"[255, 255, 255, 1]","[0, 70.39989, 151.19995500000002, 1]",
amber-solid,light,Button,,info,solid,base/label,/__functional-colors,accented,keyboard-focus,0,pass,6.70773789005006,"[255, 255, 255, 1]","[0, 87.99999000000001, 188.99988, 1]",
amber-solid,light,Button,,info,solid,base/label,/__functional-colors,accented,keyboard-active+focus,0,pass,8.996361336393038,"[255, 255, 255, 1]","[0, 70.39989, 151.19995500000002, 1]",
amber-solid,light,Button,,info,solid,base/label,/__functional-colors,accented,focus+hover,0,pass,7.762298638770592,"[255, 255, 255, 1]","[0, 79.19994, 170.100045, 1]",
amber-solid,light,Button,,info,link,base/label,/__functional-colors,accented,idle,0,pass,5.626646263766263,"[0, 87.99999000000001, 188.99988, 1]","[235.000095, 235.000095, 235.000095, 1]",
amber-solid,light,Button,,info,link,base/label,/__functional-colors,accented,hover,0,pass,5.626646263766263,"[0, 87.99999000000001, 188.99988, 1]","[235.000095, 235.000095, 235.000095, 1]",
amber-solid,light,Button,,info,link,base/label,/__functional-colors,accented,active+hover,0,pass,5.626646263766263,"[0, 87.99999000000001, 188.99988, 1]","[235.000095, 235.000095, 235.000095, 1]",
amber-solid,light,Button,,info,link,base/label,/__functional-colors,accented,keyboard-focus,0,pass,5.626646263766263,"[0, 87.99999000000001, 188.99988, 1]","[235.000095, 235.000095, 235.000095, 1]",
amber-solid,light,Button,,info,link,base/label,/__functional-colors,accented,keyboard-active+focus,0,pass,5.626646263766263,"[0, 87.99999000000001, 188.99988, 1]","[235.000095, 235.000095, 235.000095, 1]",
amber-solid,light,Button,,info,link,base/label,/__functional-colors,accented,focus+hover,0,pass,5.626646263766263,"[0, 87.99999000000001, 188.99988, 1]","[235.000095, 235.000095, 235.000095, 1]",
amber-solid,light,semantic text,,warning,,text,/__functional-colors,accented,idle,0,pass,6.711789901800933,"[123.00001499999999, 66.00012, 7.000005, 1]","[235.000095, 235.000095, 235.000095, 1]",
amber-solid,light,Badge,,warning,solid,base,/__functional-colors,accented,idle,0,pass,7.825457958425116,"[23.0000055, 23.0000055, 23.0000055, 1]","[232.999875, 154.999965, 23.999988, 1]",
amber-solid,light,Alert,,warning,solid,title,/__functional-colors,accented,idle,0,pass,7.825457958425116,"[23.0000055, 23.0000055, 23.0000055, 1]","[232.999875, 154.999965, 23.999988, 1]",
amber-solid,light,Alert,,warning,solid,description,/__functional-colors,accented,idle,0,pass,7.825457958425116,"[23.0000055, 23.0000055, 23.0000055, 1]","[232.999875, 154.999965, 23.999988, 1]",
amber-solid,light,Badge,,warning,outline,base,/__functional-colors,accented,idle,0,pass,6.711789901800933,"[123.00001499999999, 66.00012, 7.000005, 1]","[235.000095, 235.000095, 235.000095, 1]",
amber-solid,light,Alert,,warning,outline,title,/__functional-colors,accented,idle,0,pass,6.711789901800933,"[123.00001499999999, 66.00012, 7.000005, 1]","[235.000095, 235.000095, 235.000095, 1]",
amber-solid,light,Alert,,warning,outline,description,/__functional-colors,accented,idle,0,pass,6.711789901800933,"[123.00001499999999, 66.00012, 7.000005, 1]","[235.000095, 235.000095, 235.000095, 1]",
amber-solid,light,Badge,,warning,soft,base,/__functional-colors,accented,idle,0,pass,5.774227725939664,"[123.00001499999999, 66.00012, 7.000005, 1]","[223.800087, 218.10009749999998, 212.2000962, 1]",
amber-solid,light,Alert,,warning,soft,title,/__functional-colors,accented,idle,0,pass,5.774227725939664,"[123.00001499999999, 66.00012, 7.000005, 1]","[223.800087, 218.10009749999998, 212.2000962, 1]",
amber-solid,light,Alert,,warning,soft,description,/__functional-colors,accented,idle,0,pass,5.774227725939664,"[123.00001499999999, 66.00012, 7.000005, 1]","[223.800087, 218.10009749999998, 212.2000962, 1]",
amber-solid,light,Badge,,warning,subtle,base,/__functional-colors,accented,idle,0,pass,5.774227725939664,"[123.00001499999999, 66.00012, 7.000005, 1]","[223.800087, 218.10009749999998, 212.2000962, 1]",
amber-solid,light,Alert,,warning,subtle,title,/__functional-colors,accented,idle,0,pass,5.774227725939664,"[123.00001499999999, 66.00012, 7.000005, 1]","[223.800087, 218.10009749999998, 212.2000962, 1]",
amber-solid,light,Alert,,warning,subtle,description,/__functional-colors,accented,idle,0,pass,5.774227725939664,"[123.00001499999999, 66.00012, 7.000005, 1]","[223.800087, 218.10009749999998, 212.2000962, 1]",
amber-solid,light,Button,,warning,solid,base/label,/__functional-colors,accented,idle,0,pass,7.825457958425116,"[23.0000055, 23.0000055, 23.0000055, 1]","[232.999875, 154.999965, 23.999988, 1]",
amber-solid,light,Button,,warning,solid,base/label,/__functional-colors,accented,hover,0,pass,9.983286181075494,"[23.0000055, 23.0000055, 23.0000055, 1]","[244.000065, 182.999985, 63.9999, 1]",
amber-solid,light,Button,,warning,solid,base/label,/__functional-colors,accented,active+hover,0,pass,12.322696666177878,"[23.0000055, 23.0000055, 23.0000055, 1]","[251.00007, 209.00004, 107.00004, 1]",
amber-solid,light,Button,,warning,solid,base/label,/__functional-colors,accented,keyboard-focus,0,pass,7.825457958425116,"[23.0000055, 23.0000055, 23.0000055, 1]","[232.999875, 154.999965, 23.999988, 1]",
amber-solid,light,Button,,warning,solid,base/label,/__functional-colors,accented,keyboard-active+focus,0,pass,12.322696666177878,"[23.0000055, 23.0000055, 23.0000055, 1]","[251.00007, 209.00004, 107.00004, 1]",
amber-solid,light,Button,,warning,solid,base/label,/__functional-colors,accented,focus+hover,0,pass,9.983286181075494,"[23.0000055, 23.0000055, 23.0000055, 1]","[244.000065, 182.999985, 63.9999, 1]",
amber-solid,light,Button,,warning,link,base/label,/__functional-colors,accented,idle,0,pass,6.711789901800933,"[123.00001499999999, 66.00012, 7.000005, 1]","[235.000095, 235.000095, 235.000095, 1]",
amber-solid,light,Button,,warning,link,base/label,/__functional-colors,accented,hover,0,pass,6.711789901800933,"[123.00001499999999, 66.00012, 7.000005, 1]","[235.000095, 235.000095, 235.000095, 1]",
amber-solid,light,Button,,warning,link,base/label,/__functional-colors,accented,active+hover,0,pass,6.711789901800933,"[123.00001499999999, 66.00012, 7.000005, 1]","[235.000095, 235.000095, 235.000095, 1]",
amber-solid,light,Button,,warning,link,base/label,/__functional-colors,accented,keyboard-focus,0,pass,6.711789901800933,"[123.00001499999999, 66.00012, 7.000005, 1]","[235.000095, 235.000095, 235.000095, 1]",
amber-solid,light,Button,,warning,link,base/label,/__functional-colors,accented,keyboard-active+focus,0,pass,6.711789901800933,"[123.00001499999999, 66.00012, 7.000005, 1]","[235.000095, 235.000095, 235.000095, 1]",
amber-solid,light,Button,,warning,link,base/label,/__functional-colors,accented,focus+hover,0,pass,6.711789901800933,"[123.00001499999999, 66.00012, 7.000005, 1]","[235.000095, 235.000095, 235.000095, 1]",
amber-solid,light,semantic text,,error,,text,/__functional-colors,accented,idle,0,pass,5.441585496637626,"[181.00002, 35.000024999999994, 40.99992, 1]","[235.000095, 235.000095, 235.000095, 1]",
amber-solid,light,Badge,,error,solid,base,/__functional-colors,accented,idle,0,pass,6.487119947951175,"[255, 255, 255, 1]","[181.00002, 35.000024999999994, 40.99992, 1]",
amber-solid,light,Alert,,error,solid,title,/__functional-colors,accented,idle,0,pass,6.487119947951175,"[255, 255, 255, 1]","[181.00002, 35.000024999999994, 40.99992, 1]",
amber-solid,light,Alert,,error,solid,description,/__functional-colors,accented,idle,0,pass,6.487119947951175,"[255, 255, 255, 1]","[181.00002, 35.000024999999994, 40.99992, 1]",
amber-solid,light,Badge,,error,outline,base,/__functional-colors,accented,idle,0,pass,5.441585496637626,"[181.00002, 35.000024999999994, 40.99992, 1]","[235.000095, 235.000095, 235.000095, 1]",
amber-solid,light,Alert,,error,outline,title,/__functional-colors,accented,idle,0,pass,5.441585496637626,"[181.00002, 35.000024999999994, 40.99992, 1]","[235.000095, 235.000095, 235.000095, 1]",
amber-solid,light,Alert,,error,outline,description,/__functional-colors,accented,idle,0,pass,5.441585496637626,"[181.00002, 35.000024999999994, 40.99992, 1]","[235.000095, 235.000095, 235.000095, 1]",
amber-solid,light,Badge,,error,soft,base,/__functional-colors,accented,idle,0,pass,4.651883902576909,"[181.00002, 35.000024999999994, 40.99992, 1]","[229.60008749999997, 215.00006249999998, 215.6000775, 1]",
amber-solid,light,Alert,,error,soft,title,/__functional-colors,accented,idle,0,pass,4.651883902576909,"[181.00002, 35.000024999999994, 40.99992, 1]","[229.60008749999997, 215.00006249999998, 215.6000775, 1]",
amber-solid,light,Alert,,error,soft,description,/__functional-colors,accented,idle,0,pass,4.651883902576909,"[181.00002, 35.000024999999994, 40.99992, 1]","[229.60008749999997, 215.00006249999998, 215.6000775, 1]",
amber-solid,light,Badge,,error,subtle,base,/__functional-colors,accented,idle,0,pass,4.651883902576909,"[181.00002, 35.000024999999994, 40.99992, 1]","[229.60008749999997, 215.00006249999998, 215.6000775, 1]",
amber-solid,light,Alert,,error,subtle,title,/__functional-colors,accented,idle,0,pass,4.651883902576909,"[181.00002, 35.000024999999994, 40.99992, 1]","[229.60008749999997, 215.00006249999998, 215.6000775, 1]",
amber-solid,light,Alert,,error,subtle,description,/__functional-colors,accented,idle,0,pass,4.651883902576909,"[181.00002, 35.000024999999994, 40.99992, 1]","[229.60008749999997, 215.00006249999998, 215.6000775, 1]",
amber-solid,light,Button,,error,solid,base/label,/__functional-colors,accented,idle,0,pass,6.487119947951175,"[255, 255, 255, 1]","[181.00002, 35.000024999999994, 40.99992, 1]",
amber-solid,light,Button,,error,solid,base/label,/__functional-colors,accented,hover,0,pass,7.545692556917561,"[255, 255, 255, 1]","[162.90012, 31.499895, 36.90003, 1]",
amber-solid,light,Button,,error,solid,base/label,/__functional-colors,accented,active+hover,0,pass,8.793394550640816,"[255, 255, 255, 1]","[144.799965, 28.00002, 32.799884999999996, 1]",
amber-solid,light,Button,,error,solid,base/label,/__functional-colors,accented,keyboard-focus,0,pass,6.487119947951175,"[255, 255, 255, 1]","[181.00002, 35.000024999999994, 40.99992, 1]",
amber-solid,light,Button,,error,solid,base/label,/__functional-colors,accented,keyboard-active+focus,0,pass,8.793394550640816,"[255, 255, 255, 1]","[144.799965, 28.00002, 32.799884999999996, 1]",
amber-solid,light,Button,,error,solid,base/label,/__functional-colors,accented,focus+hover,0,pass,7.545692556917561,"[255, 255, 255, 1]","[162.90012, 31.499895, 36.90003, 1]",
amber-solid,light,Button,,error,link,base/label,/__functional-colors,accented,idle,0,pass,5.441585496637626,"[181.00002, 35.000024999999994, 40.99992, 1]","[235.000095, 235.000095, 235.000095, 1]",
amber-solid,light,Button,,error,link,base/label,/__functional-colors,accented,hover,0,pass,5.441585496637626,"[181.00002, 35.000024999999994, 40.99992, 1]","[235.000095, 235.000095, 235.000095, 1]",
amber-solid,light,Button,,error,link,base/label,/__functional-colors,accented,active+hover,0,pass,5.441585496637626,"[181.00002, 35.000024999999994, 40.99992, 1]","[235.000095, 235.000095, 235.000095, 1]",
amber-solid,light,Button,,error,link,base/label,/__functional-colors,accented,keyboard-focus,0,pass,5.441585496637626,"[181.00002, 35.000024999999994, 40.99992, 1]","[235.000095, 235.000095, 235.000095, 1]",
amber-solid,light,Button,,error,link,base/label,/__functional-colors,accented,keyboard-active+focus,0,pass,5.441585496637626,"[181.00002, 35.000024999999994, 40.99992, 1]","[235.000095, 235.000095, 235.000095, 1]",
amber-solid,light,Button,,error,link,base/label,/__functional-colors,accented,focus+hover,0,pass,5.441585496637626,"[181.00002, 35.000024999999994, 40.99992, 1]","[235.000095, 235.000095, 235.000095, 1]",
amber-solid,light,FormField,,error,,error,,accented,visible,0,pass,5.441585496637626,"[181.00002, 35.000024999999994, 40.99992, 1]","[235.000095, 235.000095, 235.000095, 1]",
amber-solid,light,API fixture,F1,,,,,accented,idle,0,pass,5.441585496637626,"[181.00002, 35.000024999999994, 40.99992, 1]","[235.000095, 235.000095, 235.000095, 1]",
amber-solid,light,API fixture,F2,,,,,accented,idle,0,pass,6.711789901800933,"[123.00001499999999, 66.00012, 7.000005, 1]","[235.000095, 235.000095, 235.000095, 1]",
amber-solid,light,API fixture,F5-field-caveat,,,,,accented,idle,0,pass,5.774227725939664,"[123.00001499999999, 66.00012, 7.000005, 1]","[223.800087, 218.10009749999998, 212.2000962, 1]",
amber-solid,light,API fixture,F5-field-caveat,,,,,accented,idle,1,pass,5.638912322248359,"[82.000095, 82.000095, 82.000095, 1]","[223.800087, 218.10009749999998, 212.2000962, 1]",
amber-solid,light,API fixture,value-caveat,,,,,accented,idle,0,pass,5.774227725939664,"[123.00001499999999, 66.00012, 7.000005, 1]","[223.800087, 218.10009749999998, 212.2000962, 1]",
amber-solid,light,API fixture,value-caveat,,,,,accented,idle,1,pass,5.638912322248359,"[82.000095, 82.000095, 82.000095, 1]","[223.800087, 218.10009749999998, 212.2000962, 1]",
amber-solid,light,ResponseExample,,,,status/statusText,,accented,single status visible,0,pass,5.328570108307233,"[35.99988, 105.99993, 49.99989, 1]","[225.7200279, 232.7201451, 227.12014109999998, 1]",
amber-solid,light,ResponseExample,,,,status/statusText,,accented,single status visible,1,pass,5.328570108307233,"[35.99988, 105.99993, 49.99989, 1]","[225.7200279, 232.7201451, 227.12014109999998, 1]",
amber-solid,light,ResponseExample,,,,status/statusText,,accented,single status visible,2,pass,5.366687132898906,"[0, 87.99999000000001, 188.99988, 1]","[222.120068402625, 230.9201511, 241.02011459999997, 1]",
amber-solid,light,ResponseExample,,,,status/statusText,,accented,single status visible,3,pass,5.366687132898906,"[0, 87.99999000000001, 188.99988, 1]","[222.120068402625, 230.9201511, 241.02011459999997, 1]",
amber-solid,light,ResponseExample,,,,status/statusText,,accented,single status visible,4,pass,6.38323345776271,"[123.00001499999999, 66.00012, 7.000005, 1]","[234.4200159, 228.72016409999998, 222.8201628, 1]",
amber-solid,light,ResponseExample,,,,status/statusText,,accented,single status visible,5,pass,6.38323345776271,"[123.00001499999999, 66.00012, 7.000005, 1]","[234.4200159, 228.72016409999998, 222.8201628, 1]",
amber-solid,light,ResponseExample,,,,status/statusText,,accented,single status visible,6,pass,5.143558260577679,"[181.00002, 35.000024999999994, 40.99992, 1]","[240.2200164, 225.62012909999999, 226.2201441, 1]",
amber-solid,light,ResponseExample,,,,status/statusText,,accented,single status visible,7,pass,5.143558260577679,"[181.00002, 35.000024999999994, 40.99992, 1]","[240.2200164, 225.62012909999999, 226.2201441, 1]",
amber-solid,light,LifecycleNotice,,,,,,accented,idle,0,pass,5.774227725939664,"[123.00001499999999, 66.00012, 7.000005, 1]","[223.800087, 218.10009749999998, 212.2000962, 1]",
amber-solid,light,LifecycleNotice,,,,,,accented,idle,1,pass,5.774227725939664,"[123.00001499999999, 66.00012, 7.000005, 1]","[223.800087, 218.10009749999998, 212.2000962, 1]",
amber-solid,light,LifecycleNotice,,,,,,accented,idle,2,pass,4.8224578533887295,"[35.99988, 105.99993, 49.99989, 1]","[215.10009899999997, 222.1000785, 216.50007449999998, 1]",
amber-solid,light,LifecycleNotice,,,,,,accented,idle,3,pass,4.8224578533887295,"[35.99988, 105.99993, 49.99989, 1]","[215.10009899999997, 222.1000785, 216.50007449999998, 1]",
amber-solid,light,LifecycleNotice,,,,,,accented,idle,4,pass,5.774227725939664,"[123.00001499999999, 66.00012, 7.000005, 1]","[223.800087, 218.10009749999998, 212.2000962, 1]",
amber-solid,light,LifecycleNotice,,,,,,accented,idle,5,pass,5.774227725939664,"[123.00001499999999, 66.00012, 7.000005, 1]","[223.800087, 218.10009749999998, 212.2000962, 1]",
amber-solid,light,LifecycleNotice,,,,,,accented,idle,6,pass,15.521564857501781,"[23.0000055, 23.0000055, 23.0000055, 1]","[238.49997, 238.49997, 238.49997, 1]",
amber-solid,light,LifecycleNotice,,,,,,accented,idle,7,pass,11.998750521270905,"[44.55000195, 44.55000195, 44.55000195, 1]","[238.49997, 238.49997, 238.49997, 1]",
amber-solid,light,LifecycleNotice,,,,,,accented,idle,8,pass,4.651883902576909,"[181.00002, 35.000024999999994, 40.99992, 1]","[229.60008749999997, 215.00006249999998, 215.6000775, 1]",
amber-solid,light,LifecycleNotice,,,,,,accented,idle,9,pass,4.651883902576909,"[181.00002, 35.000024999999994, 40.99992, 1]","[229.60008749999997, 215.00006249999998, 215.6000775, 1]",
amber-solid,light,FieldAnnotation,,,,required,,portal own bg-default,open,0,pass,6.487119947951175,"[181.00002, 35.000024999999994, 40.99992, 1]","[255, 255, 255, 1]",
amber-solid,light,FieldAnnotation,,,,conditional,,portal own bg-default,open,0,pass,8.001378676368077,"[123.00001499999999, 66.00012, 7.000005, 1]","[255, 255, 255, 1]",
amber-solid,light,FormField,,error,,required ::after,,default,,,unverified,,,,Existing measure has no generated-content glyph geometry; computed pseudo retained without claiming ratio.
amber-solid,light,FormField required+error,,,,error,,default,required marker present,0,unresolved,,,,"Error: locator.evaluate: Error: unresolved: unmodeled ::after on LABEL
    at fail (eval at evaluate (:311:30), <anonymous>:152:13)
    at supportedPseudos (eval at evaluate (:311:30), <anonymous>:395:475)
    at eval (eval at evaluate (:311:30), <anonymous>:493:13)
    at UtilityScript.evaluate (<anonymous>:313:16)
    at UtilityScript.<anonymous> (<anonymous>:1:44)"
amber-solid,light,FormField,,error,,required ::after,,muted,,,unverified,,,,Existing measure has no generated-content glyph geometry; computed pseudo retained without claiming ratio.
amber-solid,light,FormField required+error,,,,error,,muted,required marker present,0,unresolved,,,,"Error: locator.evaluate: Error: unresolved: unmodeled ::after on LABEL
    at fail (eval at evaluate (:311:30), <anonymous>:152:13)
    at supportedPseudos (eval at evaluate (:311:30), <anonymous>:395:475)
    at eval (eval at evaluate (:311:30), <anonymous>:493:13)
    at UtilityScript.evaluate (<anonymous>:313:16)
    at UtilityScript.<anonymous> (<anonymous>:1:44)"
amber-solid,light,FormField,,error,,required ::after,,elevated,,,unverified,,,,Existing measure has no generated-content glyph geometry; computed pseudo retained without claiming ratio.
amber-solid,light,FormField required+error,,,,error,,elevated,required marker present,0,unresolved,,,,"Error: locator.evaluate: Error: unresolved: unmodeled ::after on LABEL
    at fail (eval at evaluate (:311:30), <anonymous>:152:13)
    at supportedPseudos (eval at evaluate (:311:30), <anonymous>:395:475)
    at eval (eval at evaluate (:311:30), <anonymous>:493:13)
    at UtilityScript.evaluate (<anonymous>:313:16)
    at UtilityScript.<anonymous> (<anonymous>:1:44)"
amber-solid,light,FormField,,error,,required ::after,,accented,,,unverified,,,,Existing measure has no generated-content glyph geometry; computed pseudo retained without claiming ratio.
amber-solid,light,FormField required+error,,,,error,,accented,required marker present,0,unresolved,,,,"Error: locator.evaluate: Error: unresolved: unmodeled ::after on LABEL
    at fail (eval at evaluate (:311:30), <anonymous>:152:13)
    at supportedPseudos (eval at evaluate (:311:30), <anonymous>:395:475)
    at eval (eval at evaluate (:311:30), <anonymous>:493:13)
    at UtilityScript.evaluate (<anonymous>:313:16)
    at UtilityScript.<anonymous> (<anonymous>:1:44)"
amber-solid,light,,F1,error,,,/kits/api-docs,actual page layers,visible idle,0,pass,6.487119947951175,"[181.00002, 35.000024999999994, 40.99992, 1]","[255, 255, 255, 1]",
amber-solid,light,,F1,error,,,/kits/api-docs,actual page layers,visible idle,1,pass,6.487119947951175,"[181.00002, 35.000024999999994, 40.99992, 1]","[255, 255, 255, 1]",
amber-solid,light,,F1,error,,,/kits/api-docs,actual page layers,visible idle,2,pass,6.487119947951175,"[181.00002, 35.000024999999994, 40.99992, 1]","[255, 255, 255, 1]",
amber-solid,light,,F2,warning,,,/kits/api-docs,actual page layers,visible idle,0,pass,8.001378676368077,"[123.00001499999999, 66.00012, 7.000005, 1]","[255, 255, 255, 1]",
amber-solid,light,,F2,warning,,,/kits/api-docs,actual page layers,visible idle,1,pass,8.001378676368077,"[123.00001499999999, 66.00012, 7.000005, 1]","[255, 255, 255, 1]",
amber-solid,light,,F2,warning,,,/kits/api-docs,actual page layers,visible idle,2,pass,8.001378676368077,"[123.00001499999999, 66.00012, 7.000005, 1]","[255, 255, 255, 1]",
amber-solid,light,,F3,info,,,/kits/api-docs,actual page layers,visible idle,0,pass,5.740959326668835,"[0, 87.99999000000001, 188.99988, 1]","[229.500054002625, 238.299999, 248.39996250000002, 1]",
amber-solid,light,,F4,success,,,/kits/api-docs,actual page layers,visible idle,0,pass,5.6988948297528665,"[35.99988, 105.99993, 49.99989, 1]","[233.1000135, 240.099993, 234.499989, 1]",
amber-solid,light,,F4,success,,,/kits/api-docs,actual page layers,visible idle,1,pass,5.6988948297528665,"[35.99988, 105.99993, 49.99989, 1]","[233.1000135, 240.099993, 234.499989, 1]",
amber-solid,light,,F4,success,,,/kits/api-docs,actual page layers,visible idle,2,pass,5.6988948297528665,"[35.99988, 105.99993, 49.99989, 1]","[233.1000135, 240.099993, 234.499989, 1]",
amber-solid,light,,F4,success,,,/kits/api-docs,actual page layers,visible idle,3,pass,5.6988948297528665,"[35.99988, 105.99993, 49.99989, 1]","[233.1000135, 240.099993, 234.499989, 1]",
amber-solid,light,,F4,success,,,/kits/api-docs,actual page layers,visible idle,4,pass,5.6988948297528665,"[35.99988, 105.99993, 49.99989, 1]","[233.1000135, 240.099993, 234.499989, 1]",
amber-solid,light,,F4,success,,,/kits/api-docs,actual page layers,visible idle,5,pass,5.6988948297528665,"[35.99988, 105.99993, 49.99989, 1]","[233.1000135, 240.099993, 234.499989, 1]",
amber-solid,light,,F4,success,,,/kits/api-docs,actual page layers,visible idle,6,pass,5.6988948297528665,"[35.99988, 105.99993, 49.99989, 1]","[233.1000135, 240.099993, 234.499989, 1]",
amber-solid,light,,F5,warning,,,/kits/api-docs,actual page layers,visible idle,0,pass,6.828971228184585,"[123.00001499999999, 66.00012, 7.000005, 1]","[241.8000015, 236.100012, 230.2000107, 1]",
amber-solid,light,,F5,warning,,,/kits/api-docs,actual page layers,visible idle,1,pass,6.828971228184585,"[123.00001499999999, 66.00012, 7.000005, 1]","[241.8000015, 236.100012, 230.2000107, 1]",
amber-solid,light,,F5,warning,,,/kits/api-docs,actual page layers,visible idle,2,pass,6.828971228184585,"[123.00001499999999, 66.00012, 7.000005, 1]","[241.8000015, 236.100012, 230.2000107, 1]",
amber-solid,light,,F5,warning,,,/kits/api-docs,actual page layers,visible idle,3,pass,6.828971228184585,"[123.00001499999999, 66.00012, 7.000005, 1]","[241.8000015, 236.100012, 230.2000107, 1]",
amber-solid,light,,F5,warning,,,/kits/api-docs,actual page layers,visible idle,4,pass,6.828971228184585,"[123.00001499999999, 66.00012, 7.000005, 1]","[241.8000015, 236.100012, 230.2000107, 1]",
amber-solid,light,,F6,secondary,,,/kits/api-docs,actual page layers,visible idle,0,pass,5.666809152561764,"[5.999997, 105.000075, 93.99988499999999, 1]","[230.100015, 239.999982, 238.8999885, 1]",
amber-solid,light,,F7,error,,,/kits/api-docs,actual page layers,visible idle,0,pass,5.503473649450167,"[181.00002, 35.000024999999994, 40.99992, 1]","[247.600002, 232.999977, 233.599992, 1]",
amber-solid,light,,F8,error,,,/kits/api-docs,actual page layers,visible idle,0,pass,6.487119947951175,"[255, 255, 255, 1]","[181.00002, 35.000024999999994, 40.99992, 1]",
amber-solid,light,,F9,success,,,/kits/api-docs,actual page layers,visible idle,0,pass,5.328570108307233,"[35.99988, 105.99993, 49.99989, 1]","[225.7200279, 232.7201451, 227.12014109999998, 1]",
amber-solid,light,,F9,success,,,/kits/api-docs,actual page layers,visible idle,1,pass,5.328570108307233,"[35.99988, 105.99993, 49.99989, 1]","[225.7200279, 232.7201451, 227.12014109999998, 1]",
amber-solid,light,,F9,success,,,/kits/api-docs,actual page layers,visible idle,2,pass,5.328570108307233,"[35.99988, 105.99993, 49.99989, 1]","[225.7200279, 232.7201451, 227.12014109999998, 1]",
amber-solid,light,,response-statusText,,,,/kits/api-docs,actual page layers,visible idle,0,pass,5.328570108307233,"[35.99988, 105.99993, 49.99989, 1]","[225.7200279, 232.7201451, 227.12014109999998, 1]",
amber-solid,light,,response-statusText,,,,/kits/api-docs,actual page layers,visible idle,1,pass,5.328570108307233,"[35.99988, 105.99993, 49.99989, 1]","[225.7200279, 232.7201451, 227.12014109999998, 1]",
amber-solid,light,,actual-page-alert,,,,/kits/api-docs,actual page layers,visible idle,0,pass,16.95443819582973,"[23.0000055, 23.0000055, 23.0000055, 1]","[248.4999225, 248.4999225, 248.4999225, 1]",
amber-solid,light,,actual-page-alert,,,,/kits/api-docs,actual page layers,visible idle,1,pass,12.924186297738398,"[45.54999720000001, 45.54999720000001, 45.54999720000001, 1]","[248.4999225, 248.4999225, 248.4999225, 1]",
amber-solid,light,,F1,error,,,/kits/api-docs/endpoint-reference,actual page layers,visible idle,0,pass,6.487119947951175,"[181.00002, 35.000024999999994, 40.99992, 1]","[255, 255, 255, 1]",
amber-solid,light,,F1,error,,,/kits/api-docs/endpoint-reference,actual page layers,visible idle,1,pass,6.487119947951175,"[181.00002, 35.000024999999994, 40.99992, 1]","[255, 255, 255, 1]",
amber-solid,light,,F1,error,,,/kits/api-docs/endpoint-reference,actual page layers,visible idle,2,pass,6.487119947951175,"[181.00002, 35.000024999999994, 40.99992, 1]","[255, 255, 255, 1]",
amber-solid,light,,F1,error,,,/kits/api-docs/endpoint-reference,actual page layers,visible idle,3,pass,6.487119947951175,"[181.00002, 35.000024999999994, 40.99992, 1]","[255, 255, 255, 1]",
amber-solid,light,,F1,error,,,/kits/api-docs/endpoint-reference,actual page layers,visible idle,4,pass,6.487119947951175,"[181.00002, 35.000024999999994, 40.99992, 1]","[255, 255, 255, 1]",
amber-solid,light,,F1,error,,,/kits/api-docs/endpoint-reference,actual page layers,visible idle,5,pass,6.487119947951175,"[181.00002, 35.000024999999994, 40.99992, 1]","[255, 255, 255, 1]",
amber-solid,light,,F1,error,,,/kits/api-docs/endpoint-reference,actual page layers,visible idle,6,pass,6.487119947951175,"[181.00002, 35.000024999999994, 40.99992, 1]","[255, 255, 255, 1]",
amber-solid,light,,F1,error,,,/kits/api-docs/endpoint-reference,actual page layers,visible idle,7,pass,6.487119947951175,"[181.00002, 35.000024999999994, 40.99992, 1]","[255, 255, 255, 1]",
amber-solid,light,,F1,error,,,/kits/api-docs/endpoint-reference,actual page layers,visible idle,8,pass,6.487119947951175,"[181.00002, 35.000024999999994, 40.99992, 1]","[255, 255, 255, 1]",
amber-solid,light,,F2,warning,,,/kits/api-docs/endpoint-reference,actual page layers,visible idle,0,pass,8.001378676368077,"[123.00001499999999, 66.00012, 7.000005, 1]","[255, 255, 255, 1]",
amber-solid,light,,F2,warning,,,/kits/api-docs/endpoint-reference,actual page layers,visible idle,1,pass,8.001378676368077,"[123.00001499999999, 66.00012, 7.000005, 1]","[255, 255, 255, 1]",
amber-solid,light,,F3,info,,,/kits/api-docs/endpoint-reference,actual page layers,visible idle,0,pass,5.740959326668835,"[0, 87.99999000000001, 188.99988, 1]","[229.500054002625, 238.299999, 248.39996250000002, 1]",
amber-solid,light,,F3,info,,,/kits/api-docs/endpoint-reference,actual page layers,visible idle,1,pass,5.740959326668835,"[0, 87.99999000000001, 188.99988, 1]","[229.500054002625, 238.299999, 248.39996250000002, 1]",
amber-solid,light,,F4,success,,,/kits/api-docs/endpoint-reference,actual page layers,visible idle,0,pass,5.6988948297528665,"[35.99988, 105.99993, 49.99989, 1]","[233.1000135, 240.099993, 234.499989, 1]",
amber-solid,light,,F4,success,,,/kits/api-docs/endpoint-reference,actual page layers,visible idle,1,pass,5.6988948297528665,"[35.99988, 105.99993, 49.99989, 1]","[233.1000135, 240.099993, 234.499989, 1]",
amber-solid,light,,F5,warning,,,/kits/api-docs/endpoint-reference,actual page layers,visible idle,0,pass,6.828971228184585,"[123.00001499999999, 66.00012, 7.000005, 1]","[241.8000015, 236.100012, 230.2000107, 1]",
amber-solid,light,,F5-field-caveat,warning,,,/kits/api-docs/endpoint-reference,actual page layers,visible idle,0,pass,6.828971228184585,"[123.00001499999999, 66.00012, 7.000005, 1]","[241.8000015, 236.100012, 230.2000107, 1]",
amber-solid,light,,F5-field-caveat,warning,,,/kits/api-docs/endpoint-reference,actual page layers,visible idle,1,pass,6.668938572321896,"[82.000095, 82.000095, 82.000095, 1]","[241.8000015, 236.100012, 230.2000107, 1]",
amber-solid,light,,F9,success,,,/kits/api-docs/endpoint-reference,actual page layers,visible idle,0,pass,5.328570108307233,"[35.99988, 105.99993, 49.99989, 1]","[225.7200279, 232.7201451, 227.12014109999998, 1]",
amber-solid,light,,F1,error,,,/kits/api-docs/webhook-reference,actual page layers,visible idle,0,pass,6.487119947951175,"[181.00002, 35.000024999999994, 40.99992, 1]","[255, 255, 255, 1]",
amber-solid,light,,F1,error,,,/kits/api-docs/webhook-reference,actual page layers,visible idle,1,pass,6.487119947951175,"[181.00002, 35.000024999999994, 40.99992, 1]","[255, 255, 255, 1]",
amber-solid,light,,F1,error,,,/kits/api-docs/webhook-reference,actual page layers,visible idle,2,pass,6.487119947951175,"[181.00002, 35.000024999999994, 40.99992, 1]","[255, 255, 255, 1]",
amber-solid,light,,F1,error,,,/kits/api-docs/webhook-reference,actual page layers,visible idle,3,pass,6.487119947951175,"[181.00002, 35.000024999999994, 40.99992, 1]","[255, 255, 255, 1]",
amber-solid,light,,F1,error,,,/kits/api-docs/webhook-reference,actual page layers,visible idle,4,pass,6.487119947951175,"[181.00002, 35.000024999999994, 40.99992, 1]","[255, 255, 255, 1]",
amber-solid,light,,F1,error,,,/kits/api-docs/webhook-reference,actual page layers,visible idle,5,pass,6.487119947951175,"[181.00002, 35.000024999999994, 40.99992, 1]","[255, 255, 255, 1]",
amber-solid,light,,F1,error,,,/kits/api-docs/webhook-reference,actual page layers,visible idle,6,pass,6.487119947951175,"[181.00002, 35.000024999999994, 40.99992, 1]","[255, 255, 255, 1]",
amber-solid,light,,F1,error,,,/kits/api-docs/webhook-reference,actual page layers,visible idle,7,pass,6.487119947951175,"[181.00002, 35.000024999999994, 40.99992, 1]","[255, 255, 255, 1]",
amber-solid,light,,F1,error,,,/kits/api-docs/webhook-reference,actual page layers,visible idle,8,pass,6.487119947951175,"[181.00002, 35.000024999999994, 40.99992, 1]","[255, 255, 255, 1]",
amber-solid,light,,F9,success,,,/kits/api-docs/webhook-reference,actual page layers,visible idle,,unverified,,,,required selector matched zero nodes
amber-solid,dark,semantic text,,primary,,text,/__functional-colors,default,idle,0,pass,7.832708366109646,"[186.99991500000002, 140.00009999999997, 255, 1]","[10.0000035, 10.0000035, 10.0000035, 1]",
amber-solid,dark,Badge,,primary,solid,base,/__functional-colors,default,idle,0,pass,7.087039252728687,"[23.079922500000002, 23.0863485, 23.086935, 1]","[186.99991500000002, 140.00009999999997, 255, 1]",
amber-solid,dark,Alert,,primary,solid,title,/__functional-colors,default,idle,0,pass,7.087039252728687,"[23.079922500000002, 23.0863485, 23.086935, 1]","[186.99991500000002, 140.00009999999997, 255, 1]",
amber-solid,dark,Alert,,primary,solid,description,/__functional-colors,default,idle,0,pass,7.087039252728687,"[23.079922500000002, 23.0863485, 23.086935, 1]","[186.99991500000002, 140.00009999999997, 255, 1]",
amber-solid,dark,Badge,,primary,outline,base,/__functional-colors,default,idle,0,pass,7.832708366109646,"[186.99991500000002, 140.00009999999997, 255, 1]","[10.0000035, 10.0000035, 10.0000035, 1]",
amber-solid,dark,Alert,,primary,outline,title,/__functional-colors,default,idle,0,pass,7.832708366109646,"[186.99991500000002, 140.00009999999997, 255, 1]","[10.0000035, 10.0000035, 10.0000035, 1]",
amber-solid,dark,Alert,,primary,outline,description,/__functional-colors,default,idle,0,pass,7.832708366109646,"[186.99991500000002, 140.00009999999997, 255, 1]","[10.0000035, 10.0000035, 10.0000035, 1]",
amber-solid,dark,Badge,,primary,soft,base,/__functional-colors,default,idle,0,pass,6.9537913310649,"[186.99991500000002, 140.00009999999997, 255, 1]","[27.69999465, 23.000013149999997, 34.50000315, 1]",
amber-solid,dark,Alert,,primary,soft,title,/__functional-colors,default,idle,0,pass,6.9537913310649,"[186.99991500000002, 140.00009999999997, 255, 1]","[27.69999465, 23.000013149999997, 34.50000315, 1]",
amber-solid,dark,Alert,,primary,soft,description,/__functional-colors,default,idle,0,pass,6.9537913310649,"[186.99991500000002, 140.00009999999997, 255, 1]","[27.69999465, 23.000013149999997, 34.50000315, 1]",
amber-solid,dark,Badge,,primary,subtle,base,/__functional-colors,default,idle,0,pass,6.9537913310649,"[186.99991500000002, 140.00009999999997, 255, 1]","[27.69999465, 23.000013149999997, 34.50000315, 1]",
amber-solid,dark,Alert,,primary,subtle,title,/__functional-colors,default,idle,0,pass,6.9537913310649,"[186.99991500000002, 140.00009999999997, 255, 1]","[27.69999465, 23.000013149999997, 34.50000315, 1]",
amber-solid,dark,Alert,,primary,subtle,description,/__functional-colors,default,idle,0,pass,6.9537913310649,"[186.99991500000002, 140.00009999999997, 255, 1]","[27.69999465, 23.000013149999997, 34.50000315, 1]",
amber-solid,dark,Button,,primary,solid,base/label,/__functional-colors,default,idle,0,pass,7.087039252728687,"[23.079922500000002, 23.0863485, 23.086935, 1]","[186.99991500000002, 140.00009999999997, 255, 1]",
amber-solid,dark,Button,,primary,solid,base/label,/__functional-colors,default,hover,0,pass,7.840499406307669,"[23.079922500000002, 23.0863485, 23.086935, 1]","[193.8, 151.50009, 255, 1]",
amber-solid,dark,Button,,primary,solid,base/label,/__functional-colors,default,active+hover,0,pass,8.662662927621303,"[23.079922500000002, 23.0863485, 23.086935, 1]","[200.600085, 163.00008, 255, 1]",
amber-solid,dark,Button,,primary,solid,base/label,/__functional-colors,default,keyboard-focus,0,pass,7.087039252728687,"[23.079922500000002, 23.0863485, 23.086935, 1]","[186.99991500000002, 140.00009999999997, 255, 1]",
amber-solid,dark,Button,,primary,solid,base/label,/__functional-colors,default,keyboard-active+focus,0,pass,8.662662927621303,"[23.079922500000002, 23.0863485, 23.086935, 1]","[200.600085, 163.00008, 255, 1]",
amber-solid,dark,Button,,primary,solid,base/label,/__functional-colors,default,focus+hover,0,pass,7.840499406307669,"[23.079922500000002, 23.0863485, 23.086935, 1]","[193.8, 151.50009, 255, 1]",
amber-solid,dark,Button,,primary,link,base/label,/__functional-colors,default,idle,0,pass,7.832708366109646,"[186.99991500000002, 140.00009999999997, 255, 1]","[10.0000035, 10.0000035, 10.0000035, 1]",
amber-solid,dark,Button,,primary,link,base/label,/__functional-colors,default,hover,0,pass,7.832708366109646,"[186.99991500000002, 140.00009999999997, 255, 1]","[10.0000035, 10.0000035, 10.0000035, 1]",
amber-solid,dark,Button,,primary,link,base/label,/__functional-colors,default,active+hover,0,pass,7.832708366109646,"[186.99991500000002, 140.00009999999997, 255, 1]","[10.0000035, 10.0000035, 10.0000035, 1]",
amber-solid,dark,Button,,primary,link,base/label,/__functional-colors,default,keyboard-focus,0,pass,7.832708366109646,"[186.99991500000002, 140.00009999999997, 255, 1]","[10.0000035, 10.0000035, 10.0000035, 1]",
amber-solid,dark,Button,,primary,link,base/label,/__functional-colors,default,keyboard-active+focus,0,pass,7.832708366109646,"[186.99991500000002, 140.00009999999997, 255, 1]","[10.0000035, 10.0000035, 10.0000035, 1]",
amber-solid,dark,Button,,primary,link,base/label,/__functional-colors,default,focus+hover,0,pass,7.832708366109646,"[186.99991500000002, 140.00009999999997, 255, 1]","[10.0000035, 10.0000035, 10.0000035, 1]",
amber-solid,dark,semantic text,,secondary,,text,/__functional-colors,default,idle,0,pass,11.791953413639876,"[68.99994, 221.99994, 196.999995, 1]","[10.0000035, 10.0000035, 10.0000035, 1]",
amber-solid,dark,Badge,,secondary,solid,base,/__functional-colors,default,idle,0,pass,10.669366559133293,"[23.079922500000002, 23.0863485, 23.086935, 1]","[68.99994, 221.99994, 196.999995, 1]",
amber-solid,dark,Alert,,secondary,solid,title,/__functional-colors,default,idle,0,pass,10.669366559133293,"[23.079922500000002, 23.0863485, 23.086935, 1]","[68.99994, 221.99994, 196.999995, 1]",
amber-solid,dark,Alert,,secondary,solid,description,/__functional-colors,default,idle,0,pass,10.669366559133293,"[23.079922500000002, 23.0863485, 23.086935, 1]","[68.99994, 221.99994, 196.999995, 1]",
amber-solid,dark,Badge,,secondary,outline,base,/__functional-colors,default,idle,0,pass,11.791953413639876,"[68.99994, 221.99994, 196.999995, 1]","[10.0000035, 10.0000035, 10.0000035, 1]",
amber-solid,dark,Alert,,secondary,outline,title,/__functional-colors,default,idle,0,pass,11.791953413639876,"[68.99994, 221.99994, 196.999995, 1]","[10.0000035, 10.0000035, 10.0000035, 1]",
amber-solid,dark,Alert,,secondary,outline,description,/__functional-colors,default,idle,0,pass,11.791953413639876,"[68.99994, 221.99994, 196.999995, 1]","[10.0000035, 10.0000035, 10.0000035, 1]",
amber-solid,dark,Badge,,secondary,soft,base,/__functional-colors,default,idle,0,pass,10.108178889571581,"[68.99994, 221.99994, 196.999995, 1]","[15.90002265, 31.19999715, 28.700002650000002, 1]",
amber-solid,dark,Alert,,secondary,soft,title,/__functional-colors,default,idle,0,pass,10.108178889571581,"[68.99994, 221.99994, 196.999995, 1]","[15.90002265, 31.19999715, 28.700002650000002, 1]",
amber-solid,dark,Alert,,secondary,soft,description,/__functional-colors,default,idle,0,pass,10.108178889571581,"[68.99994, 221.99994, 196.999995, 1]","[15.90002265, 31.19999715, 28.700002650000002, 1]",
amber-solid,dark,Badge,,secondary,subtle,base,/__functional-colors,default,idle,0,pass,10.108178889571581,"[68.99994, 221.99994, 196.999995, 1]","[15.90002265, 31.19999715, 28.700002650000002, 1]",
amber-solid,dark,Alert,,secondary,subtle,title,/__functional-colors,default,idle,0,pass,10.108178889571581,"[68.99994, 221.99994, 196.999995, 1]","[15.90002265, 31.19999715, 28.700002650000002, 1]",
amber-solid,dark,Alert,,secondary,subtle,description,/__functional-colors,default,idle,0,pass,10.108178889571581,"[68.99994, 221.99994, 196.999995, 1]","[15.90002265, 31.19999715, 28.700002650000002, 1]",
amber-solid,dark,Button,,secondary,solid,base/label,/__functional-colors,default,idle,0,pass,10.669366559133293,"[23.079922500000002, 23.0863485, 23.086935, 1]","[68.99994, 221.99994, 196.999995, 1]",
amber-solid,dark,Button,,secondary,solid,base/label,/__functional-colors,default,hover,0,pass,11.152392597265019,"[23.079922500000002, 23.0863485, 23.086935, 1]","[87.59989499999999, 225.299895, 202.79996999999997, 1]",
amber-solid,dark,Button,,secondary,solid,base/label,/__functional-colors,default,active+hover,0,pass,11.682534954152242,"[23.079922500000002, 23.0863485, 23.086935, 1]","[106.200105, 228.600105, 208.599945, 1]",
amber-solid,dark,Button,,secondary,solid,base/label,/__functional-colors,default,keyboard-focus,0,pass,10.669366559133293,"[23.079922500000002, 23.0863485, 23.086935, 1]","[68.99994, 221.99994, 196.999995, 1]",
amber-solid,dark,Button,,secondary,solid,base/label,/__functional-colors,default,keyboard-active+focus,0,pass,11.682534954152242,"[23.079922500000002, 23.0863485, 23.086935, 1]","[106.200105, 228.600105, 208.599945, 1]",
amber-solid,dark,Button,,secondary,solid,base/label,/__functional-colors,default,focus+hover,0,pass,11.152392597265019,"[23.079922500000002, 23.0863485, 23.086935, 1]","[87.59989499999999, 225.299895, 202.79996999999997, 1]",
amber-solid,dark,Button,,secondary,link,base/label,/__functional-colors,default,idle,0,pass,11.791953413639876,"[68.99994, 221.99994, 196.999995, 1]","[10.0000035, 10.0000035, 10.0000035, 1]",
amber-solid,dark,Button,,secondary,link,base/label,/__functional-colors,default,hover,0,pass,11.791953413639876,"[68.99994, 221.99994, 196.999995, 1]","[10.0000035, 10.0000035, 10.0000035, 1]",
amber-solid,dark,Button,,secondary,link,base/label,/__functional-colors,default,active+hover,0,pass,11.791953413639876,"[68.99994, 221.99994, 196.999995, 1]","[10.0000035, 10.0000035, 10.0000035, 1]",
amber-solid,dark,Button,,secondary,link,base/label,/__functional-colors,default,keyboard-focus,0,pass,11.791953413639876,"[68.99994, 221.99994, 196.999995, 1]","[10.0000035, 10.0000035, 10.0000035, 1]",
amber-solid,dark,Button,,secondary,link,base/label,/__functional-colors,default,keyboard-active+focus,0,pass,11.791953413639876,"[68.99994, 221.99994, 196.999995, 1]","[10.0000035, 10.0000035, 10.0000035, 1]",
amber-solid,dark,Button,,secondary,link,base/label,/__functional-colors,default,focus+hover,0,pass,11.791953413639876,"[68.99994, 221.99994, 196.999995, 1]","[10.0000035, 10.0000035, 10.0000035, 1]",
amber-solid,dark,semantic text,,success,,text,/__functional-colors,default,idle,0,pass,11.240690812417794,"[107.999895, 218.00001, 117.00012, 1]","[10.0000035, 10.0000035, 10.0000035, 1]",
amber-solid,dark,Badge,,success,solid,base,/__functional-colors,default,idle,0,pass,10.170583825139756,"[23.079922500000002, 23.0863485, 23.086935, 1]","[107.999895, 218.00001, 117.00012, 1]",
amber-solid,dark,Alert,,success,solid,title,/__functional-colors,default,idle,0,pass,10.170583825139756,"[23.079922500000002, 23.0863485, 23.086935, 1]","[107.999895, 218.00001, 117.00012, 1]",
amber-solid,dark,Alert,,success,solid,description,/__functional-colors,default,idle,0,pass,10.170583825139756,"[23.079922500000002, 23.0863485, 23.086935, 1]","[107.999895, 218.00001, 117.00012, 1]",
amber-solid,dark,Badge,,success,outline,base,/__functional-colors,default,idle,0,pass,11.240690812417794,"[107.999895, 218.00001, 117.00012, 1]","[10.0000035, 10.0000035, 10.0000035, 1]",
amber-solid,dark,Alert,,success,outline,title,/__functional-colors,default,idle,0,pass,11.240690812417794,"[107.999895, 218.00001, 117.00012, 1]","[10.0000035, 10.0000035, 10.0000035, 1]",
amber-solid,dark,Alert,,success,outline,description,/__functional-colors,default,idle,0,pass,11.240690812417794,"[107.999895, 218.00001, 117.00012, 1]","[10.0000035, 10.0000035, 10.0000035, 1]",
amber-solid,dark,Badge,,success,soft,base,/__functional-colors,default,idle,0,pass,9.663333524293087,"[107.999895, 218.00001, 117.00012, 1]","[19.79999265, 30.80000415, 20.70001515, 1]",
amber-solid,dark,Alert,,success,soft,title,/__functional-colors,default,idle,0,pass,9.663333524293087,"[107.999895, 218.00001, 117.00012, 1]","[19.79999265, 30.80000415, 20.70001515, 1]",
amber-solid,dark,Alert,,success,soft,description,/__functional-colors,default,idle,0,pass,9.663333524293087,"[107.999895, 218.00001, 117.00012, 1]","[19.79999265, 30.80000415, 20.70001515, 1]",
amber-solid,dark,Badge,,success,subtle,base,/__functional-colors,default,idle,0,pass,9.663333524293087,"[107.999895, 218.00001, 117.00012, 1]","[19.79999265, 30.80000415, 20.70001515, 1]",
amber-solid,dark,Alert,,success,subtle,title,/__functional-colors,default,idle,0,pass,9.663333524293087,"[107.999895, 218.00001, 117.00012, 1]","[19.79999265, 30.80000415, 20.70001515, 1]",
amber-solid,dark,Alert,,success,subtle,description,/__functional-colors,default,idle,0,pass,9.663333524293087,"[107.999895, 218.00001, 117.00012, 1]","[19.79999265, 30.80000415, 20.70001515, 1]",
amber-solid,dark,Button,,success,solid,base/label,/__functional-colors,default,idle,0,pass,10.170583825139756,"[23.079922500000002, 23.0863485, 23.086935, 1]","[107.999895, 218.00001, 117.00012, 1]",
amber-solid,dark,Button,,success,solid,base/label,/__functional-colors,default,hover,0,pass,10.731899652794608,"[23.079922500000002, 23.0863485, 23.086935, 1]","[122.69988, 221.70005999999998, 130.79995499999998, 1]",
amber-solid,dark,Button,,success,solid,base/label,/__functional-colors,default,active+hover,0,pass,11.336825127493679,"[23.079922500000002, 23.0863485, 23.086935, 1]","[137.40012, 225.40010999999998, 144.600045, 1]",
amber-solid,dark,Button,,success,solid,base/label,/__functional-colors,default,keyboard-focus,0,pass,10.170583825139756,"[23.079922500000002, 23.0863485, 23.086935, 1]","[107.999895, 218.00001, 117.00012, 1]",
amber-solid,dark,Button,,success,solid,base/label,/__functional-colors,default,keyboard-active+focus,0,pass,11.336825127493679,"[23.079922500000002, 23.0863485, 23.086935, 1]","[137.40012, 225.40010999999998, 144.600045, 1]",
amber-solid,dark,Button,,success,solid,base/label,/__functional-colors,default,focus+hover,0,pass,10.731899652794608,"[23.079922500000002, 23.0863485, 23.086935, 1]","[122.69988, 221.70005999999998, 130.79995499999998, 1]",
amber-solid,dark,Button,,success,link,base/label,/__functional-colors,default,idle,0,pass,11.240690812417794,"[107.999895, 218.00001, 117.00012, 1]","[10.0000035, 10.0000035, 10.0000035, 1]",
amber-solid,dark,Button,,success,link,base/label,/__functional-colors,default,hover,0,pass,11.240690812417794,"[107.999895, 218.00001, 117.00012, 1]","[10.0000035, 10.0000035, 10.0000035, 1]",
amber-solid,dark,Button,,success,link,base/label,/__functional-colors,default,active+hover,0,pass,11.240690812417794,"[107.999895, 218.00001, 117.00012, 1]","[10.0000035, 10.0000035, 10.0000035, 1]",
amber-solid,dark,Button,,success,link,base/label,/__functional-colors,default,keyboard-focus,0,pass,11.240690812417794,"[107.999895, 218.00001, 117.00012, 1]","[10.0000035, 10.0000035, 10.0000035, 1]",
amber-solid,dark,Button,,success,link,base/label,/__functional-colors,default,keyboard-active+focus,0,pass,11.240690812417794,"[107.999895, 218.00001, 117.00012, 1]","[10.0000035, 10.0000035, 10.0000035, 1]",
amber-solid,dark,Button,,success,link,base/label,/__functional-colors,default,focus+hover,0,pass,11.240690812417794,"[107.999895, 218.00001, 117.00012, 1]","[10.0000035, 10.0000035, 10.0000035, 1]",
amber-solid,dark,semantic text,,info,,text,/__functional-colors,default,idle,0,pass,8.350282994767758,"[82.000095, 174.000015, 255, 1]","[10.0000035, 10.0000035, 10.0000035, 1]",
amber-solid,dark,Badge,,info,solid,base,/__functional-colors,default,idle,0,pass,7.555341088832712,"[23.079922500000002, 23.0863485, 23.086935, 1]","[82.000095, 174.000015, 255, 1]",
amber-solid,dark,Alert,,info,solid,title,/__functional-colors,default,idle,0,pass,7.555341088832712,"[23.079922500000002, 23.0863485, 23.086935, 1]","[82.000095, 174.000015, 255, 1]",
amber-solid,dark,Alert,,info,solid,description,/__functional-colors,default,idle,0,pass,7.555341088832712,"[23.079922500000002, 23.0863485, 23.086935, 1]","[82.000095, 174.000015, 255, 1]",
amber-solid,dark,Badge,,info,outline,base,/__functional-colors,default,idle,0,pass,8.350282994767758,"[82.000095, 174.000015, 255, 1]","[10.0000035, 10.0000035, 10.0000035, 1]",
amber-solid,dark,Alert,,info,outline,title,/__functional-colors,default,idle,0,pass,8.350282994767758,"[82.000095, 174.000015, 255, 1]","[10.0000035, 10.0000035, 10.0000035, 1]",
amber-solid,dark,Alert,,info,outline,description,/__functional-colors,default,idle,0,pass,8.350282994767758,"[82.000095, 174.000015, 255, 1]","[10.0000035, 10.0000035, 10.0000035, 1]",
amber-solid,dark,Badge,,info,soft,base,/__functional-colors,default,idle,0,pass,7.385846572542687,"[82.000095, 174.000015, 255, 1]","[17.20003815, 26.40000465, 34.50000315, 1]",
amber-solid,dark,Alert,,info,soft,title,/__functional-colors,default,idle,0,pass,7.385846572542687,"[82.000095, 174.000015, 255, 1]","[17.20003815, 26.40000465, 34.50000315, 1]",
amber-solid,dark,Alert,,info,soft,description,/__functional-colors,default,idle,0,pass,7.385846572542687,"[82.000095, 174.000015, 255, 1]","[17.20003815, 26.40000465, 34.50000315, 1]",
amber-solid,dark,Badge,,info,subtle,base,/__functional-colors,default,idle,0,pass,7.385846572542687,"[82.000095, 174.000015, 255, 1]","[17.20003815, 26.40000465, 34.50000315, 1]",
amber-solid,dark,Alert,,info,subtle,title,/__functional-colors,default,idle,0,pass,7.385846572542687,"[82.000095, 174.000015, 255, 1]","[17.20003815, 26.40000465, 34.50000315, 1]",
amber-solid,dark,Alert,,info,subtle,description,/__functional-colors,default,idle,0,pass,7.385846572542687,"[82.000095, 174.000015, 255, 1]","[17.20003815, 26.40000465, 34.50000315, 1]",
amber-solid,dark,Button,,info,solid,base/label,/__functional-colors,default,idle,0,pass,7.555341088832712,"[23.079922500000002, 23.0863485, 23.086935, 1]","[82.000095, 174.000015, 255, 1]",
amber-solid,dark,Button,,info,solid,base/label,/__functional-colors,default,hover,0,pass,8.25490771991566,"[23.079922500000002, 23.0863485, 23.086935, 1]","[99.30006, 182.10009, 255, 1]",
amber-solid,dark,Button,,info,solid,base/label,/__functional-colors,default,active+hover,0,pass,9.022852423578826,"[23.079922500000002, 23.0863485, 23.086935, 1]","[116.600025, 190.19991000000002, 255, 1]",
amber-solid,dark,Button,,info,solid,base/label,/__functional-colors,default,keyboard-focus,0,pass,7.555341088832712,"[23.079922500000002, 23.0863485, 23.086935, 1]","[82.000095, 174.000015, 255, 1]",
amber-solid,dark,Button,,info,solid,base/label,/__functional-colors,default,keyboard-active+focus,0,pass,9.022852423578826,"[23.079922500000002, 23.0863485, 23.086935, 1]","[116.600025, 190.19991000000002, 255, 1]",
amber-solid,dark,Button,,info,solid,base/label,/__functional-colors,default,focus+hover,0,pass,8.25490771991566,"[23.079922500000002, 23.0863485, 23.086935, 1]","[99.30006, 182.10009, 255, 1]",
amber-solid,dark,Button,,info,link,base/label,/__functional-colors,default,idle,0,pass,8.350282994767758,"[82.000095, 174.000015, 255, 1]","[10.0000035, 10.0000035, 10.0000035, 1]",
amber-solid,dark,Button,,info,link,base/label,/__functional-colors,default,hover,0,pass,8.350282994767758,"[82.000095, 174.000015, 255, 1]","[10.0000035, 10.0000035, 10.0000035, 1]",
amber-solid,dark,Button,,info,link,base/label,/__functional-colors,default,active+hover,0,pass,8.350282994767758,"[82.000095, 174.000015, 255, 1]","[10.0000035, 10.0000035, 10.0000035, 1]",
amber-solid,dark,Button,,info,link,base/label,/__functional-colors,default,keyboard-focus,0,pass,8.350282994767758,"[82.000095, 174.000015, 255, 1]","[10.0000035, 10.0000035, 10.0000035, 1]",
amber-solid,dark,Button,,info,link,base/label,/__functional-colors,default,keyboard-active+focus,0,pass,8.350282994767758,"[82.000095, 174.000015, 255, 1]","[10.0000035, 10.0000035, 10.0000035, 1]",
amber-solid,dark,Button,,info,link,base/label,/__functional-colors,default,focus+hover,0,pass,8.350282994767758,"[82.000095, 174.000015, 255, 1]","[10.0000035, 10.0000035, 10.0000035, 1]",
amber-solid,dark,semantic text,,warning,,text,/__functional-colors,default,idle,0,pass,11.024783690770832,"[244.000065, 182.999985, 63.9999, 1]","[10.0000035, 10.0000035, 10.0000035, 1]",
amber-solid,dark,Badge,,warning,solid,base,/__functional-colors,default,idle,0,pass,9.975230931282981,"[23.079922500000002, 23.0863485, 23.086935, 1]","[244.000065, 182.999985, 63.9999, 1]",
amber-solid,dark,Alert,,warning,solid,title,/__functional-colors,default,idle,0,pass,9.975230931282981,"[23.079922500000002, 23.0863485, 23.086935, 1]","[244.000065, 182.999985, 63.9999, 1]",
amber-solid,dark,Alert,,warning,solid,description,/__functional-colors,default,idle,0,pass,9.975230931282981,"[23.079922500000002, 23.0863485, 23.086935, 1]","[244.000065, 182.999985, 63.9999, 1]",
amber-solid,dark,Badge,,warning,outline,base,/__functional-colors,default,idle,0,pass,11.024783690770832,"[244.000065, 182.999985, 63.9999, 1]","[10.0000035, 10.0000035, 10.0000035, 1]",
amber-solid,dark,Alert,,warning,outline,title,/__functional-colors,default,idle,0,pass,11.024783690770832,"[244.000065, 182.999985, 63.9999, 1]","[10.0000035, 10.0000035, 10.0000035, 1]",
amber-solid,dark,Alert,,warning,outline,description,/__functional-colors,default,idle,0,pass,11.024783690770832,"[244.000065, 182.999985, 63.9999, 1]","[10.0000035, 10.0000035, 10.0000035, 1]",
amber-solid,dark,Badge,,warning,soft,base,/__functional-colors,default,idle,0,pass,9.48682753567006,"[244.000065, 182.999985, 63.9999, 1]","[33.39998415, 27.30000165, 15.40004415, 1]",
amber-solid,dark,Alert,,warning,soft,title,/__functional-colors,default,idle,0,pass,9.48682753567006,"[244.000065, 182.999985, 63.9999, 1]","[33.39998415, 27.30000165, 15.40004415, 1]",
amber-solid,dark,Alert,,warning,soft,description,/__functional-colors,default,idle,0,pass,9.48682753567006,"[244.000065, 182.999985, 63.9999, 1]","[33.39998415, 27.30000165, 15.40004415, 1]",
amber-solid,dark,Badge,,warning,subtle,base,/__functional-colors,default,idle,0,pass,9.48682753567006,"[244.000065, 182.999985, 63.9999, 1]","[33.39998415, 27.30000165, 15.40004415, 1]",
amber-solid,dark,Alert,,warning,subtle,title,/__functional-colors,default,idle,0,pass,9.48682753567006,"[244.000065, 182.999985, 63.9999, 1]","[33.39998415, 27.30000165, 15.40004415, 1]",
amber-solid,dark,Alert,,warning,subtle,description,/__functional-colors,default,idle,0,pass,9.48682753567006,"[244.000065, 182.999985, 63.9999, 1]","[33.39998415, 27.30000165, 15.40004415, 1]",
amber-solid,dark,Button,,warning,solid,base/label,/__functional-colors,default,idle,0,pass,9.975230931282981,"[23.079922500000002, 23.0863485, 23.086935, 1]","[244.000065, 182.999985, 63.9999, 1]",
amber-solid,dark,Button,,warning,solid,base/label,/__functional-colors,default,hover,0,pass,10.57231933351847,"[23.079922500000002, 23.0863485, 23.086935, 1]","[245.09988, 190.19991000000002, 83.09991, 1]",
amber-solid,dark,Button,,warning,solid,base/label,/__functional-colors,default,active+hover,0,pass,11.209803503319694,"[23.079922500000002, 23.0863485, 23.086935, 1]","[246.19995, 197.40009, 102.19991999999999, 1]",
amber-solid,dark,Button,,warning,solid,base/label,/__functional-colors,default,keyboard-focus,0,pass,9.975230931282981,"[23.079922500000002, 23.0863485, 23.086935, 1]","[244.000065, 182.999985, 63.9999, 1]",
amber-solid,dark,Button,,warning,solid,base/label,/__functional-colors,default,keyboard-active+focus,0,pass,11.209803503319694,"[23.079922500000002, 23.0863485, 23.086935, 1]","[246.19995, 197.40009, 102.19991999999999, 1]",
amber-solid,dark,Button,,warning,solid,base/label,/__functional-colors,default,focus+hover,0,pass,10.57231933351847,"[23.079922500000002, 23.0863485, 23.086935, 1]","[245.09988, 190.19991000000002, 83.09991, 1]",
amber-solid,dark,Button,,warning,link,base/label,/__functional-colors,default,idle,0,pass,11.024783690770832,"[244.000065, 182.999985, 63.9999, 1]","[10.0000035, 10.0000035, 10.0000035, 1]",
amber-solid,dark,Button,,warning,link,base/label,/__functional-colors,default,hover,0,pass,11.024783690770832,"[244.000065, 182.999985, 63.9999, 1]","[10.0000035, 10.0000035, 10.0000035, 1]",
amber-solid,dark,Button,,warning,link,base/label,/__functional-colors,default,active+hover,0,pass,11.024783690770832,"[244.000065, 182.999985, 63.9999, 1]","[10.0000035, 10.0000035, 10.0000035, 1]",
amber-solid,dark,Button,,warning,link,base/label,/__functional-colors,default,keyboard-focus,0,pass,11.024783690770832,"[244.000065, 182.999985, 63.9999, 1]","[10.0000035, 10.0000035, 10.0000035, 1]",
amber-solid,dark,Button,,warning,link,base/label,/__functional-colors,default,keyboard-active+focus,0,pass,11.024783690770832,"[244.000065, 182.999985, 63.9999, 1]","[10.0000035, 10.0000035, 10.0000035, 1]",
amber-solid,dark,Button,,warning,link,base/label,/__functional-colors,default,focus+hover,0,pass,11.024783690770832,"[244.000065, 182.999985, 63.9999, 1]","[10.0000035, 10.0000035, 10.0000035, 1]",
amber-solid,dark,semantic text,,error,,text,/__functional-colors,default,idle,0,pass,8.449594779719497,"[255, 133.000095, 135.999915, 1]","[10.0000035, 10.0000035, 10.0000035, 1]",
amber-solid,dark,Badge,,error,solid,base,/__functional-colors,default,idle,0,pass,7.645198451741413,"[23.079922500000002, 23.0863485, 23.086935, 1]","[255, 133.000095, 135.999915, 1]",
amber-solid,dark,Alert,,error,solid,title,/__functional-colors,default,idle,0,pass,7.645198451741413,"[23.079922500000002, 23.0863485, 23.086935, 1]","[255, 133.000095, 135.999915, 1]",
amber-solid,dark,Alert,,error,solid,description,/__functional-colors,default,idle,0,pass,7.645198451741413,"[23.079922500000002, 23.0863485, 23.086935, 1]","[255, 133.000095, 135.999915, 1]",
amber-solid,dark,Badge,,error,outline,base,/__functional-colors,default,idle,0,pass,8.449594779719497,"[255, 133.000095, 135.999915, 1]","[10.0000035, 10.0000035, 10.0000035, 1]",
amber-solid,dark,Alert,,error,outline,title,/__functional-colors,default,idle,0,pass,8.449594779719497,"[255, 133.000095, 135.999915, 1]","[10.0000035, 10.0000035, 10.0000035, 1]",
amber-solid,dark,Alert,,error,outline,description,/__functional-colors,default,idle,0,pass,8.449594779719497,"[255, 133.000095, 135.999915, 1]","[10.0000035, 10.0000035, 10.0000035, 1]",
amber-solid,dark,Badge,,error,soft,base,/__functional-colors,default,idle,0,pass,7.475920865733439,"[255, 133.000095, 135.999915, 1]","[34.50000315, 22.30001265, 22.60002015, 1]",
amber-solid,dark,Alert,,error,soft,title,/__functional-colors,default,idle,0,pass,7.475920865733439,"[255, 133.000095, 135.999915, 1]","[34.50000315, 22.30001265, 22.60002015, 1]",
amber-solid,dark,Alert,,error,soft,description,/__functional-colors,default,idle,0,pass,7.475920865733439,"[255, 133.000095, 135.999915, 1]","[34.50000315, 22.30001265, 22.60002015, 1]",
amber-solid,dark,Badge,,error,subtle,base,/__functional-colors,default,idle,0,pass,7.475920865733439,"[255, 133.000095, 135.999915, 1]","[34.50000315, 22.30001265, 22.60002015, 1]",
amber-solid,dark,Alert,,error,subtle,title,/__functional-colors,default,idle,0,pass,7.475920865733439,"[255, 133.000095, 135.999915, 1]","[34.50000315, 22.30001265, 22.60002015, 1]",
amber-solid,dark,Alert,,error,subtle,description,/__functional-colors,default,idle,0,pass,7.475920865733439,"[255, 133.000095, 135.999915, 1]","[34.50000315, 22.30001265, 22.60002015, 1]",
amber-solid,dark,Button,,error,solid,base/label,/__functional-colors,default,idle,0,pass,7.645198451741413,"[23.079922500000002, 23.0863485, 23.086935, 1]","[255, 133.000095, 135.999915, 1]",
amber-solid,dark,Button,,error,solid,base/label,/__functional-colors,default,hover,0,pass,8.30957866051636,"[23.079922500000002, 23.0863485, 23.086935, 1]","[255, 145.20006, 147.89999999999998, 1]",
amber-solid,dark,Button,,error,solid,base/label,/__functional-colors,default,active+hover,0,pass,9.04891554369144,"[23.079922500000002, 23.0863485, 23.086935, 1]","[255, 157.400025, 159.800085, 1]",
amber-solid,dark,Button,,error,solid,base/label,/__functional-colors,default,keyboard-focus,0,pass,7.645198451741413,"[23.079922500000002, 23.0863485, 23.086935, 1]","[255, 133.000095, 135.999915, 1]",
amber-solid,dark,Button,,error,solid,base/label,/__functional-colors,default,keyboard-active+focus,0,pass,9.04891554369144,"[23.079922500000002, 23.0863485, 23.086935, 1]","[255, 157.400025, 159.800085, 1]",
amber-solid,dark,Button,,error,solid,base/label,/__functional-colors,default,focus+hover,0,pass,8.30957866051636,"[23.079922500000002, 23.0863485, 23.086935, 1]","[255, 145.20006, 147.89999999999998, 1]",
amber-solid,dark,Button,,error,link,base/label,/__functional-colors,default,idle,0,pass,8.449594779719497,"[255, 133.000095, 135.999915, 1]","[10.0000035, 10.0000035, 10.0000035, 1]",
amber-solid,dark,Button,,error,link,base/label,/__functional-colors,default,hover,0,pass,8.449594779719497,"[255, 133.000095, 135.999915, 1]","[10.0000035, 10.0000035, 10.0000035, 1]",
amber-solid,dark,Button,,error,link,base/label,/__functional-colors,default,active+hover,0,pass,8.449594779719497,"[255, 133.000095, 135.999915, 1]","[10.0000035, 10.0000035, 10.0000035, 1]",
amber-solid,dark,Button,,error,link,base/label,/__functional-colors,default,keyboard-focus,0,pass,8.449594779719497,"[255, 133.000095, 135.999915, 1]","[10.0000035, 10.0000035, 10.0000035, 1]",
amber-solid,dark,Button,,error,link,base/label,/__functional-colors,default,keyboard-active+focus,0,pass,8.449594779719497,"[255, 133.000095, 135.999915, 1]","[10.0000035, 10.0000035, 10.0000035, 1]",
amber-solid,dark,Button,,error,link,base/label,/__functional-colors,default,focus+hover,0,pass,8.449594779719497,"[255, 133.000095, 135.999915, 1]","[10.0000035, 10.0000035, 10.0000035, 1]",
amber-solid,dark,FormField,,error,,error,,default,visible,0,pass,8.449594779719497,"[255, 133.000095, 135.999915, 1]","[10.0000035, 10.0000035, 10.0000035, 1]",
amber-solid,dark,API fixture,F1,,,,,default,idle,0,pass,8.449594779719497,"[255, 133.000095, 135.999915, 1]","[10.0000035, 10.0000035, 10.0000035, 1]",
amber-solid,dark,API fixture,F2,,,,,default,idle,0,pass,11.024783690770832,"[244.000065, 182.999985, 63.9999, 1]","[10.0000035, 10.0000035, 10.0000035, 1]",
amber-solid,dark,API fixture,F5-field-caveat,,,,,default,idle,0,pass,9.48682753567006,"[244.000065, 182.999985, 63.9999, 1]","[33.39998415, 27.30000165, 15.40004415, 1]",
amber-solid,dark,API fixture,F5-field-caveat,,,,,default,idle,1,pass,6.593873187610103,"[161.000115, 161.000115, 161.000115, 1]","[33.39998415, 27.30000165, 15.40004415, 1]",
amber-solid,dark,API fixture,value-caveat,,,,,default,idle,0,pass,9.48682753567006,"[244.000065, 182.999985, 63.9999, 1]","[33.39998415, 27.30000165, 15.40004415, 1]",
amber-solid,dark,API fixture,value-caveat,,,,,default,idle,1,pass,6.593873187610103,"[161.000115, 161.000115, 161.000115, 1]","[33.39998415, 27.30000165, 15.40004415, 1]",
amber-solid,dark,ResponseExample,,,,status/statusText,,default,single status visible,0,pass,7.9054395961421475,"[107.999895, 218.00001, 117.00012, 1]","[36.0000534, 47.0000649, 36.9000759, 1]",
amber-solid,dark,ResponseExample,,,,status/statusText,,default,single status visible,1,pass,7.9054395961421475,"[107.999895, 218.00001, 117.00012, 1]","[36.0000534, 47.0000649, 36.9000759, 1]",
amber-solid,dark,ResponseExample,,,,status/statusText,,default,single status visible,2,pass,6.095653619441885,"[82.000095, 174.000015, 255, 1]","[33.4000989, 42.6000654, 50.700063899999996, 1]",
amber-solid,dark,ResponseExample,,,,status/statusText,,default,single status visible,3,pass,6.095653619441885,"[82.000095, 174.000015, 255, 1]","[33.4000989, 42.6000654, 50.700063899999996, 1]",
amber-solid,dark,ResponseExample,,,,status/statusText,,default,single status visible,4,pass,7.760385422077901,"[244.000065, 182.999985, 63.9999, 1]","[49.6000449, 43.5000624, 31.600104899999998, 1]",
amber-solid,dark,ResponseExample,,,,status/statusText,,default,single status visible,5,pass,7.760385422077901,"[244.000065, 182.999985, 63.9999, 1]","[49.6000449, 43.5000624, 31.600104899999998, 1]",
amber-solid,dark,ResponseExample,,,,status/statusText,,default,single status visible,6,pass,6.172862001320169,"[255, 133.000095, 135.999915, 1]","[50.700063899999996, 38.500073400000005, 38.8000809, 1]",
amber-solid,dark,ResponseExample,,,,status/statusText,,default,single status visible,7,pass,6.172862001320169,"[255, 133.000095, 135.999915, 1]","[50.700063899999996, 38.500073400000005, 38.8000809, 1]",
amber-solid,dark,LifecycleNotice,,,,,,default,idle,0,pass,9.48682753567006,"[244.000065, 182.999985, 63.9999, 1]","[33.39998415, 27.30000165, 15.40004415, 1]",
amber-solid,dark,LifecycleNotice,,,,,,default,idle,1,pass,9.48682753567006,"[244.000065, 182.999985, 63.9999, 1]","[33.39998415, 27.30000165, 15.40004415, 1]",
amber-solid,dark,LifecycleNotice,,,,,,default,idle,2,pass,9.663333524293087,"[107.999895, 218.00001, 117.00012, 1]","[19.79999265, 30.80000415, 20.70001515, 1]",
amber-solid,dark,LifecycleNotice,,,,,,default,idle,3,pass,9.663333524293087,"[107.999895, 218.00001, 117.00012, 1]","[19.79999265, 30.80000415, 20.70001515, 1]",
amber-solid,dark,LifecycleNotice,,,,,,default,idle,4,pass,9.48682753567006,"[244.000065, 182.999985, 63.9999, 1]","[33.39998415, 27.30000165, 15.40004415, 1]",
amber-solid,dark,LifecycleNotice,,,,,,default,idle,5,pass,9.48682753567006,"[244.000065, 182.999985, 63.9999, 1]","[33.39998415, 27.30000165, 15.40004415, 1]",
amber-solid,dark,LifecycleNotice,,,,,,default,idle,6,pass,18.342311589864977,"[255, 255, 255, 1]","[20.50004925, 20.50004925, 20.50004925, 1]",
amber-solid,dark,LifecycleNotice,,,,,,default,idle,7,pass,14.90818494089761,"[231.550004925, 231.550004925, 231.550004925, 1]","[20.50004925, 20.50004925, 20.50004925, 1]",
amber-solid,dark,LifecycleNotice,,,,,,default,idle,8,pass,7.475920865733439,"[255, 133.000095, 135.999915, 1]","[34.50000315, 22.30001265, 22.60002015, 1]",
amber-solid,dark,LifecycleNotice,,,,,,default,idle,9,pass,7.475920865733439,"[255, 133.000095, 135.999915, 1]","[34.50000315, 22.30001265, 22.60002015, 1]",
amber-solid,dark,FieldAnnotation,,,,required,,portal own bg-default,open,0,pass,8.449594779719497,"[255, 133.000095, 135.999915, 1]","[10.0000035, 10.0000035, 10.0000035, 1]",
amber-solid,dark,FieldAnnotation,,,,conditional,,portal own bg-default,open,0,pass,11.024783690770832,"[244.000065, 182.999985, 63.9999, 1]","[10.0000035, 10.0000035, 10.0000035, 1]",
amber-solid,dark,semantic text,,primary,,text,/__functional-colors,muted,idle,0,pass,6.8856422019022565,"[186.99991500000002, 140.00009999999997, 255, 1]","[26.000055, 26.000055, 26.000055, 1]",
amber-solid,dark,Badge,,primary,solid,base,/__functional-colors,muted,idle,0,pass,7.087039252728687,"[23.079922500000002, 23.0863485, 23.086935, 1]","[186.99991500000002, 140.00009999999997, 255, 1]",
amber-solid,dark,Alert,,primary,solid,title,/__functional-colors,muted,idle,0,pass,7.087039252728687,"[23.079922500000002, 23.0863485, 23.086935, 1]","[186.99991500000002, 140.00009999999997, 255, 1]",
amber-solid,dark,Alert,,primary,solid,description,/__functional-colors,muted,idle,0,pass,7.087039252728687,"[23.079922500000002, 23.0863485, 23.086935, 1]","[186.99991500000002, 140.00009999999997, 255, 1]",
amber-solid,dark,Badge,,primary,outline,base,/__functional-colors,muted,idle,0,pass,6.8856422019022565,"[186.99991500000002, 140.00009999999997, 255, 1]","[26.000055, 26.000055, 26.000055, 1]",
amber-solid,dark,Alert,,primary,outline,title,/__functional-colors,muted,idle,0,pass,6.8856422019022565,"[186.99991500000002, 140.00009999999997, 255, 1]","[26.000055, 26.000055, 26.000055, 1]",
amber-solid,dark,Alert,,primary,outline,description,/__functional-colors,muted,idle,0,pass,6.8856422019022565,"[186.99991500000002, 140.00009999999997, 255, 1]","[26.000055, 26.000055, 26.000055, 1]",
amber-solid,dark,Badge,,primary,soft,base,/__functional-colors,muted,idle,0,pass,5.881133685732555,"[186.99991500000002, 140.00009999999997, 255, 1]","[42.100041000000004, 37.4000595, 48.9000495, 1]",
amber-solid,dark,Alert,,primary,soft,title,/__functional-colors,muted,idle,0,pass,5.881133685732555,"[186.99991500000002, 140.00009999999997, 255, 1]","[42.100041000000004, 37.4000595, 48.9000495, 1]",
amber-solid,dark,Alert,,primary,soft,description,/__functional-colors,muted,idle,0,pass,5.881133685732555,"[186.99991500000002, 140.00009999999997, 255, 1]","[42.100041000000004, 37.4000595, 48.9000495, 1]",
amber-solid,dark,Badge,,primary,subtle,base,/__functional-colors,muted,idle,0,pass,5.881133685732555,"[186.99991500000002, 140.00009999999997, 255, 1]","[42.100041000000004, 37.4000595, 48.9000495, 1]",
amber-solid,dark,Alert,,primary,subtle,title,/__functional-colors,muted,idle,0,pass,5.881133685732555,"[186.99991500000002, 140.00009999999997, 255, 1]","[42.100041000000004, 37.4000595, 48.9000495, 1]",
amber-solid,dark,Alert,,primary,subtle,description,/__functional-colors,muted,idle,0,pass,5.881133685732555,"[186.99991500000002, 140.00009999999997, 255, 1]","[42.100041000000004, 37.4000595, 48.9000495, 1]",
amber-solid,dark,Button,,primary,solid,base/label,/__functional-colors,muted,idle,0,pass,7.087039252728687,"[23.079922500000002, 23.0863485, 23.086935, 1]","[186.99991500000002, 140.00009999999997, 255, 1]",
amber-solid,dark,Button,,primary,solid,base/label,/__functional-colors,muted,hover,0,pass,7.840499406307669,"[23.079922500000002, 23.0863485, 23.086935, 1]","[193.8, 151.50009, 255, 1]",
amber-solid,dark,Button,,primary,solid,base/label,/__functional-colors,muted,active+hover,0,pass,8.662662927621303,"[23.079922500000002, 23.0863485, 23.086935, 1]","[200.600085, 163.00008, 255, 1]",
amber-solid,dark,Button,,primary,solid,base/label,/__functional-colors,muted,keyboard-focus,0,pass,7.087039252728687,"[23.079922500000002, 23.0863485, 23.086935, 1]","[186.99991500000002, 140.00009999999997, 255, 1]",
amber-solid,dark,Button,,primary,solid,base/label,/__functional-colors,muted,keyboard-active+focus,0,pass,8.662662927621303,"[23.079922500000002, 23.0863485, 23.086935, 1]","[200.600085, 163.00008, 255, 1]",
amber-solid,dark,Button,,primary,solid,base/label,/__functional-colors,muted,focus+hover,0,pass,7.840499406307669,"[23.079922500000002, 23.0863485, 23.086935, 1]","[193.8, 151.50009, 255, 1]",
amber-solid,dark,Button,,primary,link,base/label,/__functional-colors,muted,idle,0,pass,6.8856422019022565,"[186.99991500000002, 140.00009999999997, 255, 1]","[26.000055, 26.000055, 26.000055, 1]",
amber-solid,dark,Button,,primary,link,base/label,/__functional-colors,muted,hover,0,pass,6.8856422019022565,"[186.99991500000002, 140.00009999999997, 255, 1]","[26.000055, 26.000055, 26.000055, 1]",
amber-solid,dark,Button,,primary,link,base/label,/__functional-colors,muted,active+hover,0,pass,6.8856422019022565,"[186.99991500000002, 140.00009999999997, 255, 1]","[26.000055, 26.000055, 26.000055, 1]",
amber-solid,dark,Button,,primary,link,base/label,/__functional-colors,muted,keyboard-focus,0,pass,6.8856422019022565,"[186.99991500000002, 140.00009999999997, 255, 1]","[26.000055, 26.000055, 26.000055, 1]",
amber-solid,dark,Button,,primary,link,base/label,/__functional-colors,muted,keyboard-active+focus,0,pass,6.8856422019022565,"[186.99991500000002, 140.00009999999997, 255, 1]","[26.000055, 26.000055, 26.000055, 1]",
amber-solid,dark,Button,,primary,link,base/label,/__functional-colors,muted,focus+hover,0,pass,6.8856422019022565,"[186.99991500000002, 140.00009999999997, 255, 1]","[26.000055, 26.000055, 26.000055, 1]",
amber-solid,dark,semantic text,,secondary,,text,/__functional-colors,muted,idle,0,pass,10.366168159552219,"[68.99994, 221.99994, 196.999995, 1]","[26.000055, 26.000055, 26.000055, 1]",
amber-solid,dark,Badge,,secondary,solid,base,/__functional-colors,muted,idle,0,pass,10.669366559133293,"[23.079922500000002, 23.0863485, 23.086935, 1]","[68.99994, 221.99994, 196.999995, 1]",
amber-solid,dark,Alert,,secondary,solid,title,/__functional-colors,muted,idle,0,pass,10.669366559133293,"[23.079922500000002, 23.0863485, 23.086935, 1]","[68.99994, 221.99994, 196.999995, 1]",
amber-solid,dark,Alert,,secondary,solid,description,/__functional-colors,muted,idle,0,pass,10.669366559133293,"[23.079922500000002, 23.0863485, 23.086935, 1]","[68.99994, 221.99994, 196.999995, 1]",
amber-solid,dark,Badge,,secondary,outline,base,/__functional-colors,muted,idle,0,pass,10.366168159552219,"[68.99994, 221.99994, 196.999995, 1]","[26.000055, 26.000055, 26.000055, 1]",
amber-solid,dark,Alert,,secondary,outline,title,/__functional-colors,muted,idle,0,pass,10.366168159552219,"[68.99994, 221.99994, 196.999995, 1]","[26.000055, 26.000055, 26.000055, 1]",
amber-solid,dark,Alert,,secondary,outline,description,/__functional-colors,muted,idle,0,pass,10.366168159552219,"[68.99994, 221.99994, 196.999995, 1]","[26.000055, 26.000055, 26.000055, 1]",
amber-solid,dark,Badge,,secondary,soft,base,/__functional-colors,muted,idle,0,pass,8.47572211106268,"[68.99994, 221.99994, 196.999995, 1]","[30.300069, 45.600043500000005, 43.100049000000006, 1]",
amber-solid,dark,Alert,,secondary,soft,title,/__functional-colors,muted,idle,0,pass,8.47572211106268,"[68.99994, 221.99994, 196.999995, 1]","[30.300069, 45.600043500000005, 43.100049000000006, 1]",
amber-solid,dark,Alert,,secondary,soft,description,/__functional-colors,muted,idle,0,pass,8.47572211106268,"[68.99994, 221.99994, 196.999995, 1]","[30.300069, 45.600043500000005, 43.100049000000006, 1]",
amber-solid,dark,Badge,,secondary,subtle,base,/__functional-colors,muted,idle,0,pass,8.47572211106268,"[68.99994, 221.99994, 196.999995, 1]","[30.300069, 45.600043500000005, 43.100049000000006, 1]",
amber-solid,dark,Alert,,secondary,subtle,title,/__functional-colors,muted,idle,0,pass,8.47572211106268,"[68.99994, 221.99994, 196.999995, 1]","[30.300069, 45.600043500000005, 43.100049000000006, 1]",
amber-solid,dark,Alert,,secondary,subtle,description,/__functional-colors,muted,idle,0,pass,8.47572211106268,"[68.99994, 221.99994, 196.999995, 1]","[30.300069, 45.600043500000005, 43.100049000000006, 1]",
amber-solid,dark,Button,,secondary,solid,base/label,/__functional-colors,muted,idle,0,pass,10.669366559133293,"[23.079922500000002, 23.0863485, 23.086935, 1]","[68.99994, 221.99994, 196.999995, 1]",
amber-solid,dark,Button,,secondary,solid,base/label,/__functional-colors,muted,hover,0,pass,11.152392597265019,"[23.079922500000002, 23.0863485, 23.086935, 1]","[87.59989499999999, 225.299895, 202.79996999999997, 1]",
amber-solid,dark,Button,,secondary,solid,base/label,/__functional-colors,muted,active+hover,0,pass,11.682534954152242,"[23.079922500000002, 23.0863485, 23.086935, 1]","[106.200105, 228.600105, 208.599945, 1]",
amber-solid,dark,Button,,secondary,solid,base/label,/__functional-colors,muted,keyboard-focus,0,pass,10.669366559133293,"[23.079922500000002, 23.0863485, 23.086935, 1]","[68.99994, 221.99994, 196.999995, 1]",
amber-solid,dark,Button,,secondary,solid,base/label,/__functional-colors,muted,keyboard-active+focus,0,pass,11.682534954152242,"[23.079922500000002, 23.0863485, 23.086935, 1]","[106.200105, 228.600105, 208.599945, 1]",
amber-solid,dark,Button,,secondary,solid,base/label,/__functional-colors,muted,focus+hover,0,pass,11.152392597265019,"[23.079922500000002, 23.0863485, 23.086935, 1]","[87.59989499999999, 225.299895, 202.79996999999997, 1]",
amber-solid,dark,Button,,secondary,link,base/label,/__functional-colors,muted,idle,0,pass,10.366168159552219,"[68.99994, 221.99994, 196.999995, 1]","[26.000055, 26.000055, 26.000055, 1]",
amber-solid,dark,Button,,secondary,link,base/label,/__functional-colors,muted,hover,0,pass,10.366168159552219,"[68.99994, 221.99994, 196.999995, 1]","[26.000055, 26.000055, 26.000055, 1]",
amber-solid,dark,Button,,secondary,link,base/label,/__functional-colors,muted,active+hover,0,pass,10.366168159552219,"[68.99994, 221.99994, 196.999995, 1]","[26.000055, 26.000055, 26.000055, 1]",
amber-solid,dark,Button,,secondary,link,base/label,/__functional-colors,muted,keyboard-focus,0,pass,10.366168159552219,"[68.99994, 221.99994, 196.999995, 1]","[26.000055, 26.000055, 26.000055, 1]",
amber-solid,dark,Button,,secondary,link,base/label,/__functional-colors,muted,keyboard-active+focus,0,pass,10.366168159552219,"[68.99994, 221.99994, 196.999995, 1]","[26.000055, 26.000055, 26.000055, 1]",
amber-solid,dark,Button,,secondary,link,base/label,/__functional-colors,muted,focus+hover,0,pass,10.366168159552219,"[68.99994, 221.99994, 196.999995, 1]","[26.000055, 26.000055, 26.000055, 1]",
amber-solid,dark,semantic text,,success,,text,/__functional-colors,muted,idle,0,pass,9.881559662224687,"[107.999895, 218.00001, 117.00012, 1]","[26.000055, 26.000055, 26.000055, 1]",
amber-solid,dark,Badge,,success,solid,base,/__functional-colors,muted,idle,0,pass,10.170583825139756,"[23.079922500000002, 23.0863485, 23.086935, 1]","[107.999895, 218.00001, 117.00012, 1]",
amber-solid,dark,Alert,,success,solid,title,/__functional-colors,muted,idle,0,pass,10.170583825139756,"[23.079922500000002, 23.0863485, 23.086935, 1]","[107.999895, 218.00001, 117.00012, 1]",
amber-solid,dark,Alert,,success,solid,description,/__functional-colors,muted,idle,0,pass,10.170583825139756,"[23.079922500000002, 23.0863485, 23.086935, 1]","[107.999895, 218.00001, 117.00012, 1]",
amber-solid,dark,Badge,,success,outline,base,/__functional-colors,muted,idle,0,pass,9.881559662224687,"[107.999895, 218.00001, 117.00012, 1]","[26.000055, 26.000055, 26.000055, 1]",
amber-solid,dark,Alert,,success,outline,title,/__functional-colors,muted,idle,0,pass,9.881559662224687,"[107.999895, 218.00001, 117.00012, 1]","[26.000055, 26.000055, 26.000055, 1]",
amber-solid,dark,Alert,,success,outline,description,/__functional-colors,muted,idle,0,pass,9.881559662224687,"[107.999895, 218.00001, 117.00012, 1]","[26.000055, 26.000055, 26.000055, 1]",
amber-solid,dark,Badge,,success,soft,base,/__functional-colors,muted,idle,0,pass,8.102647463186113,"[107.999895, 218.00001, 117.00012, 1]","[34.200039000000004, 45.2000505, 35.1000615, 1]",
amber-solid,dark,Alert,,success,soft,title,/__functional-colors,muted,idle,0,pass,8.102647463186113,"[107.999895, 218.00001, 117.00012, 1]","[34.200039000000004, 45.2000505, 35.1000615, 1]",
amber-solid,dark,Alert,,success,soft,description,/__functional-colors,muted,idle,0,pass,8.102647463186113,"[107.999895, 218.00001, 117.00012, 1]","[34.200039000000004, 45.2000505, 35.1000615, 1]",
amber-solid,dark,Badge,,success,subtle,base,/__functional-colors,muted,idle,0,pass,8.102647463186113,"[107.999895, 218.00001, 117.00012, 1]","[34.200039000000004, 45.2000505, 35.1000615, 1]",
amber-solid,dark,Alert,,success,subtle,title,/__functional-colors,muted,idle,0,pass,8.102647463186113,"[107.999895, 218.00001, 117.00012, 1]","[34.200039000000004, 45.2000505, 35.1000615, 1]",
amber-solid,dark,Alert,,success,subtle,description,/__functional-colors,muted,idle,0,pass,8.102647463186113,"[107.999895, 218.00001, 117.00012, 1]","[34.200039000000004, 45.2000505, 35.1000615, 1]",
amber-solid,dark,Button,,success,solid,base/label,/__functional-colors,muted,idle,0,pass,10.170583825139756,"[23.079922500000002, 23.0863485, 23.086935, 1]","[107.999895, 218.00001, 117.00012, 1]",
amber-solid,dark,Button,,success,solid,base/label,/__functional-colors,muted,hover,0,pass,10.731899652794608,"[23.079922500000002, 23.0863485, 23.086935, 1]","[122.69988, 221.70005999999998, 130.79995499999998, 1]",
amber-solid,dark,Button,,success,solid,base/label,/__functional-colors,muted,active+hover,0,pass,11.336825127493679,"[23.079922500000002, 23.0863485, 23.086935, 1]","[137.40012, 225.40010999999998, 144.600045, 1]",
amber-solid,dark,Button,,success,solid,base/label,/__functional-colors,muted,keyboard-focus,0,pass,10.170583825139756,"[23.079922500000002, 23.0863485, 23.086935, 1]","[107.999895, 218.00001, 117.00012, 1]",
amber-solid,dark,Button,,success,solid,base/label,/__functional-colors,muted,keyboard-active+focus,0,pass,11.336825127493679,"[23.079922500000002, 23.0863485, 23.086935, 1]","[137.40012, 225.40010999999998, 144.600045, 1]",
amber-solid,dark,Button,,success,solid,base/label,/__functional-colors,muted,focus+hover,0,pass,10.731899652794608,"[23.079922500000002, 23.0863485, 23.086935, 1]","[122.69988, 221.70005999999998, 130.79995499999998, 1]",
amber-solid,dark,Button,,success,link,base/label,/__functional-colors,muted,idle,0,pass,9.881559662224687,"[107.999895, 218.00001, 117.00012, 1]","[26.000055, 26.000055, 26.000055, 1]",
amber-solid,dark,Button,,success,link,base/label,/__functional-colors,muted,hover,0,pass,9.881559662224687,"[107.999895, 218.00001, 117.00012, 1]","[26.000055, 26.000055, 26.000055, 1]",
amber-solid,dark,Button,,success,link,base/label,/__functional-colors,muted,active+hover,0,pass,9.881559662224687,"[107.999895, 218.00001, 117.00012, 1]","[26.000055, 26.000055, 26.000055, 1]",
amber-solid,dark,Button,,success,link,base/label,/__functional-colors,muted,keyboard-focus,0,pass,9.881559662224687,"[107.999895, 218.00001, 117.00012, 1]","[26.000055, 26.000055, 26.000055, 1]",
amber-solid,dark,Button,,success,link,base/label,/__functional-colors,muted,keyboard-active+focus,0,pass,9.881559662224687,"[107.999895, 218.00001, 117.00012, 1]","[26.000055, 26.000055, 26.000055, 1]",
amber-solid,dark,Button,,success,link,base/label,/__functional-colors,muted,focus+hover,0,pass,9.881559662224687,"[107.999895, 218.00001, 117.00012, 1]","[26.000055, 26.000055, 26.000055, 1]",
amber-solid,dark,semantic text,,info,,text,/__functional-colors,muted,idle,0,pass,7.3406359970423996,"[82.000095, 174.000015, 255, 1]","[26.000055, 26.000055, 26.000055, 1]",
amber-solid,dark,Badge,,info,solid,base,/__functional-colors,muted,idle,0,pass,7.555341088832712,"[23.079922500000002, 23.0863485, 23.086935, 1]","[82.000095, 174.000015, 255, 1]",
amber-solid,dark,Alert,,info,solid,title,/__functional-colors,muted,idle,0,pass,7.555341088832712,"[23.079922500000002, 23.0863485, 23.086935, 1]","[82.000095, 174.000015, 255, 1]",
amber-solid,dark,Alert,,info,solid,description,/__functional-colors,muted,idle,0,pass,7.555341088832712,"[23.079922500000002, 23.0863485, 23.086935, 1]","[82.000095, 174.000015, 255, 1]",
amber-solid,dark,Badge,,info,outline,base,/__functional-colors,muted,idle,0,pass,7.3406359970423996,"[82.000095, 174.000015, 255, 1]","[26.000055, 26.000055, 26.000055, 1]",
amber-solid,dark,Alert,,info,outline,title,/__functional-colors,muted,idle,0,pass,7.3406359970423996,"[82.000095, 174.000015, 255, 1]","[26.000055, 26.000055, 26.000055, 1]",
amber-solid,dark,Alert,,info,outline,description,/__functional-colors,muted,idle,0,pass,7.3406359970423996,"[82.000095, 174.000015, 255, 1]","[26.000055, 26.000055, 26.000055, 1]",
amber-solid,dark,Badge,,info,soft,base,/__functional-colors,muted,idle,0,pass,6.242997475201615,"[82.000095, 174.000015, 255, 1]","[31.6000845, 40.800050999999996, 48.9000495, 1]",
amber-solid,dark,Alert,,info,soft,title,/__functional-colors,muted,idle,0,pass,6.242997475201615,"[82.000095, 174.000015, 255, 1]","[31.6000845, 40.800050999999996, 48.9000495, 1]",
amber-solid,dark,Alert,,info,soft,description,/__functional-colors,muted,idle,0,pass,6.242997475201615,"[82.000095, 174.000015, 255, 1]","[31.6000845, 40.800050999999996, 48.9000495, 1]",
amber-solid,dark,Badge,,info,subtle,base,/__functional-colors,muted,idle,0,pass,6.242997475201615,"[82.000095, 174.000015, 255, 1]","[31.6000845, 40.800050999999996, 48.9000495, 1]",
amber-solid,dark,Alert,,info,subtle,title,/__functional-colors,muted,idle,0,pass,6.242997475201615,"[82.000095, 174.000015, 255, 1]","[31.6000845, 40.800050999999996, 48.9000495, 1]",
amber-solid,dark,Alert,,info,subtle,description,/__functional-colors,muted,idle,0,pass,6.242997475201615,"[82.000095, 174.000015, 255, 1]","[31.6000845, 40.800050999999996, 48.9000495, 1]",
amber-solid,dark,Button,,info,solid,base/label,/__functional-colors,muted,idle,0,pass,7.555341088832712,"[23.079922500000002, 23.0863485, 23.086935, 1]","[82.000095, 174.000015, 255, 1]",
amber-solid,dark,Button,,info,solid,base/label,/__functional-colors,muted,hover,0,pass,8.25490771991566,"[23.079922500000002, 23.0863485, 23.086935, 1]","[99.30006, 182.10009, 255, 1]",
amber-solid,dark,Button,,info,solid,base/label,/__functional-colors,muted,active+hover,0,pass,9.022852423578826,"[23.079922500000002, 23.0863485, 23.086935, 1]","[116.600025, 190.19991000000002, 255, 1]",
amber-solid,dark,Button,,info,solid,base/label,/__functional-colors,muted,keyboard-focus,0,pass,7.555341088832712,"[23.079922500000002, 23.0863485, 23.086935, 1]","[82.000095, 174.000015, 255, 1]",
amber-solid,dark,Button,,info,solid,base/label,/__functional-colors,muted,keyboard-active+focus,0,pass,9.022852423578826,"[23.079922500000002, 23.0863485, 23.086935, 1]","[116.600025, 190.19991000000002, 255, 1]",
amber-solid,dark,Button,,info,solid,base/label,/__functional-colors,muted,focus+hover,0,pass,8.25490771991566,"[23.079922500000002, 23.0863485, 23.086935, 1]","[99.30006, 182.10009, 255, 1]",
amber-solid,dark,Button,,info,link,base/label,/__functional-colors,muted,idle,0,pass,7.3406359970423996,"[82.000095, 174.000015, 255, 1]","[26.000055, 26.000055, 26.000055, 1]",
amber-solid,dark,Button,,info,link,base/label,/__functional-colors,muted,hover,0,pass,7.3406359970423996,"[82.000095, 174.000015, 255, 1]","[26.000055, 26.000055, 26.000055, 1]",
amber-solid,dark,Button,,info,link,base/label,/__functional-colors,muted,active+hover,0,pass,7.3406359970423996,"[82.000095, 174.000015, 255, 1]","[26.000055, 26.000055, 26.000055, 1]",
amber-solid,dark,Button,,info,link,base/label,/__functional-colors,muted,keyboard-focus,0,pass,7.3406359970423996,"[82.000095, 174.000015, 255, 1]","[26.000055, 26.000055, 26.000055, 1]",
amber-solid,dark,Button,,info,link,base/label,/__functional-colors,muted,keyboard-active+focus,0,pass,7.3406359970423996,"[82.000095, 174.000015, 255, 1]","[26.000055, 26.000055, 26.000055, 1]",
amber-solid,dark,Button,,info,link,base/label,/__functional-colors,muted,focus+hover,0,pass,7.3406359970423996,"[82.000095, 174.000015, 255, 1]","[26.000055, 26.000055, 26.000055, 1]",
amber-solid,dark,semantic text,,warning,,text,/__functional-colors,muted,idle,0,pass,9.69175823990492,"[244.000065, 182.999985, 63.9999, 1]","[26.000055, 26.000055, 26.000055, 1]",
amber-solid,dark,Badge,,warning,solid,base,/__functional-colors,muted,idle,0,pass,9.975230931282981,"[23.079922500000002, 23.0863485, 23.086935, 1]","[244.000065, 182.999985, 63.9999, 1]",
amber-solid,dark,Alert,,warning,solid,title,/__functional-colors,muted,idle,0,pass,9.975230931282981,"[23.079922500000002, 23.0863485, 23.086935, 1]","[244.000065, 182.999985, 63.9999, 1]",
amber-solid,dark,Alert,,warning,solid,description,/__functional-colors,muted,idle,0,pass,9.975230931282981,"[23.079922500000002, 23.0863485, 23.086935, 1]","[244.000065, 182.999985, 63.9999, 1]",
amber-solid,dark,Badge,,warning,outline,base,/__functional-colors,muted,idle,0,pass,9.69175823990492,"[244.000065, 182.999985, 63.9999, 1]","[26.000055, 26.000055, 26.000055, 1]",
amber-solid,dark,Alert,,warning,outline,title,/__functional-colors,muted,idle,0,pass,9.69175823990492,"[244.000065, 182.999985, 63.9999, 1]","[26.000055, 26.000055, 26.000055, 1]",
amber-solid,dark,Alert,,warning,outline,description,/__functional-colors,muted,idle,0,pass,9.69175823990492,"[244.000065, 182.999985, 63.9999, 1]","[26.000055, 26.000055, 26.000055, 1]",
amber-solid,dark,Badge,,warning,soft,base,/__functional-colors,muted,idle,0,pass,7.954077120271353,"[244.000065, 182.999985, 63.9999, 1]","[47.800030500000005, 41.700048, 29.800090500000003, 1]",
amber-solid,dark,Alert,,warning,soft,title,/__functional-colors,muted,idle,0,pass,7.954077120271353,"[244.000065, 182.999985, 63.9999, 1]","[47.800030500000005, 41.700048, 29.800090500000003, 1]",
amber-solid,dark,Alert,,warning,soft,description,/__functional-colors,muted,idle,0,pass,7.954077120271353,"[244.000065, 182.999985, 63.9999, 1]","[47.800030500000005, 41.700048, 29.800090500000003, 1]",
amber-solid,dark,Badge,,warning,subtle,base,/__functional-colors,muted,idle,0,pass,7.954077120271353,"[244.000065, 182.999985, 63.9999, 1]","[47.800030500000005, 41.700048, 29.800090500000003, 1]",
amber-solid,dark,Alert,,warning,subtle,title,/__functional-colors,muted,idle,0,pass,7.954077120271353,"[244.000065, 182.999985, 63.9999, 1]","[47.800030500000005, 41.700048, 29.800090500000003, 1]",
amber-solid,dark,Alert,,warning,subtle,description,/__functional-colors,muted,idle,0,pass,7.954077120271353,"[244.000065, 182.999985, 63.9999, 1]","[47.800030500000005, 41.700048, 29.800090500000003, 1]",
amber-solid,dark,Button,,warning,solid,base/label,/__functional-colors,muted,idle,0,pass,9.975230931282981,"[23.079922500000002, 23.0863485, 23.086935, 1]","[244.000065, 182.999985, 63.9999, 1]",
amber-solid,dark,Button,,warning,solid,base/label,/__functional-colors,muted,hover,0,pass,10.57231933351847,"[23.079922500000002, 23.0863485, 23.086935, 1]","[245.09988, 190.19991000000002, 83.09991, 1]",
amber-solid,dark,Button,,warning,solid,base/label,/__functional-colors,muted,active+hover,0,pass,11.209803503319694,"[23.079922500000002, 23.0863485, 23.086935, 1]","[246.19995, 197.40009, 102.19991999999999, 1]",
amber-solid,dark,Button,,warning,solid,base/label,/__functional-colors,muted,keyboard-focus,0,pass,9.975230931282981,"[23.079922500000002, 23.0863485, 23.086935, 1]","[244.000065, 182.999985, 63.9999, 1]",
amber-solid,dark,Button,,warning,solid,base/label,/__functional-colors,muted,keyboard-active+focus,0,pass,11.209803503319694,"[23.079922500000002, 23.0863485, 23.086935, 1]","[246.19995, 197.40009, 102.19991999999999, 1]",
amber-solid,dark,Button,,warning,solid,base/label,/__functional-colors,muted,focus+hover,0,pass,10.57231933351847,"[23.079922500000002, 23.0863485, 23.086935, 1]","[245.09988, 190.19991000000002, 83.09991, 1]",
amber-solid,dark,Button,,warning,link,base/label,/__functional-colors,muted,idle,0,pass,9.69175823990492,"[244.000065, 182.999985, 63.9999, 1]","[26.000055, 26.000055, 26.000055, 1]",
amber-solid,dark,Button,,warning,link,base/label,/__functional-colors,muted,hover,0,pass,9.69175823990492,"[244.000065, 182.999985, 63.9999, 1]","[26.000055, 26.000055, 26.000055, 1]",
amber-solid,dark,Button,,warning,link,base/label,/__functional-colors,muted,active+hover,0,pass,9.69175823990492,"[244.000065, 182.999985, 63.9999, 1]","[26.000055, 26.000055, 26.000055, 1]",
amber-solid,dark,Button,,warning,link,base/label,/__functional-colors,muted,keyboard-focus,0,pass,9.69175823990492,"[244.000065, 182.999985, 63.9999, 1]","[26.000055, 26.000055, 26.000055, 1]",
amber-solid,dark,Button,,warning,link,base/label,/__functional-colors,muted,keyboard-active+focus,0,pass,9.69175823990492,"[244.000065, 182.999985, 63.9999, 1]","[26.000055, 26.000055, 26.000055, 1]",
amber-solid,dark,Button,,warning,link,base/label,/__functional-colors,muted,focus+hover,0,pass,9.69175823990492,"[244.000065, 182.999985, 63.9999, 1]","[26.000055, 26.000055, 26.000055, 1]",
amber-solid,dark,semantic text,,error,,text,/__functional-colors,muted,idle,0,pass,7.42793982423054,"[255, 133.000095, 135.999915, 1]","[26.000055, 26.000055, 26.000055, 1]",
amber-solid,dark,Badge,,error,solid,base,/__functional-colors,muted,idle,0,pass,7.645198451741413,"[23.079922500000002, 23.0863485, 23.086935, 1]","[255, 133.000095, 135.999915, 1]",
amber-solid,dark,Alert,,error,solid,title,/__functional-colors,muted,idle,0,pass,7.645198451741413,"[23.079922500000002, 23.0863485, 23.086935, 1]","[255, 133.000095, 135.999915, 1]",
amber-solid,dark,Alert,,error,solid,description,/__functional-colors,muted,idle,0,pass,7.645198451741413,"[23.079922500000002, 23.0863485, 23.086935, 1]","[255, 133.000095, 135.999915, 1]",
amber-solid,dark,Badge,,error,outline,base,/__functional-colors,muted,idle,0,pass,7.42793982423054,"[255, 133.000095, 135.999915, 1]","[26.000055, 26.000055, 26.000055, 1]",
amber-solid,dark,Alert,,error,outline,title,/__functional-colors,muted,idle,0,pass,7.42793982423054,"[255, 133.000095, 135.999915, 1]","[26.000055, 26.000055, 26.000055, 1]",
amber-solid,dark,Alert,,error,outline,description,/__functional-colors,muted,idle,0,pass,7.42793982423054,"[255, 133.000095, 135.999915, 1]","[26.000055, 26.000055, 26.000055, 1]",
amber-solid,dark,Badge,,error,soft,base,/__functional-colors,muted,idle,0,pass,6.321789281636127,"[255, 133.000095, 135.999915, 1]","[48.9000495, 36.700059, 37.0000665, 1]",
amber-solid,dark,Alert,,error,soft,title,/__functional-colors,muted,idle,0,pass,6.321789281636127,"[255, 133.000095, 135.999915, 1]","[48.9000495, 36.700059, 37.0000665, 1]",
amber-solid,dark,Alert,,error,soft,description,/__functional-colors,muted,idle,0,pass,6.321789281636127,"[255, 133.000095, 135.999915, 1]","[48.9000495, 36.700059, 37.0000665, 1]",
amber-solid,dark,Badge,,error,subtle,base,/__functional-colors,muted,idle,0,pass,6.321789281636127,"[255, 133.000095, 135.999915, 1]","[48.9000495, 36.700059, 37.0000665, 1]",
amber-solid,dark,Alert,,error,subtle,title,/__functional-colors,muted,idle,0,pass,6.321789281636127,"[255, 133.000095, 135.999915, 1]","[48.9000495, 36.700059, 37.0000665, 1]",
amber-solid,dark,Alert,,error,subtle,description,/__functional-colors,muted,idle,0,pass,6.321789281636127,"[255, 133.000095, 135.999915, 1]","[48.9000495, 36.700059, 37.0000665, 1]",
amber-solid,dark,Button,,error,solid,base/label,/__functional-colors,muted,idle,0,pass,7.645198451741413,"[23.079922500000002, 23.0863485, 23.086935, 1]","[255, 133.000095, 135.999915, 1]",
amber-solid,dark,Button,,error,solid,base/label,/__functional-colors,muted,hover,0,pass,8.30957866051636,"[23.079922500000002, 23.0863485, 23.086935, 1]","[255, 145.20006, 147.89999999999998, 1]",
amber-solid,dark,Button,,error,solid,base/label,/__functional-colors,muted,active+hover,0,pass,9.04891554369144,"[23.079922500000002, 23.0863485, 23.086935, 1]","[255, 157.400025, 159.800085, 1]",
amber-solid,dark,Button,,error,solid,base/label,/__functional-colors,muted,keyboard-focus,0,pass,7.645198451741413,"[23.079922500000002, 23.0863485, 23.086935, 1]","[255, 133.000095, 135.999915, 1]",
amber-solid,dark,Button,,error,solid,base/label,/__functional-colors,muted,keyboard-active+focus,0,pass,9.04891554369144,"[23.079922500000002, 23.0863485, 23.086935, 1]","[255, 157.400025, 159.800085, 1]",
amber-solid,dark,Button,,error,solid,base/label,/__functional-colors,muted,focus+hover,0,pass,8.30957866051636,"[23.079922500000002, 23.0863485, 23.086935, 1]","[255, 145.20006, 147.89999999999998, 1]",
amber-solid,dark,Button,,error,link,base/label,/__functional-colors,muted,idle,0,pass,7.42793982423054,"[255, 133.000095, 135.999915, 1]","[26.000055, 26.000055, 26.000055, 1]",
amber-solid,dark,Button,,error,link,base/label,/__functional-colors,muted,hover,0,pass,7.42793982423054,"[255, 133.000095, 135.999915, 1]","[26.000055, 26.000055, 26.000055, 1]",
amber-solid,dark,Button,,error,link,base/label,/__functional-colors,muted,active+hover,0,pass,7.42793982423054,"[255, 133.000095, 135.999915, 1]","[26.000055, 26.000055, 26.000055, 1]",
amber-solid,dark,Button,,error,link,base/label,/__functional-colors,muted,keyboard-focus,0,pass,7.42793982423054,"[255, 133.000095, 135.999915, 1]","[26.000055, 26.000055, 26.000055, 1]",
amber-solid,dark,Button,,error,link,base/label,/__functional-colors,muted,keyboard-active+focus,0,pass,7.42793982423054,"[255, 133.000095, 135.999915, 1]","[26.000055, 26.000055, 26.000055, 1]",
amber-solid,dark,Button,,error,link,base/label,/__functional-colors,muted,focus+hover,0,pass,7.42793982423054,"[255, 133.000095, 135.999915, 1]","[26.000055, 26.000055, 26.000055, 1]",
amber-solid,dark,FormField,,error,,error,,muted,visible,0,pass,7.42793982423054,"[255, 133.000095, 135.999915, 1]","[26.000055, 26.000055, 26.000055, 1]",
amber-solid,dark,API fixture,F1,,,,,muted,idle,0,pass,7.42793982423054,"[255, 133.000095, 135.999915, 1]","[26.000055, 26.000055, 26.000055, 1]",
amber-solid,dark,API fixture,F2,,,,,muted,idle,0,pass,9.69175823990492,"[244.000065, 182.999985, 63.9999, 1]","[26.000055, 26.000055, 26.000055, 1]",
amber-solid,dark,API fixture,F5-field-caveat,,,,,muted,idle,0,pass,7.954077120271353,"[244.000065, 182.999985, 63.9999, 1]","[47.800030500000005, 41.700048, 29.800090500000003, 1]",
amber-solid,dark,API fixture,F5-field-caveat,,,,,muted,idle,1,pass,5.5285263338389345,"[161.000115, 161.000115, 161.000115, 1]","[47.800030500000005, 41.700048, 29.800090500000003, 1]",
amber-solid,dark,API fixture,value-caveat,,,,,muted,idle,0,pass,7.954077120271353,"[244.000065, 182.999985, 63.9999, 1]","[47.800030500000005, 41.700048, 29.800090500000003, 1]",
amber-solid,dark,API fixture,value-caveat,,,,,muted,idle,1,pass,5.5285263338389345,"[161.000115, 161.000115, 161.000115, 1]","[47.800030500000005, 41.700048, 29.800090500000003, 1]",
amber-solid,dark,ResponseExample,,,,status/statusText,,muted,single status visible,0,pass,7.9054395961421475,"[107.999895, 218.00001, 117.00012, 1]","[36.0000534, 47.0000649, 36.9000759, 1]",
amber-solid,dark,ResponseExample,,,,status/statusText,,muted,single status visible,1,pass,7.9054395961421475,"[107.999895, 218.00001, 117.00012, 1]","[36.0000534, 47.0000649, 36.9000759, 1]",
amber-solid,dark,ResponseExample,,,,status/statusText,,muted,single status visible,2,pass,6.095653619441885,"[82.000095, 174.000015, 255, 1]","[33.4000989, 42.6000654, 50.700063899999996, 1]",
amber-solid,dark,ResponseExample,,,,status/statusText,,muted,single status visible,3,pass,6.095653619441885,"[82.000095, 174.000015, 255, 1]","[33.4000989, 42.6000654, 50.700063899999996, 1]",
amber-solid,dark,ResponseExample,,,,status/statusText,,muted,single status visible,4,pass,7.760385422077901,"[244.000065, 182.999985, 63.9999, 1]","[49.6000449, 43.5000624, 31.600104899999998, 1]",
amber-solid,dark,ResponseExample,,,,status/statusText,,muted,single status visible,5,pass,7.760385422077901,"[244.000065, 182.999985, 63.9999, 1]","[49.6000449, 43.5000624, 31.600104899999998, 1]",
amber-solid,dark,ResponseExample,,,,status/statusText,,muted,single status visible,6,pass,6.172862001320169,"[255, 133.000095, 135.999915, 1]","[50.700063899999996, 38.500073400000005, 38.8000809, 1]",
amber-solid,dark,ResponseExample,,,,status/statusText,,muted,single status visible,7,pass,6.172862001320169,"[255, 133.000095, 135.999915, 1]","[50.700063899999996, 38.500073400000005, 38.8000809, 1]",
amber-solid,dark,LifecycleNotice,,,,,,muted,idle,0,pass,7.954077120271353,"[244.000065, 182.999985, 63.9999, 1]","[47.800030500000005, 41.700048, 29.800090500000003, 1]",
amber-solid,dark,LifecycleNotice,,,,,,muted,idle,1,pass,7.954077120271353,"[244.000065, 182.999985, 63.9999, 1]","[47.800030500000005, 41.700048, 29.800090500000003, 1]",
amber-solid,dark,LifecycleNotice,,,,,,muted,idle,2,pass,8.102647463186113,"[107.999895, 218.00001, 117.00012, 1]","[34.200039000000004, 45.2000505, 35.1000615, 1]",
amber-solid,dark,LifecycleNotice,,,,,,muted,idle,3,pass,8.102647463186113,"[107.999895, 218.00001, 117.00012, 1]","[34.200039000000004, 45.2000505, 35.1000615, 1]",
amber-solid,dark,LifecycleNotice,,,,,,muted,idle,4,pass,7.954077120271353,"[244.000065, 182.999985, 63.9999, 1]","[47.800030500000005, 41.700048, 29.800090500000003, 1]",
amber-solid,dark,LifecycleNotice,,,,,,muted,idle,5,pass,7.954077120271353,"[244.000065, 182.999985, 63.9999, 1]","[47.800030500000005, 41.700048, 29.800090500000003, 1]",
amber-solid,dark,LifecycleNotice,,,,,,muted,idle,6,pass,16.950071125096034,"[255, 255, 255, 1]","[28.500075, 28.500075, 28.500075, 1]",
amber-solid,dark,LifecycleNotice,,,,,,muted,idle,7,pass,13.878237626378903,"[232.3500075, 232.3500075, 232.3500075, 1]","[28.500075, 28.500075, 28.500075, 1]",
amber-solid,dark,LifecycleNotice,,,,,,muted,idle,8,pass,6.321789281636127,"[255, 133.000095, 135.999915, 1]","[48.9000495, 36.700059, 37.0000665, 1]",
amber-solid,dark,LifecycleNotice,,,,,,muted,idle,9,pass,6.321789281636127,"[255, 133.000095, 135.999915, 1]","[48.9000495, 36.700059, 37.0000665, 1]",
amber-solid,dark,FieldAnnotation,,,,required,,portal own bg-default,open,0,pass,8.449594779719497,"[255, 133.000095, 135.999915, 1]","[10.0000035, 10.0000035, 10.0000035, 1]",
amber-solid,dark,FieldAnnotation,,,,conditional,,portal own bg-default,open,0,pass,11.024783690770832,"[244.000065, 182.999985, 63.9999, 1]","[10.0000035, 10.0000035, 10.0000035, 1]",
amber-solid,dark,semantic text,,primary,,text,/__functional-colors,elevated,idle,0,pass,6.521126746839652,"[186.99991500000002, 140.00009999999997, 255, 1]","[31.000094999999998, 31.000094999999998, 31.000094999999998, 1]",
amber-solid,dark,Badge,,primary,solid,base,/__functional-colors,elevated,idle,0,pass,7.087039252728687,"[23.079922500000002, 23.0863485, 23.086935, 1]","[186.99991500000002, 140.00009999999997, 255, 1]",
amber-solid,dark,Alert,,primary,solid,title,/__functional-colors,elevated,idle,0,pass,7.087039252728687,"[23.079922500000002, 23.0863485, 23.086935, 1]","[186.99991500000002, 140.00009999999997, 255, 1]",
amber-solid,dark,Alert,,primary,solid,description,/__functional-colors,elevated,idle,0,pass,7.087039252728687,"[23.079922500000002, 23.0863485, 23.086935, 1]","[186.99991500000002, 140.00009999999997, 255, 1]",
amber-solid,dark,Badge,,primary,outline,base,/__functional-colors,elevated,idle,0,pass,6.521126746839652,"[186.99991500000002, 140.00009999999997, 255, 1]","[31.000094999999998, 31.000094999999998, 31.000094999999998, 1]",
amber-solid,dark,Alert,,primary,outline,title,/__functional-colors,elevated,idle,0,pass,6.521126746839652,"[186.99991500000002, 140.00009999999997, 255, 1]","[31.000094999999998, 31.000094999999998, 31.000094999999998, 1]",
amber-solid,dark,Alert,,primary,outline,description,/__functional-colors,elevated,idle,0,pass,6.521126746839652,"[186.99991500000002, 140.00009999999997, 255, 1]","[31.000094999999998, 31.000094999999998, 31.000094999999998, 1]",
amber-solid,dark,Badge,,primary,soft,base,/__functional-colors,elevated,idle,0,pass,5.535501268121319,"[186.99991500000002, 140.00009999999997, 255, 1]","[46.600077, 41.9000955, 53.4000855, 1]",
amber-solid,dark,Alert,,primary,soft,title,/__functional-colors,elevated,idle,0,pass,5.535501268121319,"[186.99991500000002, 140.00009999999997, 255, 1]","[46.600077, 41.9000955, 53.4000855, 1]",
amber-solid,dark,Alert,,primary,soft,description,/__functional-colors,elevated,idle,0,pass,5.535501268121319,"[186.99991500000002, 140.00009999999997, 255, 1]","[46.600077, 41.9000955, 53.4000855, 1]",
amber-solid,dark,Badge,,primary,subtle,base,/__functional-colors,elevated,idle,0,pass,5.535501268121319,"[186.99991500000002, 140.00009999999997, 255, 1]","[46.600077, 41.9000955, 53.4000855, 1]",
amber-solid,dark,Alert,,primary,subtle,title,/__functional-colors,elevated,idle,0,pass,5.535501268121319,"[186.99991500000002, 140.00009999999997, 255, 1]","[46.600077, 41.9000955, 53.4000855, 1]",
amber-solid,dark,Alert,,primary,subtle,description,/__functional-colors,elevated,idle,0,pass,5.535501268121319,"[186.99991500000002, 140.00009999999997, 255, 1]","[46.600077, 41.9000955, 53.4000855, 1]",
amber-solid,dark,Button,,primary,solid,base/label,/__functional-colors,elevated,idle,0,pass,7.087039252728687,"[23.079922500000002, 23.0863485, 23.086935, 1]","[186.99991500000002, 140.00009999999997, 255, 1]",
amber-solid,dark,Button,,primary,solid,base/label,/__functional-colors,elevated,hover,0,pass,7.840499406307669,"[23.079922500000002, 23.0863485, 23.086935, 1]","[193.8, 151.50009, 255, 1]",
amber-solid,dark,Button,,primary,solid,base/label,/__functional-colors,elevated,active+hover,0,pass,8.662662927621303,"[23.079922500000002, 23.0863485, 23.086935, 1]","[200.600085, 163.00008, 255, 1]",
amber-solid,dark,Button,,primary,solid,base/label,/__functional-colors,elevated,keyboard-focus,0,pass,7.087039252728687,"[23.079922500000002, 23.0863485, 23.086935, 1]","[186.99991500000002, 140.00009999999997, 255, 1]",
amber-solid,dark,Button,,primary,solid,base/label,/__functional-colors,elevated,keyboard-active+focus,0,pass,8.662662927621303,"[23.079922500000002, 23.0863485, 23.086935, 1]","[200.600085, 163.00008, 255, 1]",
amber-solid,dark,Button,,primary,solid,base/label,/__functional-colors,elevated,focus+hover,0,pass,7.840499406307669,"[23.079922500000002, 23.0863485, 23.086935, 1]","[193.8, 151.50009, 255, 1]",
amber-solid,dark,Button,,primary,link,base/label,/__functional-colors,elevated,idle,0,pass,6.521126746839652,"[186.99991500000002, 140.00009999999997, 255, 1]","[31.000094999999998, 31.000094999999998, 31.000094999999998, 1]",
amber-solid,dark,Button,,primary,link,base/label,/__functional-colors,elevated,hover,0,pass,6.521126746839652,"[186.99991500000002, 140.00009999999997, 255, 1]","[31.000094999999998, 31.000094999999998, 31.000094999999998, 1]",
amber-solid,dark,Button,,primary,link,base/label,/__functional-colors,elevated,active+hover,0,pass,6.521126746839652,"[186.99991500000002, 140.00009999999997, 255, 1]","[31.000094999999998, 31.000094999999998, 31.000094999999998, 1]",
amber-solid,dark,Button,,primary,link,base/label,/__functional-colors,elevated,keyboard-focus,0,pass,6.521126746839652,"[186.99991500000002, 140.00009999999997, 255, 1]","[31.000094999999998, 31.000094999999998, 31.000094999999998, 1]",
amber-solid,dark,Button,,primary,link,base/label,/__functional-colors,elevated,keyboard-active+focus,0,pass,6.521126746839652,"[186.99991500000002, 140.00009999999997, 255, 1]","[31.000094999999998, 31.000094999999998, 31.000094999999998, 1]",
amber-solid,dark,Button,,primary,link,base/label,/__functional-colors,elevated,focus+hover,0,pass,6.521126746839652,"[186.99991500000002, 140.00009999999997, 255, 1]","[31.000094999999998, 31.000094999999998, 31.000094999999998, 1]",
amber-solid,dark,semantic text,,secondary,,text,/__functional-colors,elevated,idle,0,pass,9.817398939029731,"[68.99994, 221.99994, 196.999995, 1]","[31.000094999999998, 31.000094999999998, 31.000094999999998, 1]",
amber-solid,dark,Badge,,secondary,solid,base,/__functional-colors,elevated,idle,0,pass,10.669366559133293,"[23.079922500000002, 23.0863485, 23.086935, 1]","[68.99994, 221.99994, 196.999995, 1]",
amber-solid,dark,Alert,,secondary,solid,title,/__functional-colors,elevated,idle,0,pass,10.669366559133293,"[23.079922500000002, 23.0863485, 23.086935, 1]","[68.99994, 221.99994, 196.999995, 1]",
amber-solid,dark,Alert,,secondary,solid,description,/__functional-colors,elevated,idle,0,pass,10.669366559133293,"[23.079922500000002, 23.0863485, 23.086935, 1]","[68.99994, 221.99994, 196.999995, 1]",
amber-solid,dark,Badge,,secondary,outline,base,/__functional-colors,elevated,idle,0,pass,9.817398939029731,"[68.99994, 221.99994, 196.999995, 1]","[31.000094999999998, 31.000094999999998, 31.000094999999998, 1]",
amber-solid,dark,Alert,,secondary,outline,title,/__functional-colors,elevated,idle,0,pass,9.817398939029731,"[68.99994, 221.99994, 196.999995, 1]","[31.000094999999998, 31.000094999999998, 31.000094999999998, 1]",
amber-solid,dark,Alert,,secondary,outline,description,/__functional-colors,elevated,idle,0,pass,9.817398939029731,"[68.99994, 221.99994, 196.999995, 1]","[31.000094999999998, 31.000094999999998, 31.000094999999998, 1]",
amber-solid,dark,Badge,,secondary,soft,base,/__functional-colors,elevated,idle,0,pass,7.962968220857624,"[68.99994, 221.99994, 196.999995, 1]","[34.800105, 50.10007950000001, 47.60008500000001, 1]",
amber-solid,dark,Alert,,secondary,soft,title,/__functional-colors,elevated,idle,0,pass,7.962968220857624,"[68.99994, 221.99994, 196.999995, 1]","[34.800105, 50.10007950000001, 47.60008500000001, 1]",
amber-solid,dark,Alert,,secondary,soft,description,/__functional-colors,elevated,idle,0,pass,7.962968220857624,"[68.99994, 221.99994, 196.999995, 1]","[34.800105, 50.10007950000001, 47.60008500000001, 1]",
amber-solid,dark,Badge,,secondary,subtle,base,/__functional-colors,elevated,idle,0,pass,7.962968220857624,"[68.99994, 221.99994, 196.999995, 1]","[34.800105, 50.10007950000001, 47.60008500000001, 1]",
amber-solid,dark,Alert,,secondary,subtle,title,/__functional-colors,elevated,idle,0,pass,7.962968220857624,"[68.99994, 221.99994, 196.999995, 1]","[34.800105, 50.10007950000001, 47.60008500000001, 1]",
amber-solid,dark,Alert,,secondary,subtle,description,/__functional-colors,elevated,idle,0,pass,7.962968220857624,"[68.99994, 221.99994, 196.999995, 1]","[34.800105, 50.10007950000001, 47.60008500000001, 1]",
amber-solid,dark,Button,,secondary,solid,base/label,/__functional-colors,elevated,idle,0,pass,10.669366559133293,"[23.079922500000002, 23.0863485, 23.086935, 1]","[68.99994, 221.99994, 196.999995, 1]",
amber-solid,dark,Button,,secondary,solid,base/label,/__functional-colors,elevated,hover,0,pass,11.152392597265019,"[23.079922500000002, 23.0863485, 23.086935, 1]","[87.59989499999999, 225.299895, 202.79996999999997, 1]",
amber-solid,dark,Button,,secondary,solid,base/label,/__functional-colors,elevated,active+hover,0,pass,11.682534954152242,"[23.079922500000002, 23.0863485, 23.086935, 1]","[106.200105, 228.600105, 208.599945, 1]",
amber-solid,dark,Button,,secondary,solid,base/label,/__functional-colors,elevated,keyboard-focus,0,pass,10.669366559133293,"[23.079922500000002, 23.0863485, 23.086935, 1]","[68.99994, 221.99994, 196.999995, 1]",
amber-solid,dark,Button,,secondary,solid,base/label,/__functional-colors,elevated,keyboard-active+focus,0,pass,11.682534954152242,"[23.079922500000002, 23.0863485, 23.086935, 1]","[106.200105, 228.600105, 208.599945, 1]",
amber-solid,dark,Button,,secondary,solid,base/label,/__functional-colors,elevated,focus+hover,0,pass,11.152392597265019,"[23.079922500000002, 23.0863485, 23.086935, 1]","[87.59989499999999, 225.299895, 202.79996999999997, 1]",
amber-solid,dark,Button,,secondary,link,base/label,/__functional-colors,elevated,idle,0,pass,9.817398939029731,"[68.99994, 221.99994, 196.999995, 1]","[31.000094999999998, 31.000094999999998, 31.000094999999998, 1]",
amber-solid,dark,Button,,secondary,link,base/label,/__functional-colors,elevated,hover,0,pass,9.817398939029731,"[68.99994, 221.99994, 196.999995, 1]","[31.000094999999998, 31.000094999999998, 31.000094999999998, 1]",
amber-solid,dark,Button,,secondary,link,base/label,/__functional-colors,elevated,active+hover,0,pass,9.817398939029731,"[68.99994, 221.99994, 196.999995, 1]","[31.000094999999998, 31.000094999999998, 31.000094999999998, 1]",
amber-solid,dark,Button,,secondary,link,base/label,/__functional-colors,elevated,keyboard-focus,0,pass,9.817398939029731,"[68.99994, 221.99994, 196.999995, 1]","[31.000094999999998, 31.000094999999998, 31.000094999999998, 1]",
amber-solid,dark,Button,,secondary,link,base/label,/__functional-colors,elevated,keyboard-active+focus,0,pass,9.817398939029731,"[68.99994, 221.99994, 196.999995, 1]","[31.000094999999998, 31.000094999999998, 31.000094999999998, 1]",
amber-solid,dark,Button,,secondary,link,base/label,/__functional-colors,elevated,focus+hover,0,pass,9.817398939029731,"[68.99994, 221.99994, 196.999995, 1]","[31.000094999999998, 31.000094999999998, 31.000094999999998, 1]",
amber-solid,dark,semantic text,,success,,text,/__functional-colors,elevated,idle,0,pass,9.358444880569463,"[107.999895, 218.00001, 117.00012, 1]","[31.000094999999998, 31.000094999999998, 31.000094999999998, 1]",
amber-solid,dark,Badge,,success,solid,base,/__functional-colors,elevated,idle,0,pass,10.170583825139756,"[23.079922500000002, 23.0863485, 23.086935, 1]","[107.999895, 218.00001, 117.00012, 1]",
amber-solid,dark,Alert,,success,solid,title,/__functional-colors,elevated,idle,0,pass,10.170583825139756,"[23.079922500000002, 23.0863485, 23.086935, 1]","[107.999895, 218.00001, 117.00012, 1]",
amber-solid,dark,Alert,,success,solid,description,/__functional-colors,elevated,idle,0,pass,10.170583825139756,"[23.079922500000002, 23.0863485, 23.086935, 1]","[107.999895, 218.00001, 117.00012, 1]",
amber-solid,dark,Badge,,success,outline,base,/__functional-colors,elevated,idle,0,pass,9.358444880569463,"[107.999895, 218.00001, 117.00012, 1]","[31.000094999999998, 31.000094999999998, 31.000094999999998, 1]",
amber-solid,dark,Alert,,success,outline,title,/__functional-colors,elevated,idle,0,pass,9.358444880569463,"[107.999895, 218.00001, 117.00012, 1]","[31.000094999999998, 31.000094999999998, 31.000094999999998, 1]",
amber-solid,dark,Alert,,success,outline,description,/__functional-colors,elevated,idle,0,pass,9.358444880569463,"[107.999895, 218.00001, 117.00012, 1]","[31.000094999999998, 31.000094999999998, 31.000094999999998, 1]",
amber-solid,dark,Badge,,success,soft,base,/__functional-colors,elevated,idle,0,pass,7.612111863156123,"[107.999895, 218.00001, 117.00012, 1]","[38.700075, 49.7000865, 39.600097500000004, 1]",
amber-solid,dark,Alert,,success,soft,title,/__functional-colors,elevated,idle,0,pass,7.612111863156123,"[107.999895, 218.00001, 117.00012, 1]","[38.700075, 49.7000865, 39.600097500000004, 1]",
amber-solid,dark,Alert,,success,soft,description,/__functional-colors,elevated,idle,0,pass,7.612111863156123,"[107.999895, 218.00001, 117.00012, 1]","[38.700075, 49.7000865, 39.600097500000004, 1]",
amber-solid,dark,Badge,,success,subtle,base,/__functional-colors,elevated,idle,0,pass,7.612111863156123,"[107.999895, 218.00001, 117.00012, 1]","[38.700075, 49.7000865, 39.600097500000004, 1]",
amber-solid,dark,Alert,,success,subtle,title,/__functional-colors,elevated,idle,0,pass,7.612111863156123,"[107.999895, 218.00001, 117.00012, 1]","[38.700075, 49.7000865, 39.600097500000004, 1]",
amber-solid,dark,Alert,,success,subtle,description,/__functional-colors,elevated,idle,0,pass,7.612111863156123,"[107.999895, 218.00001, 117.00012, 1]","[38.700075, 49.7000865, 39.600097500000004, 1]",
amber-solid,dark,Button,,success,solid,base/label,/__functional-colors,elevated,idle,0,pass,10.170583825139756,"[23.079922500000002, 23.0863485, 23.086935, 1]","[107.999895, 218.00001, 117.00012, 1]",
amber-solid,dark,Button,,success,solid,base/label,/__functional-colors,elevated,hover,0,pass,10.731899652794608,"[23.079922500000002, 23.0863485, 23.086935, 1]","[122.69988, 221.70005999999998, 130.79995499999998, 1]",
amber-solid,dark,Button,,success,solid,base/label,/__functional-colors,elevated,active+hover,0,pass,11.336825127493679,"[23.079922500000002, 23.0863485, 23.086935, 1]","[137.40012, 225.40010999999998, 144.600045, 1]",
amber-solid,dark,Button,,success,solid,base/label,/__functional-colors,elevated,keyboard-focus,0,pass,10.170583825139756,"[23.079922500000002, 23.0863485, 23.086935, 1]","[107.999895, 218.00001, 117.00012, 1]",
amber-solid,dark,Button,,success,solid,base/label,/__functional-colors,elevated,keyboard-active+focus,0,pass,11.336825127493679,"[23.079922500000002, 23.0863485, 23.086935, 1]","[137.40012, 225.40010999999998, 144.600045, 1]",
amber-solid,dark,Button,,success,solid,base/label,/__functional-colors,elevated,focus+hover,0,pass,10.731899652794608,"[23.079922500000002, 23.0863485, 23.086935, 1]","[122.69988, 221.70005999999998, 130.79995499999998, 1]",
amber-solid,dark,Button,,success,link,base/label,/__functional-colors,elevated,idle,0,pass,9.358444880569463,"[107.999895, 218.00001, 117.00012, 1]","[31.000094999999998, 31.000094999999998, 31.000094999999998, 1]",
amber-solid,dark,Button,,success,link,base/label,/__functional-colors,elevated,hover,0,pass,9.358444880569463,"[107.999895, 218.00001, 117.00012, 1]","[31.000094999999998, 31.000094999999998, 31.000094999999998, 1]",
amber-solid,dark,Button,,success,link,base/label,/__functional-colors,elevated,active+hover,0,pass,9.358444880569463,"[107.999895, 218.00001, 117.00012, 1]","[31.000094999999998, 31.000094999999998, 31.000094999999998, 1]",
amber-solid,dark,Button,,success,link,base/label,/__functional-colors,elevated,keyboard-focus,0,pass,9.358444880569463,"[107.999895, 218.00001, 117.00012, 1]","[31.000094999999998, 31.000094999999998, 31.000094999999998, 1]",
amber-solid,dark,Button,,success,link,base/label,/__functional-colors,elevated,keyboard-active+focus,0,pass,9.358444880569463,"[107.999895, 218.00001, 117.00012, 1]","[31.000094999999998, 31.000094999999998, 31.000094999999998, 1]",
amber-solid,dark,Button,,success,link,base/label,/__functional-colors,elevated,focus+hover,0,pass,9.358444880569463,"[107.999895, 218.00001, 117.00012, 1]","[31.000094999999998, 31.000094999999998, 31.000094999999998, 1]",
amber-solid,dark,semantic text,,info,,text,/__functional-colors,elevated,idle,0,pass,6.952033860531208,"[82.000095, 174.000015, 255, 1]","[31.000094999999998, 31.000094999999998, 31.000094999999998, 1]",
amber-solid,dark,Badge,,info,solid,base,/__functional-colors,elevated,idle,0,pass,7.555341088832712,"[23.079922500000002, 23.0863485, 23.086935, 1]","[82.000095, 174.000015, 255, 1]",
amber-solid,dark,Alert,,info,solid,title,/__functional-colors,elevated,idle,0,pass,7.555341088832712,"[23.079922500000002, 23.0863485, 23.086935, 1]","[82.000095, 174.000015, 255, 1]",
amber-solid,dark,Alert,,info,solid,description,/__functional-colors,elevated,idle,0,pass,7.555341088832712,"[23.079922500000002, 23.0863485, 23.086935, 1]","[82.000095, 174.000015, 255, 1]",
amber-solid,dark,Badge,,info,outline,base,/__functional-colors,elevated,idle,0,pass,6.952033860531208,"[82.000095, 174.000015, 255, 1]","[31.000094999999998, 31.000094999999998, 31.000094999999998, 1]",
amber-solid,dark,Alert,,info,outline,title,/__functional-colors,elevated,idle,0,pass,6.952033860531208,"[82.000095, 174.000015, 255, 1]","[31.000094999999998, 31.000094999999998, 31.000094999999998, 1]",
amber-solid,dark,Alert,,info,outline,description,/__functional-colors,elevated,idle,0,pass,6.952033860531208,"[82.000095, 174.000015, 255, 1]","[31.000094999999998, 31.000094999999998, 31.000094999999998, 1]",
amber-solid,dark,Badge,,info,soft,base,/__functional-colors,elevated,idle,0,pass,5.875521741574939,"[82.000095, 174.000015, 255, 1]","[36.1001205, 45.300087, 53.4000855, 1]",
amber-solid,dark,Alert,,info,soft,title,/__functional-colors,elevated,idle,0,pass,5.875521741574939,"[82.000095, 174.000015, 255, 1]","[36.1001205, 45.300087, 53.4000855, 1]",
amber-solid,dark,Alert,,info,soft,description,/__functional-colors,elevated,idle,0,pass,5.875521741574939,"[82.000095, 174.000015, 255, 1]","[36.1001205, 45.300087, 53.4000855, 1]",
amber-solid,dark,Badge,,info,subtle,base,/__functional-colors,elevated,idle,0,pass,5.875521741574939,"[82.000095, 174.000015, 255, 1]","[36.1001205, 45.300087, 53.4000855, 1]",
amber-solid,dark,Alert,,info,subtle,title,/__functional-colors,elevated,idle,0,pass,5.875521741574939,"[82.000095, 174.000015, 255, 1]","[36.1001205, 45.300087, 53.4000855, 1]",
amber-solid,dark,Alert,,info,subtle,description,/__functional-colors,elevated,idle,0,pass,5.875521741574939,"[82.000095, 174.000015, 255, 1]","[36.1001205, 45.300087, 53.4000855, 1]",
amber-solid,dark,Button,,info,solid,base/label,/__functional-colors,elevated,idle,0,pass,7.555341088832712,"[23.079922500000002, 23.0863485, 23.086935, 1]","[82.000095, 174.000015, 255, 1]",
amber-solid,dark,Button,,info,solid,base/label,/__functional-colors,elevated,hover,0,pass,8.25490771991566,"[23.079922500000002, 23.0863485, 23.086935, 1]","[99.30006, 182.10009, 255, 1]",
amber-solid,dark,Button,,info,solid,base/label,/__functional-colors,elevated,active+hover,0,pass,9.022852423578826,"[23.079922500000002, 23.0863485, 23.086935, 1]","[116.600025, 190.19991000000002, 255, 1]",
amber-solid,dark,Button,,info,solid,base/label,/__functional-colors,elevated,keyboard-focus,0,pass,7.555341088832712,"[23.079922500000002, 23.0863485, 23.086935, 1]","[82.000095, 174.000015, 255, 1]",
amber-solid,dark,Button,,info,solid,base/label,/__functional-colors,elevated,keyboard-active+focus,0,pass,9.022852423578826,"[23.079922500000002, 23.0863485, 23.086935, 1]","[116.600025, 190.19991000000002, 255, 1]",
amber-solid,dark,Button,,info,solid,base/label,/__functional-colors,elevated,focus+hover,0,pass,8.25490771991566,"[23.079922500000002, 23.0863485, 23.086935, 1]","[99.30006, 182.10009, 255, 1]",
amber-solid,dark,Button,,info,link,base/label,/__functional-colors,elevated,idle,0,pass,6.952033860531208,"[82.000095, 174.000015, 255, 1]","[31.000094999999998, 31.000094999999998, 31.000094999999998, 1]",
amber-solid,dark,Button,,info,link,base/label,/__functional-colors,elevated,hover,0,pass,6.952033860531208,"[82.000095, 174.000015, 255, 1]","[31.000094999999998, 31.000094999999998, 31.000094999999998, 1]",
amber-solid,dark,Button,,info,link,base/label,/__functional-colors,elevated,active+hover,0,pass,6.952033860531208,"[82.000095, 174.000015, 255, 1]","[31.000094999999998, 31.000094999999998, 31.000094999999998, 1]",
amber-solid,dark,Button,,info,link,base/label,/__functional-colors,elevated,keyboard-focus,0,pass,6.952033860531208,"[82.000095, 174.000015, 255, 1]","[31.000094999999998, 31.000094999999998, 31.000094999999998, 1]",
amber-solid,dark,Button,,info,link,base/label,/__functional-colors,elevated,keyboard-active+focus,0,pass,6.952033860531208,"[82.000095, 174.000015, 255, 1]","[31.000094999999998, 31.000094999999998, 31.000094999999998, 1]",
amber-solid,dark,Button,,info,link,base/label,/__functional-colors,elevated,focus+hover,0,pass,6.952033860531208,"[82.000095, 174.000015, 255, 1]","[31.000094999999998, 31.000094999999998, 31.000094999999998, 1]",
amber-solid,dark,semantic text,,warning,,text,/__functional-colors,elevated,idle,0,pass,9.178691257685061,"[244.000065, 182.999985, 63.9999, 1]","[31.000094999999998, 31.000094999999998, 31.000094999999998, 1]",
amber-solid,dark,Badge,,warning,solid,base,/__functional-colors,elevated,idle,0,pass,9.975230931282981,"[23.079922500000002, 23.0863485, 23.086935, 1]","[244.000065, 182.999985, 63.9999, 1]",
amber-solid,dark,Alert,,warning,solid,title,/__functional-colors,elevated,idle,0,pass,9.975230931282981,"[23.079922500000002, 23.0863485, 23.086935, 1]","[244.000065, 182.999985, 63.9999, 1]",
amber-solid,dark,Alert,,warning,solid,description,/__functional-colors,elevated,idle,0,pass,9.975230931282981,"[23.079922500000002, 23.0863485, 23.086935, 1]","[244.000065, 182.999985, 63.9999, 1]",
amber-solid,dark,Badge,,warning,outline,base,/__functional-colors,elevated,idle,0,pass,9.178691257685061,"[244.000065, 182.999985, 63.9999, 1]","[31.000094999999998, 31.000094999999998, 31.000094999999998, 1]",
amber-solid,dark,Alert,,warning,outline,title,/__functional-colors,elevated,idle,0,pass,9.178691257685061,"[244.000065, 182.999985, 63.9999, 1]","[31.000094999999998, 31.000094999999998, 31.000094999999998, 1]",
amber-solid,dark,Alert,,warning,outline,description,/__functional-colors,elevated,idle,0,pass,9.178691257685061,"[244.000065, 182.999985, 63.9999, 1]","[31.000094999999998, 31.000094999999998, 31.000094999999998, 1]",
amber-solid,dark,Badge,,warning,soft,base,/__functional-colors,elevated,idle,0,pass,7.472288094124483,"[244.000065, 182.999985, 63.9999, 1]","[52.3000665, 46.200084000000004, 34.3001265, 1]",
amber-solid,dark,Alert,,warning,soft,title,/__functional-colors,elevated,idle,0,pass,7.472288094124483,"[244.000065, 182.999985, 63.9999, 1]","[52.3000665, 46.200084000000004, 34.3001265, 1]",
amber-solid,dark,Alert,,warning,soft,description,/__functional-colors,elevated,idle,0,pass,7.472288094124483,"[244.000065, 182.999985, 63.9999, 1]","[52.3000665, 46.200084000000004, 34.3001265, 1]",
amber-solid,dark,Badge,,warning,subtle,base,/__functional-colors,elevated,idle,0,pass,7.472288094124483,"[244.000065, 182.999985, 63.9999, 1]","[52.3000665, 46.200084000000004, 34.3001265, 1]",
amber-solid,dark,Alert,,warning,subtle,title,/__functional-colors,elevated,idle,0,pass,7.472288094124483,"[244.000065, 182.999985, 63.9999, 1]","[52.3000665, 46.200084000000004, 34.3001265, 1]",
amber-solid,dark,Alert,,warning,subtle,description,/__functional-colors,elevated,idle,0,pass,7.472288094124483,"[244.000065, 182.999985, 63.9999, 1]","[52.3000665, 46.200084000000004, 34.3001265, 1]",
amber-solid,dark,Button,,warning,solid,base/label,/__functional-colors,elevated,idle,0,pass,9.975230931282981,"[23.079922500000002, 23.0863485, 23.086935, 1]","[244.000065, 182.999985, 63.9999, 1]",
amber-solid,dark,Button,,warning,solid,base/label,/__functional-colors,elevated,hover,0,pass,10.57231933351847,"[23.079922500000002, 23.0863485, 23.086935, 1]","[245.09988, 190.19991000000002, 83.09991, 1]",
amber-solid,dark,Button,,warning,solid,base/label,/__functional-colors,elevated,active+hover,0,pass,11.209803503319694,"[23.079922500000002, 23.0863485, 23.086935, 1]","[246.19995, 197.40009, 102.19991999999999, 1]",
amber-solid,dark,Button,,warning,solid,base/label,/__functional-colors,elevated,keyboard-focus,0,pass,9.975230931282981,"[23.079922500000002, 23.0863485, 23.086935, 1]","[244.000065, 182.999985, 63.9999, 1]",
amber-solid,dark,Button,,warning,solid,base/label,/__functional-colors,elevated,keyboard-active+focus,0,pass,11.209803503319694,"[23.079922500000002, 23.0863485, 23.086935, 1]","[246.19995, 197.40009, 102.19991999999999, 1]",
amber-solid,dark,Button,,warning,solid,base/label,/__functional-colors,elevated,focus+hover,0,pass,10.57231933351847,"[23.079922500000002, 23.0863485, 23.086935, 1]","[245.09988, 190.19991000000002, 83.09991, 1]",
amber-solid,dark,Button,,warning,link,base/label,/__functional-colors,elevated,idle,0,pass,9.178691257685061,"[244.000065, 182.999985, 63.9999, 1]","[31.000094999999998, 31.000094999999998, 31.000094999999998, 1]",
amber-solid,dark,Button,,warning,link,base/label,/__functional-colors,elevated,hover,0,pass,9.178691257685061,"[244.000065, 182.999985, 63.9999, 1]","[31.000094999999998, 31.000094999999998, 31.000094999999998, 1]",
amber-solid,dark,Button,,warning,link,base/label,/__functional-colors,elevated,active+hover,0,pass,9.178691257685061,"[244.000065, 182.999985, 63.9999, 1]","[31.000094999999998, 31.000094999999998, 31.000094999999998, 1]",
amber-solid,dark,Button,,warning,link,base/label,/__functional-colors,elevated,keyboard-focus,0,pass,9.178691257685061,"[244.000065, 182.999985, 63.9999, 1]","[31.000094999999998, 31.000094999999998, 31.000094999999998, 1]",
amber-solid,dark,Button,,warning,link,base/label,/__functional-colors,elevated,keyboard-active+focus,0,pass,9.178691257685061,"[244.000065, 182.999985, 63.9999, 1]","[31.000094999999998, 31.000094999999998, 31.000094999999998, 1]",
amber-solid,dark,Button,,warning,link,base/label,/__functional-colors,elevated,focus+hover,0,pass,9.178691257685061,"[244.000065, 182.999985, 63.9999, 1]","[31.000094999999998, 31.000094999999998, 31.000094999999998, 1]",
amber-solid,dark,semantic text,,error,,text,/__functional-colors,elevated,idle,0,pass,7.034715955517319,"[255, 133.000095, 135.999915, 1]","[31.000094999999998, 31.000094999999998, 31.000094999999998, 1]",
amber-solid,dark,Badge,,error,solid,base,/__functional-colors,elevated,idle,0,pass,7.645198451741413,"[23.079922500000002, 23.0863485, 23.086935, 1]","[255, 133.000095, 135.999915, 1]",
amber-solid,dark,Alert,,error,solid,title,/__functional-colors,elevated,idle,0,pass,7.645198451741413,"[23.079922500000002, 23.0863485, 23.086935, 1]","[255, 133.000095, 135.999915, 1]",
amber-solid,dark,Alert,,error,solid,description,/__functional-colors,elevated,idle,0,pass,7.645198451741413,"[23.079922500000002, 23.0863485, 23.086935, 1]","[255, 133.000095, 135.999915, 1]",
amber-solid,dark,Badge,,error,outline,base,/__functional-colors,elevated,idle,0,pass,7.034715955517319,"[255, 133.000095, 135.999915, 1]","[31.000094999999998, 31.000094999999998, 31.000094999999998, 1]",
amber-solid,dark,Alert,,error,outline,title,/__functional-colors,elevated,idle,0,pass,7.034715955517319,"[255, 133.000095, 135.999915, 1]","[31.000094999999998, 31.000094999999998, 31.000094999999998, 1]",
amber-solid,dark,Alert,,error,outline,description,/__functional-colors,elevated,idle,0,pass,7.034715955517319,"[255, 133.000095, 135.999915, 1]","[31.000094999999998, 31.000094999999998, 31.000094999999998, 1]",
amber-solid,dark,Badge,,error,soft,base,/__functional-colors,elevated,idle,0,pass,5.950319332244458,"[255, 133.000095, 135.999915, 1]","[53.4000855, 41.200095, 41.5001025, 1]",
amber-solid,dark,Alert,,error,soft,title,/__functional-colors,elevated,idle,0,pass,5.950319332244458,"[255, 133.000095, 135.999915, 1]","[53.4000855, 41.200095, 41.5001025, 1]",
amber-solid,dark,Alert,,error,soft,description,/__functional-colors,elevated,idle,0,pass,5.950319332244458,"[255, 133.000095, 135.999915, 1]","[53.4000855, 41.200095, 41.5001025, 1]",
amber-solid,dark,Badge,,error,subtle,base,/__functional-colors,elevated,idle,0,pass,5.950319332244458,"[255, 133.000095, 135.999915, 1]","[53.4000855, 41.200095, 41.5001025, 1]",
amber-solid,dark,Alert,,error,subtle,title,/__functional-colors,elevated,idle,0,pass,5.950319332244458,"[255, 133.000095, 135.999915, 1]","[53.4000855, 41.200095, 41.5001025, 1]",
amber-solid,dark,Alert,,error,subtle,description,/__functional-colors,elevated,idle,0,pass,5.950319332244458,"[255, 133.000095, 135.999915, 1]","[53.4000855, 41.200095, 41.5001025, 1]",
amber-solid,dark,Button,,error,solid,base/label,/__functional-colors,elevated,idle,0,pass,7.645198451741413,"[23.079922500000002, 23.0863485, 23.086935, 1]","[255, 133.000095, 135.999915, 1]",
amber-solid,dark,Button,,error,solid,base/label,/__functional-colors,elevated,hover,0,pass,8.30957866051636,"[23.079922500000002, 23.0863485, 23.086935, 1]","[255, 145.20006, 147.89999999999998, 1]",
amber-solid,dark,Button,,error,solid,base/label,/__functional-colors,elevated,active+hover,0,pass,9.04891554369144,"[23.079922500000002, 23.0863485, 23.086935, 1]","[255, 157.400025, 159.800085, 1]",
amber-solid,dark,Button,,error,solid,base/label,/__functional-colors,elevated,keyboard-focus,0,pass,7.645198451741413,"[23.079922500000002, 23.0863485, 23.086935, 1]","[255, 133.000095, 135.999915, 1]",
amber-solid,dark,Button,,error,solid,base/label,/__functional-colors,elevated,keyboard-active+focus,0,pass,9.04891554369144,"[23.079922500000002, 23.0863485, 23.086935, 1]","[255, 157.400025, 159.800085, 1]",
amber-solid,dark,Button,,error,solid,base/label,/__functional-colors,elevated,focus+hover,0,pass,8.30957866051636,"[23.079922500000002, 23.0863485, 23.086935, 1]","[255, 145.20006, 147.89999999999998, 1]",
amber-solid,dark,Button,,error,link,base/label,/__functional-colors,elevated,idle,0,pass,7.034715955517319,"[255, 133.000095, 135.999915, 1]","[31.000094999999998, 31.000094999999998, 31.000094999999998, 1]",
amber-solid,dark,Button,,error,link,base/label,/__functional-colors,elevated,hover,0,pass,7.034715955517319,"[255, 133.000095, 135.999915, 1]","[31.000094999999998, 31.000094999999998, 31.000094999999998, 1]",
amber-solid,dark,Button,,error,link,base/label,/__functional-colors,elevated,active+hover,0,pass,7.034715955517319,"[255, 133.000095, 135.999915, 1]","[31.000094999999998, 31.000094999999998, 31.000094999999998, 1]",
amber-solid,dark,Button,,error,link,base/label,/__functional-colors,elevated,keyboard-focus,0,pass,7.034715955517319,"[255, 133.000095, 135.999915, 1]","[31.000094999999998, 31.000094999999998, 31.000094999999998, 1]",
amber-solid,dark,Button,,error,link,base/label,/__functional-colors,elevated,keyboard-active+focus,0,pass,7.034715955517319,"[255, 133.000095, 135.999915, 1]","[31.000094999999998, 31.000094999999998, 31.000094999999998, 1]",
amber-solid,dark,Button,,error,link,base/label,/__functional-colors,elevated,focus+hover,0,pass,7.034715955517319,"[255, 133.000095, 135.999915, 1]","[31.000094999999998, 31.000094999999998, 31.000094999999998, 1]",
amber-solid,dark,FormField,,error,,error,,elevated,visible,0,pass,7.034715955517319,"[255, 133.000095, 135.999915, 1]","[31.000094999999998, 31.000094999999998, 31.000094999999998, 1]",
amber-solid,dark,API fixture,F1,,,,,elevated,idle,0,pass,7.034715955517319,"[255, 133.000095, 135.999915, 1]","[31.000094999999998, 31.000094999999998, 31.000094999999998, 1]",
amber-solid,dark,API fixture,F2,,,,,elevated,idle,0,pass,9.178691257685061,"[244.000065, 182.999985, 63.9999, 1]","[31.000094999999998, 31.000094999999998, 31.000094999999998, 1]",
amber-solid,dark,API fixture,F5-field-caveat,,,,,elevated,idle,0,pass,7.472288094124483,"[244.000065, 182.999985, 63.9999, 1]","[52.3000665, 46.200084000000004, 34.3001265, 1]",
amber-solid,dark,API fixture,F5-field-caveat,,,,,elevated,idle,1,pass,5.193656143604129,"[161.000115, 161.000115, 161.000115, 1]","[52.3000665, 46.200084000000004, 34.3001265, 1]",
amber-solid,dark,API fixture,value-caveat,,,,,elevated,idle,0,pass,7.472288094124483,"[244.000065, 182.999985, 63.9999, 1]","[52.3000665, 46.200084000000004, 34.3001265, 1]",
amber-solid,dark,API fixture,value-caveat,,,,,elevated,idle,1,pass,5.193656143604129,"[161.000115, 161.000115, 161.000115, 1]","[52.3000665, 46.200084000000004, 34.3001265, 1]",
amber-solid,dark,ResponseExample,,,,status/statusText,,elevated,single status visible,0,pass,7.9054395961421475,"[107.999895, 218.00001, 117.00012, 1]","[36.0000534, 47.0000649, 36.9000759, 1]",
amber-solid,dark,ResponseExample,,,,status/statusText,,elevated,single status visible,1,pass,7.9054395961421475,"[107.999895, 218.00001, 117.00012, 1]","[36.0000534, 47.0000649, 36.9000759, 1]",
amber-solid,dark,ResponseExample,,,,status/statusText,,elevated,single status visible,2,pass,6.095653619441885,"[82.000095, 174.000015, 255, 1]","[33.4000989, 42.6000654, 50.700063899999996, 1]",
amber-solid,dark,ResponseExample,,,,status/statusText,,elevated,single status visible,3,pass,6.095653619441885,"[82.000095, 174.000015, 255, 1]","[33.4000989, 42.6000654, 50.700063899999996, 1]",
amber-solid,dark,ResponseExample,,,,status/statusText,,elevated,single status visible,4,pass,7.760385422077901,"[244.000065, 182.999985, 63.9999, 1]","[49.6000449, 43.5000624, 31.600104899999998, 1]",
amber-solid,dark,ResponseExample,,,,status/statusText,,elevated,single status visible,5,pass,7.760385422077901,"[244.000065, 182.999985, 63.9999, 1]","[49.6000449, 43.5000624, 31.600104899999998, 1]",
amber-solid,dark,ResponseExample,,,,status/statusText,,elevated,single status visible,6,pass,6.172862001320169,"[255, 133.000095, 135.999915, 1]","[50.700063899999996, 38.500073400000005, 38.8000809, 1]",
amber-solid,dark,ResponseExample,,,,status/statusText,,elevated,single status visible,7,pass,6.172862001320169,"[255, 133.000095, 135.999915, 1]","[50.700063899999996, 38.500073400000005, 38.8000809, 1]",
amber-solid,dark,LifecycleNotice,,,,,,elevated,idle,0,pass,7.472288094124483,"[244.000065, 182.999985, 63.9999, 1]","[52.3000665, 46.200084000000004, 34.3001265, 1]",
amber-solid,dark,LifecycleNotice,,,,,,elevated,idle,1,pass,7.472288094124483,"[244.000065, 182.999985, 63.9999, 1]","[52.3000665, 46.200084000000004, 34.3001265, 1]",
amber-solid,dark,LifecycleNotice,,,,,,elevated,idle,2,pass,7.612111863156123,"[107.999895, 218.00001, 117.00012, 1]","[38.700075, 49.7000865, 39.600097500000004, 1]",
amber-solid,dark,LifecycleNotice,,,,,,elevated,idle,3,pass,7.612111863156123,"[107.999895, 218.00001, 117.00012, 1]","[38.700075, 49.7000865, 39.600097500000004, 1]",
amber-solid,dark,LifecycleNotice,,,,,,elevated,idle,4,pass,7.472288094124483,"[244.000065, 182.999985, 63.9999, 1]","[52.3000665, 46.200084000000004, 34.3001265, 1]",
amber-solid,dark,LifecycleNotice,,,,,,elevated,idle,5,pass,7.472288094124483,"[244.000065, 182.999985, 63.9999, 1]","[52.3000665, 46.200084000000004, 34.3001265, 1]",
amber-solid,dark,LifecycleNotice,,,,,,elevated,idle,6,pass,16.482959521795948,"[255, 255, 255, 1]","[31.000094999999998, 31.000094999999998, 31.000094999999998, 1]",
amber-solid,dark,LifecycleNotice,,,,,,elevated,idle,7,pass,13.526757079352704,"[232.6000095, 232.6000095, 232.6000095, 1]","[31.000094999999998, 31.000094999999998, 31.000094999999998, 1]",
amber-solid,dark,LifecycleNotice,,,,,,elevated,idle,8,pass,5.950319332244458,"[255, 133.000095, 135.999915, 1]","[53.4000855, 41.200095, 41.5001025, 1]",
amber-solid,dark,LifecycleNotice,,,,,,elevated,idle,9,pass,5.950319332244458,"[255, 133.000095, 135.999915, 1]","[53.4000855, 41.200095, 41.5001025, 1]",
amber-solid,dark,FieldAnnotation,,,,required,,portal own bg-default,open,0,pass,8.449594779719497,"[255, 133.000095, 135.999915, 1]","[10.0000035, 10.0000035, 10.0000035, 1]",
amber-solid,dark,FieldAnnotation,,,,conditional,,portal own bg-default,open,0,pass,11.024783690770832,"[244.000065, 182.999985, 63.9999, 1]","[10.0000035, 10.0000035, 10.0000035, 1]",
amber-solid,dark,semantic text,,primary,,text,/__functional-colors,accented,idle,0,pass,5.755686514272954,"[186.99991500000002, 140.00009999999997, 255, 1]","[40.99992, 40.99992, 40.99992, 1]",
amber-solid,dark,Badge,,primary,solid,base,/__functional-colors,accented,idle,0,pass,7.087039252728687,"[23.079922500000002, 23.0863485, 23.086935, 1]","[186.99991500000002, 140.00009999999997, 255, 1]",
amber-solid,dark,Alert,,primary,solid,title,/__functional-colors,accented,idle,0,pass,7.087039252728687,"[23.079922500000002, 23.0863485, 23.086935, 1]","[186.99991500000002, 140.00009999999997, 255, 1]",
amber-solid,dark,Alert,,primary,solid,description,/__functional-colors,accented,idle,0,pass,7.087039252728687,"[23.079922500000002, 23.0863485, 23.086935, 1]","[186.99991500000002, 140.00009999999997, 255, 1]",
amber-solid,dark,Badge,,primary,outline,base,/__functional-colors,accented,idle,0,pass,5.755686514272954,"[186.99991500000002, 140.00009999999997, 255, 1]","[40.99992, 40.99992, 40.99992, 1]",
amber-solid,dark,Alert,,primary,outline,title,/__functional-colors,accented,idle,0,pass,5.755686514272954,"[186.99991500000002, 140.00009999999997, 255, 1]","[40.99992, 40.99992, 40.99992, 1]",
amber-solid,dark,Alert,,primary,outline,description,/__functional-colors,accented,idle,0,pass,5.755686514272954,"[186.99991500000002, 140.00009999999997, 255, 1]","[40.99992, 40.99992, 40.99992, 1]",
amber-solid,dark,Badge,,primary,soft,base,/__functional-colors,accented,idle,0,pass,4.864057685586142,"[186.99991500000002, 140.00009999999997, 255, 1]","[55.599919500000006, 50.899938, 62.399928, 1]",
amber-solid,dark,Alert,,primary,soft,title,/__functional-colors,accented,idle,0,pass,4.864057685586142,"[186.99991500000002, 140.00009999999997, 255, 1]","[55.599919500000006, 50.899938, 62.399928, 1]",
amber-solid,dark,Alert,,primary,soft,description,/__functional-colors,accented,idle,0,pass,4.864057685586142,"[186.99991500000002, 140.00009999999997, 255, 1]","[55.599919500000006, 50.899938, 62.399928, 1]",
amber-solid,dark,Badge,,primary,subtle,base,/__functional-colors,accented,idle,0,pass,4.864057685586142,"[186.99991500000002, 140.00009999999997, 255, 1]","[55.599919500000006, 50.899938, 62.399928, 1]",
amber-solid,dark,Alert,,primary,subtle,title,/__functional-colors,accented,idle,0,pass,4.864057685586142,"[186.99991500000002, 140.00009999999997, 255, 1]","[55.599919500000006, 50.899938, 62.399928, 1]",
amber-solid,dark,Alert,,primary,subtle,description,/__functional-colors,accented,idle,0,pass,4.864057685586142,"[186.99991500000002, 140.00009999999997, 255, 1]","[55.599919500000006, 50.899938, 62.399928, 1]",
amber-solid,dark,Button,,primary,solid,base/label,/__functional-colors,accented,idle,0,pass,7.087039252728687,"[23.079922500000002, 23.0863485, 23.086935, 1]","[186.99991500000002, 140.00009999999997, 255, 1]",
amber-solid,dark,Button,,primary,solid,base/label,/__functional-colors,accented,hover,0,pass,7.840499406307669,"[23.079922500000002, 23.0863485, 23.086935, 1]","[193.8, 151.50009, 255, 1]",
amber-solid,dark,Button,,primary,solid,base/label,/__functional-colors,accented,active+hover,0,pass,8.662662927621303,"[23.079922500000002, 23.0863485, 23.086935, 1]","[200.600085, 163.00008, 255, 1]",
amber-solid,dark,Button,,primary,solid,base/label,/__functional-colors,accented,keyboard-focus,0,pass,7.087039252728687,"[23.079922500000002, 23.0863485, 23.086935, 1]","[186.99991500000002, 140.00009999999997, 255, 1]",
amber-solid,dark,Button,,primary,solid,base/label,/__functional-colors,accented,keyboard-active+focus,0,pass,8.662662927621303,"[23.079922500000002, 23.0863485, 23.086935, 1]","[200.600085, 163.00008, 255, 1]",
amber-solid,dark,Button,,primary,solid,base/label,/__functional-colors,accented,focus+hover,0,pass,7.840499406307669,"[23.079922500000002, 23.0863485, 23.086935, 1]","[193.8, 151.50009, 255, 1]",
amber-solid,dark,Button,,primary,link,base/label,/__functional-colors,accented,idle,0,pass,5.755686514272954,"[186.99991500000002, 140.00009999999997, 255, 1]","[40.99992, 40.99992, 40.99992, 1]",
amber-solid,dark,Button,,primary,link,base/label,/__functional-colors,accented,hover,0,pass,5.755686514272954,"[186.99991500000002, 140.00009999999997, 255, 1]","[40.99992, 40.99992, 40.99992, 1]",
amber-solid,dark,Button,,primary,link,base/label,/__functional-colors,accented,active+hover,0,pass,5.755686514272954,"[186.99991500000002, 140.00009999999997, 255, 1]","[40.99992, 40.99992, 40.99992, 1]",
amber-solid,dark,Button,,primary,link,base/label,/__functional-colors,accented,keyboard-focus,0,pass,5.755686514272954,"[186.99991500000002, 140.00009999999997, 255, 1]","[40.99992, 40.99992, 40.99992, 1]",
amber-solid,dark,Button,,primary,link,base/label,/__functional-colors,accented,keyboard-active+focus,0,pass,5.755686514272954,"[186.99991500000002, 140.00009999999997, 255, 1]","[40.99992, 40.99992, 40.99992, 1]",
amber-solid,dark,Button,,primary,link,base/label,/__functional-colors,accented,focus+hover,0,pass,5.755686514272954,"[186.99991500000002, 140.00009999999997, 255, 1]","[40.99992, 40.99992, 40.99992, 1]",
amber-solid,dark,semantic text,,secondary,,text,/__functional-colors,accented,idle,0,pass,8.66504714173752,"[68.99994, 221.99994, 196.999995, 1]","[40.99992, 40.99992, 40.99992, 1]",
amber-solid,dark,Badge,,secondary,solid,base,/__functional-colors,accented,idle,0,pass,10.669366559133293,"[23.079922500000002, 23.0863485, 23.086935, 1]","[68.99994, 221.99994, 196.999995, 1]",
amber-solid,dark,Alert,,secondary,solid,title,/__functional-colors,accented,idle,0,pass,10.669366559133293,"[23.079922500000002, 23.0863485, 23.086935, 1]","[68.99994, 221.99994, 196.999995, 1]",
amber-solid,dark,Alert,,secondary,solid,description,/__functional-colors,accented,idle,0,pass,10.669366559133293,"[23.079922500000002, 23.0863485, 23.086935, 1]","[68.99994, 221.99994, 196.999995, 1]",
amber-solid,dark,Badge,,secondary,outline,base,/__functional-colors,accented,idle,0,pass,8.66504714173752,"[68.99994, 221.99994, 196.999995, 1]","[40.99992, 40.99992, 40.99992, 1]",
amber-solid,dark,Alert,,secondary,outline,title,/__functional-colors,accented,idle,0,pass,8.66504714173752,"[68.99994, 221.99994, 196.999995, 1]","[40.99992, 40.99992, 40.99992, 1]",
amber-solid,dark,Alert,,secondary,outline,description,/__functional-colors,accented,idle,0,pass,8.66504714173752,"[68.99994, 221.99994, 196.999995, 1]","[40.99992, 40.99992, 40.99992, 1]",
amber-solid,dark,Badge,,secondary,soft,base,/__functional-colors,accented,idle,0,pass,6.979252580237736,"[68.99994, 221.99994, 196.999995, 1]","[43.7999475, 59.09992200000001, 56.59992750000001, 1]",
amber-solid,dark,Alert,,secondary,soft,title,/__functional-colors,accented,idle,0,pass,6.979252580237736,"[68.99994, 221.99994, 196.999995, 1]","[43.7999475, 59.09992200000001, 56.59992750000001, 1]",
amber-solid,dark,Alert,,secondary,soft,description,/__functional-colors,accented,idle,0,pass,6.979252580237736,"[68.99994, 221.99994, 196.999995, 1]","[43.7999475, 59.09992200000001, 56.59992750000001, 1]",
amber-solid,dark,Badge,,secondary,subtle,base,/__functional-colors,accented,idle,0,pass,6.979252580237736,"[68.99994, 221.99994, 196.999995, 1]","[43.7999475, 59.09992200000001, 56.59992750000001, 1]",
amber-solid,dark,Alert,,secondary,subtle,title,/__functional-colors,accented,idle,0,pass,6.979252580237736,"[68.99994, 221.99994, 196.999995, 1]","[43.7999475, 59.09992200000001, 56.59992750000001, 1]",
amber-solid,dark,Alert,,secondary,subtle,description,/__functional-colors,accented,idle,0,pass,6.979252580237736,"[68.99994, 221.99994, 196.999995, 1]","[43.7999475, 59.09992200000001, 56.59992750000001, 1]",
amber-solid,dark,Button,,secondary,solid,base/label,/__functional-colors,accented,idle,0,pass,10.669366559133293,"[23.079922500000002, 23.0863485, 23.086935, 1]","[68.99994, 221.99994, 196.999995, 1]",
amber-solid,dark,Button,,secondary,solid,base/label,/__functional-colors,accented,hover,0,pass,11.152392597265019,"[23.079922500000002, 23.0863485, 23.086935, 1]","[87.59989499999999, 225.299895, 202.79996999999997, 1]",
amber-solid,dark,Button,,secondary,solid,base/label,/__functional-colors,accented,active+hover,0,pass,11.682534954152242,"[23.079922500000002, 23.0863485, 23.086935, 1]","[106.200105, 228.600105, 208.599945, 1]",
amber-solid,dark,Button,,secondary,solid,base/label,/__functional-colors,accented,keyboard-focus,0,pass,10.669366559133293,"[23.079922500000002, 23.0863485, 23.086935, 1]","[68.99994, 221.99994, 196.999995, 1]",
amber-solid,dark,Button,,secondary,solid,base/label,/__functional-colors,accented,keyboard-active+focus,0,pass,11.682534954152242,"[23.079922500000002, 23.0863485, 23.086935, 1]","[106.200105, 228.600105, 208.599945, 1]",
amber-solid,dark,Button,,secondary,solid,base/label,/__functional-colors,accented,focus+hover,0,pass,11.152392597265019,"[23.079922500000002, 23.0863485, 23.086935, 1]","[87.59989499999999, 225.299895, 202.79996999999997, 1]",
amber-solid,dark,Button,,secondary,link,base/label,/__functional-colors,accented,idle,0,pass,8.66504714173752,"[68.99994, 221.99994, 196.999995, 1]","[40.99992, 40.99992, 40.99992, 1]",
amber-solid,dark,Button,,secondary,link,base/label,/__functional-colors,accented,hover,0,pass,8.66504714173752,"[68.99994, 221.99994, 196.999995, 1]","[40.99992, 40.99992, 40.99992, 1]",
amber-solid,dark,Button,,secondary,link,base/label,/__functional-colors,accented,active+hover,0,pass,8.66504714173752,"[68.99994, 221.99994, 196.999995, 1]","[40.99992, 40.99992, 40.99992, 1]",
amber-solid,dark,Button,,secondary,link,base/label,/__functional-colors,accented,keyboard-focus,0,pass,8.66504714173752,"[68.99994, 221.99994, 196.999995, 1]","[40.99992, 40.99992, 40.99992, 1]",
amber-solid,dark,Button,,secondary,link,base/label,/__functional-colors,accented,keyboard-active+focus,0,pass,8.66504714173752,"[68.99994, 221.99994, 196.999995, 1]","[40.99992, 40.99992, 40.99992, 1]",
amber-solid,dark,Button,,secondary,link,base/label,/__functional-colors,accented,focus+hover,0,pass,8.66504714173752,"[68.99994, 221.99994, 196.999995, 1]","[40.99992, 40.99992, 40.99992, 1]",
amber-solid,dark,semantic text,,success,,text,/__functional-colors,accented,idle,0,pass,8.259964433257608,"[107.999895, 218.00001, 117.00012, 1]","[40.99992, 40.99992, 40.99992, 1]",
amber-solid,dark,Badge,,success,solid,base,/__functional-colors,accented,idle,0,pass,10.170583825139756,"[23.079922500000002, 23.0863485, 23.086935, 1]","[107.999895, 218.00001, 117.00012, 1]",
amber-solid,dark,Alert,,success,solid,title,/__functional-colors,accented,idle,0,pass,10.170583825139756,"[23.079922500000002, 23.0863485, 23.086935, 1]","[107.999895, 218.00001, 117.00012, 1]",
amber-solid,dark,Alert,,success,solid,description,/__functional-colors,accented,idle,0,pass,10.170583825139756,"[23.079922500000002, 23.0863485, 23.086935, 1]","[107.999895, 218.00001, 117.00012, 1]",
amber-solid,dark,Badge,,success,outline,base,/__functional-colors,accented,idle,0,pass,8.259964433257608,"[107.999895, 218.00001, 117.00012, 1]","[40.99992, 40.99992, 40.99992, 1]",
amber-solid,dark,Alert,,success,outline,title,/__functional-colors,accented,idle,0,pass,8.259964433257608,"[107.999895, 218.00001, 117.00012, 1]","[40.99992, 40.99992, 40.99992, 1]",
amber-solid,dark,Alert,,success,outline,description,/__functional-colors,accented,idle,0,pass,8.259964433257608,"[107.999895, 218.00001, 117.00012, 1]","[40.99992, 40.99992, 40.99992, 1]",
amber-solid,dark,Badge,,success,soft,base,/__functional-colors,accented,idle,0,pass,6.670867594290186,"[107.999895, 218.00001, 117.00012, 1]","[47.699917500000005, 58.699929000000004, 48.599940000000004, 1]",
amber-solid,dark,Alert,,success,soft,title,/__functional-colors,accented,idle,0,pass,6.670867594290186,"[107.999895, 218.00001, 117.00012, 1]","[47.699917500000005, 58.699929000000004, 48.599940000000004, 1]",
amber-solid,dark,Alert,,success,soft,description,/__functional-colors,accented,idle,0,pass,6.670867594290186,"[107.999895, 218.00001, 117.00012, 1]","[47.699917500000005, 58.699929000000004, 48.599940000000004, 1]",
amber-solid,dark,Badge,,success,subtle,base,/__functional-colors,accented,idle,0,pass,6.670867594290186,"[107.999895, 218.00001, 117.00012, 1]","[47.699917500000005, 58.699929000000004, 48.599940000000004, 1]",
amber-solid,dark,Alert,,success,subtle,title,/__functional-colors,accented,idle,0,pass,6.670867594290186,"[107.999895, 218.00001, 117.00012, 1]","[47.699917500000005, 58.699929000000004, 48.599940000000004, 1]",
amber-solid,dark,Alert,,success,subtle,description,/__functional-colors,accented,idle,0,pass,6.670867594290186,"[107.999895, 218.00001, 117.00012, 1]","[47.699917500000005, 58.699929000000004, 48.599940000000004, 1]",
amber-solid,dark,Button,,success,solid,base/label,/__functional-colors,accented,idle,0,pass,10.170583825139756,"[23.079922500000002, 23.0863485, 23.086935, 1]","[107.999895, 218.00001, 117.00012, 1]",
amber-solid,dark,Button,,success,solid,base/label,/__functional-colors,accented,hover,0,pass,10.731899652794608,"[23.079922500000002, 23.0863485, 23.086935, 1]","[122.69988, 221.70005999999998, 130.79995499999998, 1]",
amber-solid,dark,Button,,success,solid,base/label,/__functional-colors,accented,active+hover,0,pass,11.336825127493679,"[23.079922500000002, 23.0863485, 23.086935, 1]","[137.40012, 225.40010999999998, 144.600045, 1]",
amber-solid,dark,Button,,success,solid,base/label,/__functional-colors,accented,keyboard-focus,0,pass,10.170583825139756,"[23.079922500000002, 23.0863485, 23.086935, 1]","[107.999895, 218.00001, 117.00012, 1]",
amber-solid,dark,Button,,success,solid,base/label,/__functional-colors,accented,keyboard-active+focus,0,pass,11.336825127493679,"[23.079922500000002, 23.0863485, 23.086935, 1]","[137.40012, 225.40010999999998, 144.600045, 1]",
amber-solid,dark,Button,,success,solid,base/label,/__functional-colors,accented,focus+hover,0,pass,10.731899652794608,"[23.079922500000002, 23.0863485, 23.086935, 1]","[122.69988, 221.70005999999998, 130.79995499999998, 1]",
amber-solid,dark,Button,,success,link,base/label,/__functional-colors,accented,idle,0,pass,8.259964433257608,"[107.999895, 218.00001, 117.00012, 1]","[40.99992, 40.99992, 40.99992, 1]",
amber-solid,dark,Button,,success,link,base/label,/__functional-colors,accented,hover,0,pass,8.259964433257608,"[107.999895, 218.00001, 117.00012, 1]","[40.99992, 40.99992, 40.99992, 1]",
amber-solid,dark,Button,,success,link,base/label,/__functional-colors,accented,active+hover,0,pass,8.259964433257608,"[107.999895, 218.00001, 117.00012, 1]","[40.99992, 40.99992, 40.99992, 1]",
amber-solid,dark,Button,,success,link,base/label,/__functional-colors,accented,keyboard-focus,0,pass,8.259964433257608,"[107.999895, 218.00001, 117.00012, 1]","[40.99992, 40.99992, 40.99992, 1]",
amber-solid,dark,Button,,success,link,base/label,/__functional-colors,accented,keyboard-active+focus,0,pass,8.259964433257608,"[107.999895, 218.00001, 117.00012, 1]","[40.99992, 40.99992, 40.99992, 1]",
amber-solid,dark,Button,,success,link,base/label,/__functional-colors,accented,focus+hover,0,pass,8.259964433257608,"[107.999895, 218.00001, 117.00012, 1]","[40.99992, 40.99992, 40.99992, 1]",
amber-solid,dark,semantic text,,info,,text,/__functional-colors,accented,idle,0,pass,6.1360143869647,"[82.000095, 174.000015, 255, 1]","[40.99992, 40.99992, 40.99992, 1]",
amber-solid,dark,Badge,,info,solid,base,/__functional-colors,accented,idle,0,pass,7.555341088832712,"[23.079922500000002, 23.0863485, 23.086935, 1]","[82.000095, 174.000015, 255, 1]",
amber-solid,dark,Alert,,info,solid,title,/__functional-colors,accented,idle,0,pass,7.555341088832712,"[23.079922500000002, 23.0863485, 23.086935, 1]","[82.000095, 174.000015, 255, 1]",
amber-solid,dark,Alert,,info,solid,description,/__functional-colors,accented,idle,0,pass,7.555341088832712,"[23.079922500000002, 23.0863485, 23.086935, 1]","[82.000095, 174.000015, 255, 1]",
amber-solid,dark,Badge,,info,outline,base,/__functional-colors,accented,idle,0,pass,6.1360143869647,"[82.000095, 174.000015, 255, 1]","[40.99992, 40.99992, 40.99992, 1]",
amber-solid,dark,Alert,,info,outline,title,/__functional-colors,accented,idle,0,pass,6.1360143869647,"[82.000095, 174.000015, 255, 1]","[40.99992, 40.99992, 40.99992, 1]",
amber-solid,dark,Alert,,info,outline,description,/__functional-colors,accented,idle,0,pass,6.1360143869647,"[82.000095, 174.000015, 255, 1]","[40.99992, 40.99992, 40.99992, 1]",
amber-solid,dark,Badge,,info,soft,base,/__functional-colors,accented,idle,0,pass,5.162312272573353,"[82.000095, 174.000015, 255, 1]","[45.099963, 54.299929500000005, 62.399928, 1]",
amber-solid,dark,Alert,,info,soft,title,/__functional-colors,accented,idle,0,pass,5.162312272573353,"[82.000095, 174.000015, 255, 1]","[45.099963, 54.299929500000005, 62.399928, 1]",
amber-solid,dark,Alert,,info,soft,description,/__functional-colors,accented,idle,0,pass,5.162312272573353,"[82.000095, 174.000015, 255, 1]","[45.099963, 54.299929500000005, 62.399928, 1]",
amber-solid,dark,Badge,,info,subtle,base,/__functional-colors,accented,idle,0,pass,5.162312272573353,"[82.000095, 174.000015, 255, 1]","[45.099963, 54.299929500000005, 62.399928, 1]",
amber-solid,dark,Alert,,info,subtle,title,/__functional-colors,accented,idle,0,pass,5.162312272573353,"[82.000095, 174.000015, 255, 1]","[45.099963, 54.299929500000005, 62.399928, 1]",
amber-solid,dark,Alert,,info,subtle,description,/__functional-colors,accented,idle,0,pass,5.162312272573353,"[82.000095, 174.000015, 255, 1]","[45.099963, 54.299929500000005, 62.399928, 1]",
amber-solid,dark,Button,,info,solid,base/label,/__functional-colors,accented,idle,0,pass,7.555341088832712,"[23.079922500000002, 23.0863485, 23.086935, 1]","[82.000095, 174.000015, 255, 1]",
amber-solid,dark,Button,,info,solid,base/label,/__functional-colors,accented,hover,0,pass,8.25490771991566,"[23.079922500000002, 23.0863485, 23.086935, 1]","[99.30006, 182.10009, 255, 1]",
amber-solid,dark,Button,,info,solid,base/label,/__functional-colors,accented,active+hover,0,pass,9.022852423578826,"[23.079922500000002, 23.0863485, 23.086935, 1]","[116.600025, 190.19991000000002, 255, 1]",
amber-solid,dark,Button,,info,solid,base/label,/__functional-colors,accented,keyboard-focus,0,pass,7.555341088832712,"[23.079922500000002, 23.0863485, 23.086935, 1]","[82.000095, 174.000015, 255, 1]",
amber-solid,dark,Button,,info,solid,base/label,/__functional-colors,accented,keyboard-active+focus,0,pass,9.022852423578826,"[23.079922500000002, 23.0863485, 23.086935, 1]","[116.600025, 190.19991000000002, 255, 1]",
amber-solid,dark,Button,,info,solid,base/label,/__functional-colors,accented,focus+hover,0,pass,8.25490771991566,"[23.079922500000002, 23.0863485, 23.086935, 1]","[99.30006, 182.10009, 255, 1]",
amber-solid,dark,Button,,info,link,base/label,/__functional-colors,accented,idle,0,pass,6.1360143869647,"[82.000095, 174.000015, 255, 1]","[40.99992, 40.99992, 40.99992, 1]",
amber-solid,dark,Button,,info,link,base/label,/__functional-colors,accented,hover,0,pass,6.1360143869647,"[82.000095, 174.000015, 255, 1]","[40.99992, 40.99992, 40.99992, 1]",
amber-solid,dark,Button,,info,link,base/label,/__functional-colors,accented,active+hover,0,pass,6.1360143869647,"[82.000095, 174.000015, 255, 1]","[40.99992, 40.99992, 40.99992, 1]",
amber-solid,dark,Button,,info,link,base/label,/__functional-colors,accented,keyboard-focus,0,pass,6.1360143869647,"[82.000095, 174.000015, 255, 1]","[40.99992, 40.99992, 40.99992, 1]",
amber-solid,dark,Button,,info,link,base/label,/__functional-colors,accented,keyboard-active+focus,0,pass,6.1360143869647,"[82.000095, 174.000015, 255, 1]","[40.99992, 40.99992, 40.99992, 1]",
amber-solid,dark,Button,,info,link,base/label,/__functional-colors,accented,focus+hover,0,pass,6.1360143869647,"[82.000095, 174.000015, 255, 1]","[40.99992, 40.99992, 40.99992, 1]",
amber-solid,dark,semantic text,,warning,,text,/__functional-colors,accented,idle,0,pass,8.101310025316701,"[244.000065, 182.999985, 63.9999, 1]","[40.99992, 40.99992, 40.99992, 1]",
amber-solid,dark,Badge,,warning,solid,base,/__functional-colors,accented,idle,0,pass,9.975230931282981,"[23.079922500000002, 23.0863485, 23.086935, 1]","[244.000065, 182.999985, 63.9999, 1]",
amber-solid,dark,Alert,,warning,solid,title,/__functional-colors,accented,idle,0,pass,9.975230931282981,"[23.079922500000002, 23.0863485, 23.086935, 1]","[244.000065, 182.999985, 63.9999, 1]",
amber-solid,dark,Alert,,warning,solid,description,/__functional-colors,accented,idle,0,pass,9.975230931282981,"[23.079922500000002, 23.0863485, 23.086935, 1]","[244.000065, 182.999985, 63.9999, 1]",
amber-solid,dark,Badge,,warning,outline,base,/__functional-colors,accented,idle,0,pass,8.101310025316701,"[244.000065, 182.999985, 63.9999, 1]","[40.99992, 40.99992, 40.99992, 1]",
amber-solid,dark,Alert,,warning,outline,title,/__functional-colors,accented,idle,0,pass,8.101310025316701,"[244.000065, 182.999985, 63.9999, 1]","[40.99992, 40.99992, 40.99992, 1]",
amber-solid,dark,Alert,,warning,outline,description,/__functional-colors,accented,idle,0,pass,8.101310025316701,"[244.000065, 182.999985, 63.9999, 1]","[40.99992, 40.99992, 40.99992, 1]",
amber-solid,dark,Badge,,warning,soft,base,/__functional-colors,accented,idle,0,pass,6.547852437480224,"[244.000065, 182.999985, 63.9999, 1]","[61.299909, 55.199926500000004, 43.299969000000004, 1]",
amber-solid,dark,Alert,,warning,soft,title,/__functional-colors,accented,idle,0,pass,6.547852437480224,"[244.000065, 182.999985, 63.9999, 1]","[61.299909, 55.199926500000004, 43.299969000000004, 1]",
amber-solid,dark,Alert,,warning,soft,description,/__functional-colors,accented,idle,0,pass,6.547852437480224,"[244.000065, 182.999985, 63.9999, 1]","[61.299909, 55.199926500000004, 43.299969000000004, 1]",
amber-solid,dark,Badge,,warning,subtle,base,/__functional-colors,accented,idle,0,pass,6.547852437480224,"[244.000065, 182.999985, 63.9999, 1]","[61.299909, 55.199926500000004, 43.299969000000004, 1]",
amber-solid,dark,Alert,,warning,subtle,title,/__functional-colors,accented,idle,0,pass,6.547852437480224,"[244.000065, 182.999985, 63.9999, 1]","[61.299909, 55.199926500000004, 43.299969000000004, 1]",
amber-solid,dark,Alert,,warning,subtle,description,/__functional-colors,accented,idle,0,pass,6.547852437480224,"[244.000065, 182.999985, 63.9999, 1]","[61.299909, 55.199926500000004, 43.299969000000004, 1]",
amber-solid,dark,Button,,warning,solid,base/label,/__functional-colors,accented,idle,0,pass,9.975230931282981,"[23.079922500000002, 23.0863485, 23.086935, 1]","[244.000065, 182.999985, 63.9999, 1]",
amber-solid,dark,Button,,warning,solid,base/label,/__functional-colors,accented,hover,0,pass,10.57231933351847,"[23.079922500000002, 23.0863485, 23.086935, 1]","[245.09988, 190.19991000000002, 83.09991, 1]",
amber-solid,dark,Button,,warning,solid,base/label,/__functional-colors,accented,active+hover,0,pass,11.209803503319694,"[23.079922500000002, 23.0863485, 23.086935, 1]","[246.19995, 197.40009, 102.19991999999999, 1]",
amber-solid,dark,Button,,warning,solid,base/label,/__functional-colors,accented,keyboard-focus,0,pass,9.975230931282981,"[23.079922500000002, 23.0863485, 23.086935, 1]","[244.000065, 182.999985, 63.9999, 1]",
amber-solid,dark,Button,,warning,solid,base/label,/__functional-colors,accented,keyboard-active+focus,0,pass,11.209803503319694,"[23.079922500000002, 23.0863485, 23.086935, 1]","[246.19995, 197.40009, 102.19991999999999, 1]",
amber-solid,dark,Button,,warning,solid,base/label,/__functional-colors,accented,focus+hover,0,pass,10.57231933351847,"[23.079922500000002, 23.0863485, 23.086935, 1]","[245.09988, 190.19991000000002, 83.09991, 1]",
amber-solid,dark,Button,,warning,link,base/label,/__functional-colors,accented,idle,0,pass,8.101310025316701,"[244.000065, 182.999985, 63.9999, 1]","[40.99992, 40.99992, 40.99992, 1]",
amber-solid,dark,Button,,warning,link,base/label,/__functional-colors,accented,hover,0,pass,8.101310025316701,"[244.000065, 182.999985, 63.9999, 1]","[40.99992, 40.99992, 40.99992, 1]",
amber-solid,dark,Button,,warning,link,base/label,/__functional-colors,accented,active+hover,0,pass,8.101310025316701,"[244.000065, 182.999985, 63.9999, 1]","[40.99992, 40.99992, 40.99992, 1]",
amber-solid,dark,Button,,warning,link,base/label,/__functional-colors,accented,keyboard-focus,0,pass,8.101310025316701,"[244.000065, 182.999985, 63.9999, 1]","[40.99992, 40.99992, 40.99992, 1]",
amber-solid,dark,Button,,warning,link,base/label,/__functional-colors,accented,keyboard-active+focus,0,pass,8.101310025316701,"[244.000065, 182.999985, 63.9999, 1]","[40.99992, 40.99992, 40.99992, 1]",
amber-solid,dark,Button,,warning,link,base/label,/__functional-colors,accented,focus+hover,0,pass,8.101310025316701,"[244.000065, 182.999985, 63.9999, 1]","[40.99992, 40.99992, 40.99992, 1]",
amber-solid,dark,semantic text,,error,,text,/__functional-colors,accented,idle,0,pass,6.208991379677504,"[255, 133.000095, 135.999915, 1]","[40.99992, 40.99992, 40.99992, 1]",
amber-solid,dark,Badge,,error,solid,base,/__functional-colors,accented,idle,0,pass,7.645198451741413,"[23.079922500000002, 23.0863485, 23.086935, 1]","[255, 133.000095, 135.999915, 1]",
amber-solid,dark,Alert,,error,solid,title,/__functional-colors,accented,idle,0,pass,7.645198451741413,"[23.079922500000002, 23.0863485, 23.086935, 1]","[255, 133.000095, 135.999915, 1]",
amber-solid,dark,Alert,,error,solid,description,/__functional-colors,accented,idle,0,pass,7.645198451741413,"[23.079922500000002, 23.0863485, 23.086935, 1]","[255, 133.000095, 135.999915, 1]",
amber-solid,dark,Badge,,error,outline,base,/__functional-colors,accented,idle,0,pass,6.208991379677504,"[255, 133.000095, 135.999915, 1]","[40.99992, 40.99992, 40.99992, 1]",
amber-solid,dark,Alert,,error,outline,title,/__functional-colors,accented,idle,0,pass,6.208991379677504,"[255, 133.000095, 135.999915, 1]","[40.99992, 40.99992, 40.99992, 1]",
amber-solid,dark,Alert,,error,outline,description,/__functional-colors,accented,idle,0,pass,6.208991379677504,"[255, 133.000095, 135.999915, 1]","[40.99992, 40.99992, 40.99992, 1]",
amber-solid,dark,Badge,,error,soft,base,/__functional-colors,accented,idle,0,pass,5.228967043872988,"[255, 133.000095, 135.999915, 1]","[62.399928, 50.199937500000004, 50.499945000000004, 1]",
amber-solid,dark,Alert,,error,soft,title,/__functional-colors,accented,idle,0,pass,5.228967043872988,"[255, 133.000095, 135.999915, 1]","[62.399928, 50.199937500000004, 50.499945000000004, 1]",
amber-solid,dark,Alert,,error,soft,description,/__functional-colors,accented,idle,0,pass,5.228967043872988,"[255, 133.000095, 135.999915, 1]","[62.399928, 50.199937500000004, 50.499945000000004, 1]",
amber-solid,dark,Badge,,error,subtle,base,/__functional-colors,accented,idle,0,pass,5.228967043872988,"[255, 133.000095, 135.999915, 1]","[62.399928, 50.199937500000004, 50.499945000000004, 1]",
amber-solid,dark,Alert,,error,subtle,title,/__functional-colors,accented,idle,0,pass,5.228967043872988,"[255, 133.000095, 135.999915, 1]","[62.399928, 50.199937500000004, 50.499945000000004, 1]",
amber-solid,dark,Alert,,error,subtle,description,/__functional-colors,accented,idle,0,pass,5.228967043872988,"[255, 133.000095, 135.999915, 1]","[62.399928, 50.199937500000004, 50.499945000000004, 1]",
amber-solid,dark,Button,,error,solid,base/label,/__functional-colors,accented,idle,0,pass,7.645198451741413,"[23.079922500000002, 23.0863485, 23.086935, 1]","[255, 133.000095, 135.999915, 1]",
amber-solid,dark,Button,,error,solid,base/label,/__functional-colors,accented,hover,0,pass,8.30957866051636,"[23.079922500000002, 23.0863485, 23.086935, 1]","[255, 145.20006, 147.89999999999998, 1]",
amber-solid,dark,Button,,error,solid,base/label,/__functional-colors,accented,active+hover,0,pass,9.04891554369144,"[23.079922500000002, 23.0863485, 23.086935, 1]","[255, 157.400025, 159.800085, 1]",
amber-solid,dark,Button,,error,solid,base/label,/__functional-colors,accented,keyboard-focus,0,pass,7.645198451741413,"[23.079922500000002, 23.0863485, 23.086935, 1]","[255, 133.000095, 135.999915, 1]",
amber-solid,dark,Button,,error,solid,base/label,/__functional-colors,accented,keyboard-active+focus,0,pass,9.04891554369144,"[23.079922500000002, 23.0863485, 23.086935, 1]","[255, 157.400025, 159.800085, 1]",
amber-solid,dark,Button,,error,solid,base/label,/__functional-colors,accented,focus+hover,0,pass,8.30957866051636,"[23.079922500000002, 23.0863485, 23.086935, 1]","[255, 145.20006, 147.89999999999998, 1]",
amber-solid,dark,Button,,error,link,base/label,/__functional-colors,accented,idle,0,pass,6.208991379677504,"[255, 133.000095, 135.999915, 1]","[40.99992, 40.99992, 40.99992, 1]",
amber-solid,dark,Button,,error,link,base/label,/__functional-colors,accented,hover,0,pass,6.208991379677504,"[255, 133.000095, 135.999915, 1]","[40.99992, 40.99992, 40.99992, 1]",
amber-solid,dark,Button,,error,link,base/label,/__functional-colors,accented,active+hover,0,pass,6.208991379677504,"[255, 133.000095, 135.999915, 1]","[40.99992, 40.99992, 40.99992, 1]",
amber-solid,dark,Button,,error,link,base/label,/__functional-colors,accented,keyboard-focus,0,pass,6.208991379677504,"[255, 133.000095, 135.999915, 1]","[40.99992, 40.99992, 40.99992, 1]",
amber-solid,dark,Button,,error,link,base/label,/__functional-colors,accented,keyboard-active+focus,0,pass,6.208991379677504,"[255, 133.000095, 135.999915, 1]","[40.99992, 40.99992, 40.99992, 1]",
amber-solid,dark,Button,,error,link,base/label,/__functional-colors,accented,focus+hover,0,pass,6.208991379677504,"[255, 133.000095, 135.999915, 1]","[40.99992, 40.99992, 40.99992, 1]",
amber-solid,dark,FormField,,error,,error,,accented,visible,0,pass,6.208991379677504,"[255, 133.000095, 135.999915, 1]","[40.99992, 40.99992, 40.99992, 1]",
amber-solid,dark,API fixture,F1,,,,,accented,idle,0,pass,6.208991379677504,"[255, 133.000095, 135.999915, 1]","[40.99992, 40.99992, 40.99992, 1]",
amber-solid,dark,API fixture,F2,,,,,accented,idle,0,pass,8.101310025316701,"[244.000065, 182.999985, 63.9999, 1]","[40.99992, 40.99992, 40.99992, 1]",
amber-solid,dark,API fixture,F5-field-caveat,,,,,accented,idle,0,pass,6.547852437480224,"[244.000065, 182.999985, 63.9999, 1]","[61.299909, 55.199926500000004, 43.299969000000004, 1]",
amber-solid,dark,API fixture,F5-field-caveat,,,,,accented,idle,1,pass,4.551121906832344,"[161.000115, 161.000115, 161.000115, 1]","[61.299909, 55.199926500000004, 43.299969000000004, 1]",
amber-solid,dark,API fixture,value-caveat,,,,,accented,idle,0,pass,6.547852437480224,"[244.000065, 182.999985, 63.9999, 1]","[61.299909, 55.199926500000004, 43.299969000000004, 1]",
amber-solid,dark,API fixture,value-caveat,,,,,accented,idle,1,pass,4.551121906832344,"[161.000115, 161.000115, 161.000115, 1]","[61.299909, 55.199926500000004, 43.299969000000004, 1]",
amber-solid,dark,ResponseExample,,,,status/statusText,,accented,single status visible,0,pass,7.9054395961421475,"[107.999895, 218.00001, 117.00012, 1]","[36.0000534, 47.0000649, 36.9000759, 1]",
amber-solid,dark,ResponseExample,,,,status/statusText,,accented,single status visible,1,pass,7.9054395961421475,"[107.999895, 218.00001, 117.00012, 1]","[36.0000534, 47.0000649, 36.9000759, 1]",
amber-solid,dark,ResponseExample,,,,status/statusText,,accented,single status visible,2,pass,6.095653619441885,"[82.000095, 174.000015, 255, 1]","[33.4000989, 42.6000654, 50.700063899999996, 1]",
amber-solid,dark,ResponseExample,,,,status/statusText,,accented,single status visible,3,pass,6.095653619441885,"[82.000095, 174.000015, 255, 1]","[33.4000989, 42.6000654, 50.700063899999996, 1]",
amber-solid,dark,ResponseExample,,,,status/statusText,,accented,single status visible,4,pass,7.760385422077901,"[244.000065, 182.999985, 63.9999, 1]","[49.6000449, 43.5000624, 31.600104899999998, 1]",
amber-solid,dark,ResponseExample,,,,status/statusText,,accented,single status visible,5,pass,7.760385422077901,"[244.000065, 182.999985, 63.9999, 1]","[49.6000449, 43.5000624, 31.600104899999998, 1]",
amber-solid,dark,ResponseExample,,,,status/statusText,,accented,single status visible,6,pass,6.172862001320169,"[255, 133.000095, 135.999915, 1]","[50.700063899999996, 38.500073400000005, 38.8000809, 1]",
amber-solid,dark,ResponseExample,,,,status/statusText,,accented,single status visible,7,pass,6.172862001320169,"[255, 133.000095, 135.999915, 1]","[50.700063899999996, 38.500073400000005, 38.8000809, 1]",
amber-solid,dark,LifecycleNotice,,,,,,accented,idle,0,pass,6.547852437480224,"[244.000065, 182.999985, 63.9999, 1]","[61.299909, 55.199926500000004, 43.299969000000004, 1]",
amber-solid,dark,LifecycleNotice,,,,,,accented,idle,1,pass,6.547852437480224,"[244.000065, 182.999985, 63.9999, 1]","[61.299909, 55.199926500000004, 43.299969000000004, 1]",
amber-solid,dark,LifecycleNotice,,,,,,accented,idle,2,pass,6.670867594290186,"[107.999895, 218.00001, 117.00012, 1]","[47.699917500000005, 58.699929000000004, 48.599940000000004, 1]",
amber-solid,dark,LifecycleNotice,,,,,,accented,idle,3,pass,6.670867594290186,"[107.999895, 218.00001, 117.00012, 1]","[47.699917500000005, 58.699929000000004, 48.599940000000004, 1]",
amber-solid,dark,LifecycleNotice,,,,,,accented,idle,4,pass,6.547852437480224,"[244.000065, 182.999985, 63.9999, 1]","[61.299909, 55.199926500000004, 43.299969000000004, 1]",
amber-solid,dark,LifecycleNotice,,,,,,accented,idle,5,pass,6.547852437480224,"[244.000065, 182.999985, 63.9999, 1]","[61.299909, 55.199926500000004, 43.299969000000004, 1]",
amber-solid,dark,LifecycleNotice,,,,,,accented,idle,6,pass,15.52290896091668,"[255, 255, 255, 1]","[36.0000075, 36.0000075, 36.0000075, 1]",
amber-solid,dark,LifecycleNotice,,,,,,accented,idle,7,pass,12.797359293406371,"[233.10000075, 233.10000075, 233.10000075, 1]","[36.0000075, 36.0000075, 36.0000075, 1]",
amber-solid,dark,LifecycleNotice,,,,,,accented,idle,8,pass,5.228967043872988,"[255, 133.000095, 135.999915, 1]","[62.399928, 50.199937500000004, 50.499945000000004, 1]",
amber-solid,dark,LifecycleNotice,,,,,,accented,idle,9,pass,5.228967043872988,"[255, 133.000095, 135.999915, 1]","[62.399928, 50.199937500000004, 50.499945000000004, 1]",
amber-solid,dark,FieldAnnotation,,,,required,,portal own bg-default,open,0,pass,8.449594779719497,"[255, 133.000095, 135.999915, 1]","[10.0000035, 10.0000035, 10.0000035, 1]",
amber-solid,dark,FieldAnnotation,,,,conditional,,portal own bg-default,open,0,pass,11.024783690770832,"[244.000065, 182.999985, 63.9999, 1]","[10.0000035, 10.0000035, 10.0000035, 1]",
amber-solid,dark,FormField,,error,,required ::after,,default,,,unverified,,,,Existing measure has no generated-content glyph geometry; computed pseudo retained without claiming ratio.
amber-solid,dark,FormField required+error,,,,error,,default,required marker present,0,unresolved,,,,"Error: locator.evaluate: Error: unresolved: unmodeled ::after on LABEL
    at fail (eval at evaluate (:311:30), <anonymous>:152:13)
    at supportedPseudos (eval at evaluate (:311:30), <anonymous>:395:475)
    at eval (eval at evaluate (:311:30), <anonymous>:493:13)
    at UtilityScript.evaluate (<anonymous>:313:16)
    at UtilityScript.<anonymous> (<anonymous>:1:44)"
amber-solid,dark,FormField,,error,,required ::after,,muted,,,unverified,,,,Existing measure has no generated-content glyph geometry; computed pseudo retained without claiming ratio.
amber-solid,dark,FormField required+error,,,,error,,muted,required marker present,0,unresolved,,,,"Error: locator.evaluate: Error: unresolved: unmodeled ::after on LABEL
    at fail (eval at evaluate (:311:30), <anonymous>:152:13)
    at supportedPseudos (eval at evaluate (:311:30), <anonymous>:395:475)
    at eval (eval at evaluate (:311:30), <anonymous>:493:13)
    at UtilityScript.evaluate (<anonymous>:313:16)
    at UtilityScript.<anonymous> (<anonymous>:1:44)"
amber-solid,dark,FormField,,error,,required ::after,,elevated,,,unverified,,,,Existing measure has no generated-content glyph geometry; computed pseudo retained without claiming ratio.
amber-solid,dark,FormField required+error,,,,error,,elevated,required marker present,0,unresolved,,,,"Error: locator.evaluate: Error: unresolved: unmodeled ::after on LABEL
    at fail (eval at evaluate (:311:30), <anonymous>:152:13)
    at supportedPseudos (eval at evaluate (:311:30), <anonymous>:395:475)
    at eval (eval at evaluate (:311:30), <anonymous>:493:13)
    at UtilityScript.evaluate (<anonymous>:313:16)
    at UtilityScript.<anonymous> (<anonymous>:1:44)"
amber-solid,dark,FormField,,error,,required ::after,,accented,,,unverified,,,,Existing measure has no generated-content glyph geometry; computed pseudo retained without claiming ratio.
amber-solid,dark,FormField required+error,,,,error,,accented,required marker present,0,unresolved,,,,"Error: locator.evaluate: Error: unresolved: unmodeled ::after on LABEL
    at fail (eval at evaluate (:311:30), <anonymous>:152:13)
    at supportedPseudos (eval at evaluate (:311:30), <anonymous>:395:475)
    at eval (eval at evaluate (:311:30), <anonymous>:493:13)
    at UtilityScript.evaluate (<anonymous>:313:16)
    at UtilityScript.<anonymous> (<anonymous>:1:44)"
amber-solid,dark,,F1,error,,,/kits/api-docs,actual page layers,visible idle,0,pass,8.449594779719497,"[255, 133.000095, 135.999915, 1]","[10.0000035, 10.0000035, 10.0000035, 1]",
amber-solid,dark,,F1,error,,,/kits/api-docs,actual page layers,visible idle,1,pass,8.449594779719497,"[255, 133.000095, 135.999915, 1]","[10.0000035, 10.0000035, 10.0000035, 1]",
amber-solid,dark,,F1,error,,,/kits/api-docs,actual page layers,visible idle,2,pass,8.449594779719497,"[255, 133.000095, 135.999915, 1]","[10.0000035, 10.0000035, 10.0000035, 1]",
amber-solid,dark,,F2,warning,,,/kits/api-docs,actual page layers,visible idle,0,pass,11.024783690770832,"[244.000065, 182.999985, 63.9999, 1]","[10.0000035, 10.0000035, 10.0000035, 1]",
amber-solid,dark,,F2,warning,,,/kits/api-docs,actual page layers,visible idle,1,pass,11.024783690770832,"[244.000065, 182.999985, 63.9999, 1]","[10.0000035, 10.0000035, 10.0000035, 1]",
amber-solid,dark,,F2,warning,,,/kits/api-docs,actual page layers,visible idle,2,pass,11.024783690770832,"[244.000065, 182.999985, 63.9999, 1]","[10.0000035, 10.0000035, 10.0000035, 1]",
amber-solid,dark,,F3,info,,,/kits/api-docs,actual page layers,visible idle,0,pass,7.385846572542687,"[82.000095, 174.000015, 255, 1]","[17.20003815, 26.40000465, 34.50000315, 1]",
amber-solid,dark,,F4,success,,,/kits/api-docs,actual page layers,visible idle,0,pass,9.663333524293087,"[107.999895, 218.00001, 117.00012, 1]","[19.79999265, 30.80000415, 20.70001515, 1]",
amber-solid,dark,,F4,success,,,/kits/api-docs,actual page layers,visible idle,1,pass,9.663333524293087,"[107.999895, 218.00001, 117.00012, 1]","[19.79999265, 30.80000415, 20.70001515, 1]",
amber-solid,dark,,F4,success,,,/kits/api-docs,actual page layers,visible idle,2,pass,9.663333524293087,"[107.999895, 218.00001, 117.00012, 1]","[19.79999265, 30.80000415, 20.70001515, 1]",
amber-solid,dark,,F4,success,,,/kits/api-docs,actual page layers,visible idle,3,pass,9.663333524293087,"[107.999895, 218.00001, 117.00012, 1]","[19.79999265, 30.80000415, 20.70001515, 1]",
amber-solid,dark,,F4,success,,,/kits/api-docs,actual page layers,visible idle,4,pass,9.663333524293087,"[107.999895, 218.00001, 117.00012, 1]","[19.79999265, 30.80000415, 20.70001515, 1]",
amber-solid,dark,,F4,success,,,/kits/api-docs,actual page layers,visible idle,5,pass,9.663333524293087,"[107.999895, 218.00001, 117.00012, 1]","[19.79999265, 30.80000415, 20.70001515, 1]",
amber-solid,dark,,F4,success,,,/kits/api-docs,actual page layers,visible idle,6,pass,9.663333524293087,"[107.999895, 218.00001, 117.00012, 1]","[19.79999265, 30.80000415, 20.70001515, 1]",
amber-solid,dark,,F5,warning,,,/kits/api-docs,actual page layers,visible idle,0,pass,9.48682753567006,"[244.000065, 182.999985, 63.9999, 1]","[33.39998415, 27.30000165, 15.40004415, 1]",
amber-solid,dark,,F5,warning,,,/kits/api-docs,actual page layers,visible idle,1,pass,9.48682753567006,"[244.000065, 182.999985, 63.9999, 1]","[33.39998415, 27.30000165, 15.40004415, 1]",
amber-solid,dark,,F5,warning,,,/kits/api-docs,actual page layers,visible idle,2,pass,9.48682753567006,"[244.000065, 182.999985, 63.9999, 1]","[33.39998415, 27.30000165, 15.40004415, 1]",
amber-solid,dark,,F5,warning,,,/kits/api-docs,actual page layers,visible idle,3,pass,9.48682753567006,"[244.000065, 182.999985, 63.9999, 1]","[33.39998415, 27.30000165, 15.40004415, 1]",
amber-solid,dark,,F5,warning,,,/kits/api-docs,actual page layers,visible idle,4,pass,9.48682753567006,"[244.000065, 182.999985, 63.9999, 1]","[33.39998415, 27.30000165, 15.40004415, 1]",
amber-solid,dark,,F6,secondary,,,/kits/api-docs,actual page layers,visible idle,0,pass,10.108178889571581,"[68.99994, 221.99994, 196.999995, 1]","[15.90002265, 31.19999715, 28.700002650000002, 1]",
amber-solid,dark,,F7,error,,,/kits/api-docs,actual page layers,visible idle,0,pass,7.475920865733439,"[255, 133.000095, 135.999915, 1]","[34.50000315, 22.30001265, 22.60002015, 1]",
amber-solid,dark,,F8,error,,,/kits/api-docs,actual page layers,visible idle,0,pass,7.645198451741413,"[23.079922500000002, 23.0863485, 23.086935, 1]","[255, 133.000095, 135.999915, 1]",
amber-solid,dark,,F9,success,,,/kits/api-docs,actual page layers,visible idle,0,pass,7.9054395961421475,"[107.999895, 218.00001, 117.00012, 1]","[36.0000534, 47.0000649, 36.9000759, 1]",
amber-solid,dark,,F9,success,,,/kits/api-docs,actual page layers,visible idle,1,pass,7.9054395961421475,"[107.999895, 218.00001, 117.00012, 1]","[36.0000534, 47.0000649, 36.9000759, 1]",
amber-solid,dark,,F9,success,,,/kits/api-docs,actual page layers,visible idle,2,pass,7.9054395961421475,"[107.999895, 218.00001, 117.00012, 1]","[36.0000534, 47.0000649, 36.9000759, 1]",
amber-solid,dark,,response-statusText,,,,/kits/api-docs,actual page layers,visible idle,0,pass,7.9054395961421475,"[107.999895, 218.00001, 117.00012, 1]","[36.0000534, 47.0000649, 36.9000759, 1]",
amber-solid,dark,,response-statusText,,,,/kits/api-docs,actual page layers,visible idle,1,pass,7.9054395961421475,"[107.999895, 218.00001, 117.00012, 1]","[36.0000534, 47.0000649, 36.9000759, 1]",
amber-solid,dark,,actual-page-alert,,,,/kits/api-docs,actual page layers,visible idle,0,pass,18.342311589864977,"[255, 255, 255, 1]","[20.50004925, 20.50004925, 20.50004925, 1]",
amber-solid,dark,,actual-page-alert,,,,/kits/api-docs,actual page layers,visible idle,1,pass,14.90818494089761,"[231.550004925, 231.550004925, 231.550004925, 1]","[20.50004925, 20.50004925, 20.50004925, 1]",
amber-solid,dark,,F1,error,,,/kits/api-docs/endpoint-reference,actual page layers,visible idle,0,pass,8.449594779719497,"[255, 133.000095, 135.999915, 1]","[10.0000035, 10.0000035, 10.0000035, 1]",
amber-solid,dark,,F1,error,,,/kits/api-docs/endpoint-reference,actual page layers,visible idle,1,pass,8.449594779719497,"[255, 133.000095, 135.999915, 1]","[10.0000035, 10.0000035, 10.0000035, 1]",
amber-solid,dark,,F1,error,,,/kits/api-docs/endpoint-reference,actual page layers,visible idle,2,pass,8.449594779719497,"[255, 133.000095, 135.999915, 1]","[10.0000035, 10.0000035, 10.0000035, 1]",
amber-solid,dark,,F1,error,,,/kits/api-docs/endpoint-reference,actual page layers,visible idle,3,pass,8.449594779719497,"[255, 133.000095, 135.999915, 1]","[10.0000035, 10.0000035, 10.0000035, 1]",
amber-solid,dark,,F1,error,,,/kits/api-docs/endpoint-reference,actual page layers,visible idle,4,pass,8.449594779719497,"[255, 133.000095, 135.999915, 1]","[10.0000035, 10.0000035, 10.0000035, 1]",
amber-solid,dark,,F1,error,,,/kits/api-docs/endpoint-reference,actual page layers,visible idle,5,pass,8.449594779719497,"[255, 133.000095, 135.999915, 1]","[10.0000035, 10.0000035, 10.0000035, 1]",
amber-solid,dark,,F1,error,,,/kits/api-docs/endpoint-reference,actual page layers,visible idle,6,pass,8.449594779719497,"[255, 133.000095, 135.999915, 1]","[10.0000035, 10.0000035, 10.0000035, 1]",
amber-solid,dark,,F1,error,,,/kits/api-docs/endpoint-reference,actual page layers,visible idle,7,pass,8.449594779719497,"[255, 133.000095, 135.999915, 1]","[10.0000035, 10.0000035, 10.0000035, 1]",
amber-solid,dark,,F1,error,,,/kits/api-docs/endpoint-reference,actual page layers,visible idle,8,pass,8.449594779719497,"[255, 133.000095, 135.999915, 1]","[10.0000035, 10.0000035, 10.0000035, 1]",
amber-solid,dark,,F2,warning,,,/kits/api-docs/endpoint-reference,actual page layers,visible idle,0,pass,11.024783690770832,"[244.000065, 182.999985, 63.9999, 1]","[10.0000035, 10.0000035, 10.0000035, 1]",
amber-solid,dark,,F2,warning,,,/kits/api-docs/endpoint-reference,actual page layers,visible idle,1,pass,11.024783690770832,"[244.000065, 182.999985, 63.9999, 1]","[10.0000035, 10.0000035, 10.0000035, 1]",
amber-solid,dark,,F3,info,,,/kits/api-docs/endpoint-reference,actual page layers,visible idle,0,pass,7.385846572542687,"[82.000095, 174.000015, 255, 1]","[17.20003815, 26.40000465, 34.50000315, 1]",
amber-solid,dark,,F3,info,,,/kits/api-docs/endpoint-reference,actual page layers,visible idle,1,pass,7.385846572542687,"[82.000095, 174.000015, 255, 1]","[17.20003815, 26.40000465, 34.50000315, 1]",
amber-solid,dark,,F4,success,,,/kits/api-docs/endpoint-reference,actual page layers,visible idle,0,pass,9.663333524293087,"[107.999895, 218.00001, 117.00012, 1]","[19.79999265, 30.80000415, 20.70001515, 1]",
amber-solid,dark,,F4,success,,,/kits/api-docs/endpoint-reference,actual page layers,visible idle,1,pass,9.663333524293087,"[107.999895, 218.00001, 117.00012, 1]","[19.79999265, 30.80000415, 20.70001515, 1]",
amber-solid,dark,,F5,warning,,,/kits/api-docs/endpoint-reference,actual page layers,visible idle,0,pass,9.48682753567006,"[244.000065, 182.999985, 63.9999, 1]","[33.39998415, 27.30000165, 15.40004415, 1]",
amber-solid,dark,,F5-field-caveat,warning,,,/kits/api-docs/endpoint-reference,actual page layers,visible idle,0,pass,9.48682753567006,"[244.000065, 182.999985, 63.9999, 1]","[33.39998415, 27.30000165, 15.40004415, 1]",
amber-solid,dark,,F5-field-caveat,warning,,,/kits/api-docs/endpoint-reference,actual page layers,visible idle,1,pass,6.593873187610103,"[161.000115, 161.000115, 161.000115, 1]","[33.39998415, 27.30000165, 15.40004415, 1]",
amber-solid,dark,,F9,success,,,/kits/api-docs/endpoint-reference,actual page layers,visible idle,0,pass,7.9054395961421475,"[107.999895, 218.00001, 117.00012, 1]","[36.0000534, 47.0000649, 36.9000759, 1]",
amber-solid,dark,,F1,error,,,/kits/api-docs/webhook-reference,actual page layers,visible idle,0,pass,8.449594779719497,"[255, 133.000095, 135.999915, 1]","[10.0000035, 10.0000035, 10.0000035, 1]",
amber-solid,dark,,F1,error,,,/kits/api-docs/webhook-reference,actual page layers,visible idle,1,pass,8.449594779719497,"[255, 133.000095, 135.999915, 1]","[10.0000035, 10.0000035, 10.0000035, 1]",
amber-solid,dark,,F1,error,,,/kits/api-docs/webhook-reference,actual page layers,visible idle,2,pass,8.449594779719497,"[255, 133.000095, 135.999915, 1]","[10.0000035, 10.0000035, 10.0000035, 1]",
amber-solid,dark,,F1,error,,,/kits/api-docs/webhook-reference,actual page layers,visible idle,3,pass,8.449594779719497,"[255, 133.000095, 135.999915, 1]","[10.0000035, 10.0000035, 10.0000035, 1]",
amber-solid,dark,,F1,error,,,/kits/api-docs/webhook-reference,actual page layers,visible idle,4,pass,8.449594779719497,"[255, 133.000095, 135.999915, 1]","[10.0000035, 10.0000035, 10.0000035, 1]",
amber-solid,dark,,F1,error,,,/kits/api-docs/webhook-reference,actual page layers,visible idle,5,pass,8.449594779719497,"[255, 133.000095, 135.999915, 1]","[10.0000035, 10.0000035, 10.0000035, 1]",
amber-solid,dark,,F1,error,,,/kits/api-docs/webhook-reference,actual page layers,visible idle,6,pass,8.449594779719497,"[255, 133.000095, 135.999915, 1]","[10.0000035, 10.0000035, 10.0000035, 1]",
amber-solid,dark,,F1,error,,,/kits/api-docs/webhook-reference,actual page layers,visible idle,7,pass,8.449594779719497,"[255, 133.000095, 135.999915, 1]","[10.0000035, 10.0000035, 10.0000035, 1]",
amber-solid,dark,,F1,error,,,/kits/api-docs/webhook-reference,actual page layers,visible idle,8,pass,8.449594779719497,"[255, 133.000095, 135.999915, 1]","[10.0000035, 10.0000035, 10.0000035, 1]",
amber-solid,dark,,F9,success,,,/kits/api-docs/webhook-reference,actual page layers,visible idle,,unverified,,,,required selector matched zero nodes
